Arches terminology,Universal terminology,User form,1,2,3,4,5,6,7,8,9,10,11,12,13,14,15,16,17,18,19,20,21,22,23,24,25,26,27,28,29,30,31,32,33,34,35,36,37,38,39,40,41,42,43,44,45,46,47,48,49,50,51,52,53,54,55,56,57,58,59,60,61,62,63,64,65,66,67,68,69,70,71,72,73,74,75,76,77,78,79,80,81,82,83,84,85,86,87,88,89,90,91,92,93,94,95,96,97,98,99,100,101,102,103,104,105,106,107,108,109,110,111,112,113,114,115,116,117,118,119,120,121,122,123,124,125,126,127,128,129
CIDOC CRM Semantic Node Class,CIDOC CRM Semantic Node Class,,,,,,,,,,,,,,,,,,,,,,,,,,,,,,,,,,,,,,,,,,,,,,,,,,,,,,,,,,,,,,,,,,,,,,,,,,,,,,,,,,,,,,,,,,,,,,,,,,,,,,,,,,,,,,,,,,,,,,,,E30 Right,,,,,E66 Formation,,,E66 Formation,,
CIDOC CRM Node Class,CIDOC CRM Node Class,,E42 Identifier,E41 Appellation,E55 Type,,E41 Appellation,E55 Type,,E41 Appellation,E50 Date,E50 Date,E55 Type,E55 Type,,E38 Image,,E55 Type,E4 Period,E55 Type,,E55 Type,E53 Place,E3 Condition State,E94 Space Primitive,E94 Space Primitive,E94 Space Primitive,E94 Space Primitive,E55 Type,E94 Space Primitive,E55 Type,E73 Information Object,E17 Type Assignment,E55 Type,E55 Type,E62 String,E45 Address,E48 Place Name,E45 Address,E62 String,E55 Type,E51 Contact Point,E41 Appellation,E50 Date,E50 Date,,E55 Type,E55 Type,E55 Type,,E55 Type,E55 Type,E55 Type,E60 Number,E48 Place Name,E42 Identifier,,E54 Dimension,,E54 Dimension,E60 Number,,E55 Type,E42 Identifier,E4 Period,E55 Type,,,,,E42 Identifier,E55 Type,E62 String,E55 Type,E16 Measurement,E16 Measurement,E42 Identifier,E62 String,E16 Measurement,E62 String,E50 Date,E50 Date,E62 String,E55 Type,E55 Type,E55 Type,E55 Type,E55 Type,E50 Date,E62 String,E50 Date,E50 Date,E39 Actor,E55 Type,E3 Condition State,E55 Type,E55 Type,E55 Type,E17 Type Assignment,E17 Type Assignment,,E62 String,E50 Date,E50 Date,E39 Actor,E17 Type Assignment,E55 Type,E17 Type Assignment,E17 Type Assignment,,E62 String,E55 Type,E82 Actor Appellation,E50 Date,E62 String,E62 String,E62 String,E82 Actor Appellation,E50 Date,E31 Document,E55 Type,E55 Type,E1 CRM Entity,E62 String,E62 String,E39 Actor,E62 String,E50 Date,E82 Actor Appellation,E50 Date,E50 Date
CIDOC CRM Scope note,CIDOC CRM Scope note,,"This class comprises strings or codes assigned to instances of E1 CRM Entity in order to identify them
 uniquely and permanently within the context of one or more organisations. Such codes are often known
 as inventory numbers, registration codes, etc. and are typically composed of alphanumeric sequences.
 The class E42 Identifier is not normally used for machine-generated identifiers used for automated
 processing unless these are also used by human agents","This class comprises signs, either meaningful or not, or arrangements of signs following a specific
 syntax, that are used or can be used to refer to and identify a specific instance of some class or category
 within a certain context.
 Instances of E41 Appellation do not identify things by their meaning, even if they happen to have one,
 but instead by convention, tradition, or agreement. Instances of E41 Appellation are cultural constructs;
 as such, they have a context, a history, and a use in time and space by some group of users. A given
 instance of E41 Appellation can have alternative forms, i.e., other instances of E41 Appellation that are
 always regarded as equivalent independent from the thing it denotes.
 Specific subclasses of E41 Appellation should be used when instances of E41 Appellation of a
 characteristic form are used for particular objects. Instances of E49 Time Appellation, for example,
 which take the form of instances of E50 Date, can be easily recognised.
 E41 Appellation should not be confused with the act of naming something. Cf. E15 Identifier
 Assignment","This class comprises concepts denoted by terms from thesauri and controlled vocabularies used to
 characterize and classify instances of CRM classes. Instances of E55 Type represent concepts in
 contrast to instances of E41 Appellation which are used to name instances of CRM classes.
 E55 Type is the CRM’s interface to domain specific ontologies and thesauri. These can be represented
 in the CRM as subclasses of E55 Type, forming hierarchies of terms, i.e. instances of E55 Type linked
 via P127 has broader term (has narrower term). Such hierarchies may be extended with additional
 properties.",,"This class comprises signs, either meaningful or not, or arrangements of signs following a specific
 syntax, that are used or can be used to refer to and identify a specific instance of some class or category
 within a certain context.
 Instances of E41 Appellation do not identify things by their meaning, even if they happen to have one,
 but instead by convention, tradition, or agreement. Instances of E41 Appellation are cultural constructs;
 as such, they have a context, a history, and a use in time and space by some group of users. A given
 instance of E41 Appellation can have alternative forms, i.e., other instances of E41 Appellation that are
 always regarded as equivalent independent from the thing it denotes.
 Specific subclasses of E41 Appellation should be used when instances of E41 Appellation of a
 characteristic form are used for particular objects. Instances of E49 Time Appellation, for example,
 which take the form of instances of E50 Date, can be easily recognised.
 E41 Appellation should not be confused with the act of naming something. Cf. E15 Identifier
 Assignment","This class comprises concepts denoted by terms from thesauri and controlled vocabularies used to
 characterize and classify instances of CRM classes. Instances of E55 Type represent concepts in
 contrast to instances of E41 Appellation which are used to name instances of CRM classes.
 E55 Type is the CRM’s interface to domain specific ontologies and thesauri. These can be represented
 in the CRM as subclasses of E55 Type, forming hierarchies of terms, i.e. instances of E55 Type linked
 via P127 has broader term (has narrower term). Such hierarchies may be extended with additional
 properties.",,"This class comprises signs, either meaningful or not, or arrangements of signs following a specific
 syntax, that are used or can be used to refer to and identify a specific instance of some class or category
 within a certain context.
 Instances of E41 Appellation do not identify things by their meaning, even if they happen to have one,
 but instead by convention, tradition, or agreement. Instances of E41 Appellation are cultural constructs;
 as such, they have a context, a history, and a use in time and space by some group of users. A given
 instance of E41 Appellation can have alternative forms, i.e., other instances of E41 Appellation that are
 always regarded as equivalent independent from the thing it denotes.
 Specific subclasses of E41 Appellation should be used when instances of E41 Appellation of a
 characteristic form are used for particular objects. Instances of E49 Time Appellation, for example,
 which take the form of instances of E50 Date, can be easily recognised.
 E41 Appellation should not be confused with the act of naming something. Cf. E15 Identifier
 Assignment","This class comprises specific forms of E49 Time Appellation.
 Dates may vary in their degree of precision.","This class comprises specific forms of E49 Time Appellation.
 Dates may vary in their degree of precision.","This class comprises concepts denoted by terms from thesauri and controlled vocabularies used to
 characterize and classify instances of CRM classes. Instances of E55 Type represent concepts in
 contrast to instances of E41 Appellation which are used to name instances of CRM classes.
 E55 Type is the CRM’s interface to domain specific ontologies and thesauri. These can be represented
 in the CRM as subclasses of E55 Type, forming hierarchies of terms, i.e. instances of E55 Type linked
 via P127 has broader term (has narrower term). Such hierarchies may be extended with additional
 properties.","This class comprises concepts denoted by terms from thesauri and controlled vocabularies used to
 characterize and classify instances of CRM classes. Instances of E55 Type represent concepts in
 contrast to instances of E41 Appellation which are used to name instances of CRM classes.
 E55 Type is the CRM’s interface to domain specific ontologies and thesauri. These can be represented
 in the CRM as subclasses of E55 Type, forming hierarchies of terms, i.e. instances of E55 Type linked
 via P127 has broader term (has narrower term). Such hierarchies may be extended with additional
 properties.",,"This class comprises distributions of form, tone and colour that may be found on surfaces such as
 photos, paintings, prints and sculptures or directly on electronic media.
 The degree to which variations in the distribution of form and colour affect the identity of an instance
 of E38 Image depends on a given purpose. The original painting of the Mona Lisa in the Louvre may
 be said to bear the same instance of E38 Image as reproductions in the form of transparencies,
 postcards, posters or T-shirts, even though they may differ in size and carrier and may vary in tone and
 colour. The images in a “spot the difference” competition are not the same with respect to their context,
 however similar they may at first appear.",,"This class comprises concepts denoted by terms from thesauri and controlled vocabularies used to
 characterize and classify instances of CRM classes. Instances of E55 Type represent concepts in
 contrast to instances of E41 Appellation which are used to name instances of CRM classes.
 E55 Type is the CRM’s interface to domain specific ontologies and thesauri. These can be represented
 in the CRM as subclasses of E55 Type, forming hierarchies of terms, i.e. instances of E55 Type linked
 via P127 has broader term (has narrower term). Such hierarchies may be extended with additional
 properties.","This class comprises sets of coherent phenomena or cultural manifestations occurring in time and
 space.
 It is the social or physical coherence of these phenomena that identify an E4 Period and not the
 associated spatiotemporal extent. This extent is only the “ground” or space in an abstract physical sense
 that the actual process of growth, spread and retreat has covered. Consequently, different periods can
 overlap and coexist in time and space, such as when a nomadic culture exists in the same area and time
 as a sedentary culture. This also means that overlapping land use rights, common among first nations,
 amounts to overlapping periods.
 Often, this class is used to describe prehistoric or historic periods such as the “Neolithic Period”, the
 “Ming Dynasty” or the “McCarthy Era”, but also geopolitical units and activities of settlements are
 regarded as special cases of E4 Period. However, there are no assumptions about the scale of the
 associated phenomena. In particular all events are seen as synthetic processes consisting of coherent
 phenomena. Therefore E4 Period is a superclass of E5 Event. For example, a modern clinical E67 Birth
 can be seen as both an atomic E5 Event and as an E4 Period that consists of multiple activities
 performed by multiple instances of E39 Actor.
 As the actual extent of an E4 Period in spacetime we regard the trajectories of the participating physical
 things during their participation in an instance of E4 Period. This includes the open spaces via which
 these things have interacted and the spaces by which they had the potential to interact during that
 period or event in the way defined by the type of the respective period or event. Examples include the
 air in a meeting room transferring the voices of the participants. Since these phenomena are fuzzy, we assume the spatiotemporal extent to be contiguous, except for cases of phenomena spreading out over
 islands or other separated areas, including geopolitical units distributed over disconnected areas such as
 islands or colonies.
 Whether the trajectories necessary for participants to travel between these areas are regarded as part of
 the spatiotemporal extent or not has to be decided in each case based on a concrete analysis, taking use
 of the sea for other purposes than travel, such as fishing, into consideration. One may also argue that
 the activities to govern disconnected areas imply travelling through spaces connecting them and that
 these areas hence are spatially connected in a way, but it appears counterintuitive to consider for
 instance travel routes in international waters as extensions of geopolitical units.
 Consequently, an instance of E4 Period may occupy a number of disjoint spacetime volumes, however
 there must not be a discontinuity in the timespan covered by these spacetime volumes. This means that
 an instance of E4 Period must be contiguous in time. If it has ended in all areas, it has ended as a
 whole. However it may end in one area before another, such as in the Polynesian migration, and it
 continues as long as it is ongoing in at least one area.
 We model E4 Period as a subclass of E2 Temporal Entity and of E92 Spacetime volume. The latter is
 intended as a phenomenal spacetime volume as defined in CRMgeo (Doerr and Hiebel 2013). By virtue
 of this multiple inheritance we can discuss the physical extent of an E4 Period without representing
 each instance of it together with an instance of its associated spacetime volume. This model combines
 two quite different kinds of substance: an instance of E4 Period is a phenomena while a spacetime
 volume is an aggregation of points in spacetime. However, the real spatiotemporal extent of an instance
 of E4 Period is regarded to be unique to it due to all its details and fuzziness; its identity and existence
 depends uniquely on the identity of the instance of E4 Period. Therefore this multiple inheritance is
 unambiguous and effective and furthermore corresponds to the intuitions of natural language.
 There are two different conceptualisations of ‘artistic style’, defined either by physical features or by
 historical context. For example, “Impressionism” can be viewed as a period lasting from approximately
 1870 to 1905 during which paintings with particular characteristics were produced by a group of artists
 that included (among others) Monet, Renoir, Pissarro, Sisley and Degas. Alternatively, it can be
 regarded as a style applicable to all paintings sharing the characteristics of the works produced by the
 Impressionist painters, regardless of historical context. The first interpretation is an instance of E4
 Period, and the second defines morphological object types that fall under E55 Type.
 Another specific case of an E4 Period is the set of activities and phenomena associated with a
 settlement, such as the populated period of Nineveh","This class comprises concepts denoted by terms from thesauri and controlled vocabularies used to
 characterize and classify instances of CRM classes. Instances of E55 Type represent concepts in
 contrast to instances of E41 Appellation which are used to name instances of CRM classes.
 E55 Type is the CRM’s interface to domain specific ontologies and thesauri. These can be represented
 in the CRM as subclasses of E55 Type, forming hierarchies of terms, i.e. instances of E55 Type linked
 via P127 has broader term (has narrower term). Such hierarchies may be extended with additional
 properties.",,"This class comprises concepts denoted by terms from thesauri and controlled vocabularies used to
 characterize and classify instances of CRM classes. Instances of E55 Type represent concepts in
 contrast to instances of E41 Appellation which are used to name instances of CRM classes.
 E55 Type is the CRM’s interface to domain specific ontologies and thesauri. These can be represented
 in the CRM as subclasses of E55 Type, forming hierarchies of terms, i.e. instances of E55 Type linked
 via P127 has broader term (has narrower term). Such hierarchies may be extended with additional
 properties.","This class comprises extents in space, in particular on the surface of the earth, in the pure sense of
 physics: independent from temporal phenomena and matter.
 The instances of E53 Place are usually determined by reference to the position of “immobile” objects
 such as buildings, cities, mountains, rivers, or dedicated geodetic marks. A Place can be determined by combining a frame of reference and a location with respect to this frame. It may be identified by one or
 more instances of E44 Place Appellation.
 It is sometimes argued that instances of E53 Place are best identified by global coordinates or absolute
 reference systems. However, relative references are often more relevant in the context of cultural
 documentation and tend to be more precise. In particular, we are often interested in position in relation
 to large, mobile objects, such as ships. For example, the Place at which Nelson died is known with
 reference to a large mobile object – H.M.S Victory. A resolution of this Place in terms of absolute
 coordinates would require knowledge of the movements of the vessel and the precise time of death,
 either of which may be revised, and the result would lack historical and cultural relevance.
 Any object can serve as a frame of reference for E53 Place determination. The model foresees the
 notion of a ""section"" of an E19 Physical Object as a valid E53 Place determination","This class comprises the states of objects characterised by a certain condition over a time-span.
 An instance of this class describes the prevailing physical condition of any material object or feature
 during a specific E52 Time Span. In general, the time-span for which a certain condition can be
 asserted may be shorter than the real time-span, for which this condition held.
 The nature of that condition can be described using P2 has type. For example, the E3 Condition State
 “condition of the SS Great Britain between 22 September 1846 and 27 August 1847” can be
 characterized as E55 Type “wrecked”.","This class comprises instances of E59 Primitive Value for space that should be implemented with
 appropriate validation, precision and references to spatial coordinate systems to express geometries on
 or relative to earth, or any other stable constellations of matter, relevant to cultural and scientific
 documentation.
 An E94 Space Primitive defines an E53 Place in the sense of a declarative place as elaborated in
 CRMgeo (Doerr and Hiebel 2013), which means that the identity of the place is derived from its
 geometric definition. This declarative place allows for the application of all place properties to relate
 phenomenal places to their approximations expressed with geometries.
 Instances of E94 Space Primitive provide the ability to link CRM encoded data to the kinds of
 geometries used in maps or Geoinformation systems. They may be used for visualisation of the
 instances of E53 Place they define, in their geographic context and for computing topological relations
 between places based on these geometries.
 E94 Space Primitive is not further elaborated upon within this model. Statement of compatibility with
 OPENGIS","This class comprises instances of E59 Primitive Value for space that should be implemented with
 appropriate validation, precision and references to spatial coordinate systems to express geometries on
 or relative to earth, or any other stable constellations of matter, relevant to cultural and scientific
 documentation.
 An E94 Space Primitive defines an E53 Place in the sense of a declarative place as elaborated in
 CRMgeo (Doerr and Hiebel 2013), which means that the identity of the place is derived from its
 geometric definition. This declarative place allows for the application of all place properties to relate
 phenomenal places to their approximations expressed with geometries.
 Instances of E94 Space Primitive provide the ability to link CRM encoded data to the kinds of
 geometries used in maps or Geoinformation systems. They may be used for visualisation of the
 instances of E53 Place they define, in their geographic context and for computing topological relations
 between places based on these geometries.
 E94 Space Primitive is not further elaborated upon within this model. Statement of compatibility with
 OPENGIS","This class comprises instances of E59 Primitive Value for space that should be implemented with
 appropriate validation, precision and references to spatial coordinate systems to express geometries on
 or relative to earth, or any other stable constellations of matter, relevant to cultural and scientific
 documentation.
 An E94 Space Primitive defines an E53 Place in the sense of a declarative place as elaborated in
 CRMgeo (Doerr and Hiebel 2013), which means that the identity of the place is derived from its
 geometric definition. This declarative place allows for the application of all place properties to relate
 phenomenal places to their approximations expressed with geometries.
 Instances of E94 Space Primitive provide the ability to link CRM encoded data to the kinds of
 geometries used in maps or Geoinformation systems. They may be used for visualisation of the
 instances of E53 Place they define, in their geographic context and for computing topological relations
 between places based on these geometries.
 E94 Space Primitive is not further elaborated upon within this model. Statement of compatibility with
 OPENGIS","This class comprises instances of E59 Primitive Value for space that should be implemented with
 appropriate validation, precision and references to spatial coordinate systems to express geometries on
 or relative to earth, or any other stable constellations of matter, relevant to cultural and scientific
 documentation.
 An E94 Space Primitive defines an E53 Place in the sense of a declarative place as elaborated in
 CRMgeo (Doerr and Hiebel 2013), which means that the identity of the place is derived from its
 geometric definition. This declarative place allows for the application of all place properties to relate
 phenomenal places to their approximations expressed with geometries.
 Instances of E94 Space Primitive provide the ability to link CRM encoded data to the kinds of
 geometries used in maps or Geoinformation systems. They may be used for visualisation of the
 instances of E53 Place they define, in their geographic context and for computing topological relations
 between places based on these geometries.
 E94 Space Primitive is not further elaborated upon within this model. Statement of compatibility with
 OPENGIS","This class comprises concepts denoted by terms from thesauri and controlled vocabularies used to
 characterize and classify instances of CRM classes. Instances of E55 Type represent concepts in
 contrast to instances of E41 Appellation which are used to name instances of CRM classes.
 E55 Type is the CRM’s interface to domain specific ontologies and thesauri. These can be represented
 in the CRM as subclasses of E55 Type, forming hierarchies of terms, i.e. instances of E55 Type linked
 via P127 has broader term (has narrower term). Such hierarchies may be extended with additional
 properties.","This class comprises instances of E59 Primitive Value for space that should be implemented with
 appropriate validation, precision and references to spatial coordinate systems to express geometries on
 or relative to earth, or any other stable constellations of matter, relevant to cultural and scientific
 documentation.
 An E94 Space Primitive defines an E53 Place in the sense of a declarative place as elaborated in
 CRMgeo (Doerr and Hiebel 2013), which means that the identity of the place is derived from its
 geometric definition. This declarative place allows for the application of all place properties to relate
 phenomenal places to their approximations expressed with geometries.
 Instances of E94 Space Primitive provide the ability to link CRM encoded data to the kinds of
 geometries used in maps or Geoinformation systems. They may be used for visualisation of the
 instances of E53 Place they define, in their geographic context and for computing topological relations
 between places based on these geometries.
 E94 Space Primitive is not further elaborated upon within this model. Statement of compatibility with
 OPENGIS","This class comprises concepts denoted by terms from thesauri and controlled vocabularies used to
 characterize and classify instances of CRM classes. Instances of E55 Type represent concepts in
 contrast to instances of E41 Appellation which are used to name instances of CRM classes.
 E55 Type is the CRM’s interface to domain specific ontologies and thesauri. These can be represented
 in the CRM as subclasses of E55 Type, forming hierarchies of terms, i.e. instances of E55 Type linked
 via P127 has broader term (has narrower term). Such hierarchies may be extended with additional
 properties.","This class comprises identifiable immaterial items, such as a poems, jokes, data sets, images, texts,
 multimedia objects, procedural prescriptions, computer program code, algorithm or mathematical
 formulae, that have an objectively recognizable structure and are documented as single units. The
 encoding structure known as a ""named graph"" also falls under this class, so that each ""named graph"" is
 an instance of an E73 Information Object.
 An E73 Information Object does not depend on a specific physical carrier, which can include human
 memory, and it can exist on one or more carriers simultaneously.
 Instances of E73 Information Object of a linguistic nature should be declared as instances of the E33
 Linguistic Object subclass. Instances of E73 Information Object of a documentary nature should be
 declared as instances of the E31 Document subclass. Conceptual items such as types and classes are not
 instances of E73 Information Object, nor are ideas without a reproducible expression","This class comprises the actions of classifying items of whatever kind. Such items include objects,
 specimens, people, actions and concepts.
 This class allows for the documentation of the context of classification acts in cases where the value of
 the classification depends on the personal opinion of the classifier, and the date that the classification
 was made. This class also encompasses the notion of ""determination,"" i.e. the systematic and molecular
 identification of a specimen in biology.","This class comprises concepts denoted by terms from thesauri and controlled vocabularies used to
 characterize and classify instances of CRM classes. Instances of E55 Type represent concepts in
 contrast to instances of E41 Appellation which are used to name instances of CRM classes.
 E55 Type is the CRM’s interface to domain specific ontologies and thesauri. These can be represented
 in the CRM as subclasses of E55 Type, forming hierarchies of terms, i.e. instances of E55 Type linked
 via P127 has broader term (has narrower term). Such hierarchies may be extended with additional
 properties.","This class comprises concepts denoted by terms from thesauri and controlled vocabularies used to
 characterize and classify instances of CRM classes. Instances of E55 Type represent concepts in
 contrast to instances of E41 Appellation which are used to name instances of CRM classes.
 E55 Type is the CRM’s interface to domain specific ontologies and thesauri. These can be represented
 in the CRM as subclasses of E55 Type, forming hierarchies of terms, i.e. instances of E55 Type linked
 via P127 has broader term (has narrower term). Such hierarchies may be extended with additional
 properties.","This class comprises the instances of E59 Primitive Values used for documentation such as free text
 strings, bitmaps, vector graphics, etc.","This class comprises identifiers expressed in coding systems for places, such as postal addresses used
 for mailing.
 An E45 Address can be considered both as the name of an E53 Place and as an E51 Contact Point for
 an E39 Actor. This dual aspect is reflected in the multiple inheritance. However, some forms of mailing addresses, such as a postal box, are only instances of E51 Contact Point, since they do not identify any
 particular Place. These should not be documented as instances of E45 Address.","This class comprises particular and common forms of E44 Place Appellation. Place Names may change their application over time: the name of an E53 Place may change, and a
 name may be reused for a different E53 Place. Instances of E48 Place Name are typically subject to
 place name gazetteers.","This class comprises identifiers expressed in coding systems for places, such as postal addresses used
 for mailing.
 An E45 Address can be considered both as the name of an E53 Place and as an E51 Contact Point for
 an E39 Actor. This dual aspect is reflected in the multiple inheritance. However, some forms of mailing addresses, such as a postal box, are only instances of E51 Contact Point, since they do not identify any
 particular Place. These should not be documented as instances of E45 Address.","This class comprises the instances of E59 Primitive Values used for documentation such as free text
 strings, bitmaps, vector graphics, etc.","This class comprises concepts denoted by terms from thesauri and controlled vocabularies used to
 characterize and classify instances of CRM classes. Instances of E55 Type represent concepts in
 contrast to instances of E41 Appellation which are used to name instances of CRM classes.
 E55 Type is the CRM’s interface to domain specific ontologies and thesauri. These can be represented
 in the CRM as subclasses of E55 Type, forming hierarchies of terms, i.e. instances of E55 Type linked
 via P127 has broader term (has narrower term). Such hierarchies may be extended with additional
 properties.","This class comprises identifiers employed, or understood, by communication services to direct
 communications to an instance of E39 Actor. These include E-mail addresses, telephone numbers, post
 office boxes, Fax numbers, URLs etc. Most postal addresses can be considered both as instances of
 E44 Place Appellation and E51 Contact Point. In such cases the subclass E45 Address should be used. URLs are addresses used by machines to access another machine through an http request. Since the
 accessed machine acts on behalf of the E39 Actor providing the machine, URLs are considered as
 instances of E51 Contact Point to that E39 Actor.","This class comprises signs, either meaningful or not, or arrangements of signs following a specific
 syntax, that are used or can be used to refer to and identify a specific instance of some class or category
 within a certain context.
 Instances of E41 Appellation do not identify things by their meaning, even if they happen to have one,
 but instead by convention, tradition, or agreement. Instances of E41 Appellation are cultural constructs;
 as such, they have a context, a history, and a use in time and space by some group of users. A given
 instance of E41 Appellation can have alternative forms, i.e., other instances of E41 Appellation that are
 always regarded as equivalent independent from the thing it denotes.
 Specific subclasses of E41 Appellation should be used when instances of E41 Appellation of a
 characteristic form are used for particular objects. Instances of E49 Time Appellation, for example,
 which take the form of instances of E50 Date, can be easily recognised.
 E41 Appellation should not be confused with the act of naming something. Cf. E15 Identifier
 Assignment","This class comprises specific forms of E49 Time Appellation.
 Dates may vary in their degree of precision.","This class comprises specific forms of E49 Time Appellation.
 Dates may vary in their degree of precision.",,"This class comprises concepts denoted by terms from thesauri and controlled vocabularies used to
characterize and classify instances of CRM classes. Instances of E55 Type represent concepts in
contrast to instances of E41 Appellation which are used to name instances of CRM classes.
E55 Type is the CRM’s interface to domain specific ontologies and thesauri. These can be represented
in the CRM as subclasses of E55 Type, forming hierarchies of terms, i.e. instances of E55 Type linked
via P127 has broader term (has narrower term). Such hierarchies may be extended with additional
properties.","This class comprises concepts denoted by terms from thesauri and controlled vocabularies used to
characterize and classify instances of CRM classes. Instances of E55 Type represent concepts in
contrast to instances of E41 Appellation which are used to name instances of CRM classes.
E55 Type is the CRM’s interface to domain specific ontologies and thesauri. These can be represented
in the CRM as subclasses of E55 Type, forming hierarchies of terms, i.e. instances of E55 Type linked
via P127 has broader term (has narrower term). Such hierarchies may be extended with additional
properties.","This class comprises concepts denoted by terms from thesauri and controlled vocabularies used to
characterize and classify instances of CRM classes. Instances of E55 Type represent concepts in
contrast to instances of E41 Appellation which are used to name instances of CRM classes.
E55 Type is the CRM’s interface to domain specific ontologies and thesauri. These can be represented
in the CRM as subclasses of E55 Type, forming hierarchies of terms, i.e. instances of E55 Type linked
via P127 has broader term (has narrower term). Such hierarchies may be extended with additional
properties.",,"This class comprises concepts denoted by terms from thesauri and controlled vocabularies used to
 characterize and classify instances of CRM classes. Instances of E55 Type represent concepts in
 contrast to instances of E41 Appellation which are used to name instances of CRM classes.
 E55 Type is the CRM’s interface to domain specific ontologies and thesauri. These can be represented
 in the CRM as subclasses of E55 Type, forming hierarchies of terms, i.e. instances of E55 Type linked
 via P127 has broader term (has narrower term). Such hierarchies may be extended with additional
 properties.","This class comprises concepts denoted by terms from thesauri and controlled vocabularies used to
 characterize and classify instances of CRM classes. Instances of E55 Type represent concepts in
 contrast to instances of E41 Appellation which are used to name instances of CRM classes.
 E55 Type is the CRM’s interface to domain specific ontologies and thesauri. These can be represented
 in the CRM as subclasses of E55 Type, forming hierarchies of terms, i.e. instances of E55 Type linked
 via P127 has broader term (has narrower term). Such hierarchies may be extended with additional
 properties.","This class comprises concepts denoted by terms from thesauri and controlled vocabularies used to
 characterize and classify instances of CRM classes. Instances of E55 Type represent concepts in
 contrast to instances of E41 Appellation which are used to name instances of CRM classes.
 E55 Type is the CRM’s interface to domain specific ontologies and thesauri. These can be represented
 in the CRM as subclasses of E55 Type, forming hierarchies of terms, i.e. instances of E55 Type linked
 via P127 has broader term (has narrower term). Such hierarchies may be extended with additional
 properties.","This class comprises any encoding of computable (algebraic) values such as integers, real numbers,
 complex numbers, vectors, tensors etc., including intervals of these values to express limited precision.
 Numbers are fundamentally distinct from identifiers in continua, such as instances of E50 Date and E47
 Spatial Coordinate, even though their encoding may be similar. Instances of E60 Number can be
 combined with each other in algebraic operations to yield other instances of E60 Number, e.g., 1+1=2.
 Identifiers in continua may be combined with numbers expressing distances to yield new identifiers,
 e.g., 1924-01-31 + 2 days = 1924-02-02. Cf. E54 Dimension","This class comprises particular and common forms of E44 Place Appellation. Place Names may change their application over time: the name of an E53 Place may change, and a
 name may be reused for a different E53 Place. Instances of E48 Place Name are typically subject to
 place name gazetteers.","This class comprises strings or codes assigned to instances of E1 CRM Entity in order to identify them
 uniquely and permanently within the context of one or more organisations. Such codes are often known
 as inventory numbers, registration codes, etc. and are typically composed of alphanumeric sequences.
 The class E42 Identifier is not normally used for machine-generated identifiers used for automated
 processing unless these are also used by human agents",,"This class comprises quantifiable properties that can be measured by some calibrated means and can be
 approximated by values, i.e. points or regions in a mathematical or conceptual space, such as natural or
 real numbers, RGB values etc.
 An instance of E54 Dimension represents the true quantity, independent from its numerical
 approximation, e.g. in inches or in cm. The properties of the class E54 Dimension allow for expressing
 the numerical approximation of the values of an instance of E54 Dimension. If the true values belong
 to a non-discrete space, such as spatial distances, it is recommended to record them as approximations
 by intervals or regions of indeterminacy enclosing the assumed true values. For instance, a length of 5
 cm may be recorded as 4.5-5.5 cm, according to the precision of the respective observation. Note, that
 interoperability of values described in different units depends critically on the representation as value
 regions.
 Numerical approximations in archaic instances of E58 Measurement Unit used in historical records
 should be preserved. Equivalents corresponding to current knowledge should be recorded as additional
 instances of E54 Dimension as appropriate.",,"This class comprises quantifiable properties that can be measured by some calibrated means and can be
 approximated by values, i.e. points or regions in a mathematical or conceptual space, such as natural or
 real numbers, RGB values etc.
 An instance of E54 Dimension represents the true quantity, independent from its numerical
 approximation, e.g. in inches or in cm. The properties of the class E54 Dimension allow for expressing
 the numerical approximation of the values of an instance of E54 Dimension. If the true values belong
 to a non-discrete space, such as spatial distances, it is recommended to record them as approximations
 by intervals or regions of indeterminacy enclosing the assumed true values. For instance, a length of 5
 cm may be recorded as 4.5-5.5 cm, according to the precision of the respective observation. Note, that
 interoperability of values described in different units depends critically on the representation as value
 regions.
 Numerical approximations in archaic instances of E58 Measurement Unit used in historical records
 should be preserved. Equivalents corresponding to current knowledge should be recorded as additional
 instances of E54 Dimension as appropriate.","This class comprises any encoding of computable (algebraic) values such as integers, real numbers,
 complex numbers, vectors, tensors etc., including intervals of these values to express limited precision.
 Numbers are fundamentally distinct from identifiers in continua, such as instances of E50 Date and E47
 Spatial Coordinate, even though their encoding may be similar. Instances of E60 Number can be
 combined with each other in algebraic operations to yield other instances of E60 Number, e.g., 1+1=2.
 Identifiers in continua may be combined with numbers expressing distances to yield new identifiers,
 e.g., 1924-01-31 + 2 days = 1924-02-02. Cf. E54 Dimension",,"This class comprises concepts denoted by terms from thesauri and controlled vocabularies used to
 characterize and classify instances of CRM classes. Instances of E55 Type represent concepts in
 contrast to instances of E41 Appellation which are used to name instances of CRM classes.
 E55 Type is the CRM’s interface to domain specific ontologies and thesauri. These can be represented
 in the CRM as subclasses of E55 Type, forming hierarchies of terms, i.e. instances of E55 Type linked
 via P127 has broader term (has narrower term). Such hierarchies may be extended with additional
 properties.","This class comprises strings or codes assigned to instances of E1 CRM Entity in order to identify them
 uniquely and permanently within the context of one or more organisations. Such codes are often known
 as inventory numbers, registration codes, etc. and are typically composed of alphanumeric sequences.
 The class E42 Identifier is not normally used for machine-generated identifiers used for automated
 processing unless these are also used by human agents","This class comprises sets of coherent phenomena or cultural manifestations occurring in time and
 space.
 It is the social or physical coherence of these phenomena that identify an E4 Period and not the
 associated spatiotemporal extent. This extent is only the “ground” or space in an abstract physical sense
 that the actual process of growth, spread and retreat has covered. Consequently, different periods can
 overlap and coexist in time and space, such as when a nomadic culture exists in the same area and time
 as a sedentary culture. This also means that overlapping land use rights, common among first nations,
 amounts to overlapping periods.
 Often, this class is used to describe prehistoric or historic periods such as the “Neolithic Period”, the
 “Ming Dynasty” or the “McCarthy Era”, but also geopolitical units and activities of settlements are
 regarded as special cases of E4 Period. However, there are no assumptions about the scale of the
 associated phenomena. In particular all events are seen as synthetic processes consisting of coherent
 phenomena. Therefore E4 Period is a superclass of E5 Event. For example, a modern clinical E67 Birth
 can be seen as both an atomic E5 Event and as an E4 Period that consists of multiple activities
 performed by multiple instances of E39 Actor.
 As the actual extent of an E4 Period in spacetime we regard the trajectories of the participating physical
 things during their participation in an instance of E4 Period. This includes the open spaces via which
 these things have interacted and the spaces by which they had the potential to interact during that
 period or event in the way defined by the type of the respective period or event. Examples include the
 air in a meeting room transferring the voices of the participants. Since these phenomena are fuzzy, we assume the spatiotemporal extent to be contiguous, except for cases of phenomena spreading out over
 islands or other separated areas, including geopolitical units distributed over disconnected areas such as
 islands or colonies.
 Whether the trajectories necessary for participants to travel between these areas are regarded as part of
 the spatiotemporal extent or not has to be decided in each case based on a concrete analysis, taking use
 of the sea for other purposes than travel, such as fishing, into consideration. One may also argue that
 the activities to govern disconnected areas imply travelling through spaces connecting them and that
 these areas hence are spatially connected in a way, but it appears counterintuitive to consider for
 instance travel routes in international waters as extensions of geopolitical units.
 Consequently, an instance of E4 Period may occupy a number of disjoint spacetime volumes, however
 there must not be a discontinuity in the timespan covered by these spacetime volumes. This means that
 an instance of E4 Period must be contiguous in time. If it has ended in all areas, it has ended as a
 whole. However it may end in one area before another, such as in the Polynesian migration, and it
 continues as long as it is ongoing in at least one area.
 We model E4 Period as a subclass of E2 Temporal Entity and of E92 Spacetime volume. The latter is
 intended as a phenomenal spacetime volume as defined in CRMgeo (Doerr and Hiebel 2013). By virtue
 of this multiple inheritance we can discuss the physical extent of an E4 Period without representing
 each instance of it together with an instance of its associated spacetime volume. This model combines
 two quite different kinds of substance: an instance of E4 Period is a phenomena while a spacetime
 volume is an aggregation of points in spacetime. However, the real spatiotemporal extent of an instance
 of E4 Period is regarded to be unique to it due to all its details and fuzziness; its identity and existence
 depends uniquely on the identity of the instance of E4 Period. Therefore this multiple inheritance is
 unambiguous and effective and furthermore corresponds to the intuitions of natural language.
 There are two different conceptualisations of ‘artistic style’, defined either by physical features or by
 historical context. For example, “Impressionism” can be viewed as a period lasting from approximately
 1870 to 1905 during which paintings with particular characteristics were produced by a group of artists
 that included (among others) Monet, Renoir, Pissarro, Sisley and Degas. Alternatively, it can be
 regarded as a style applicable to all paintings sharing the characteristics of the works produced by the
 Impressionist painters, regardless of historical context. The first interpretation is an instance of E4
 Period, and the second defines morphological object types that fall under E55 Type.
 Another specific case of an E4 Period is the set of activities and phenomena associated with a
 settlement, such as the populated period of Nineveh","This class comprises concepts denoted by terms from thesauri and controlled vocabularies used to
 characterize and classify instances of CRM classes. Instances of E55 Type represent concepts in
 contrast to instances of E41 Appellation which are used to name instances of CRM classes.
 E55 Type is the CRM’s interface to domain specific ontologies and thesauri. These can be represented
 in the CRM as subclasses of E55 Type, forming hierarchies of terms, i.e. instances of E55 Type linked
 via P127 has broader term (has narrower term). Such hierarchies may be extended with additional
 properties.",,,,,"This class comprises strings or codes assigned to instances of E1 CRM Entity in order to identify them
 uniquely and permanently within the context of one or more organisations. Such codes are often known
 as inventory numbers, registration codes, etc. and are typically composed of alphanumeric sequences.
 The class E42 Identifier is not normally used for machine-generated identifiers used for automated
 processing unless these are also used by human agents","This class comprises concepts denoted by terms from thesauri and controlled vocabularies used to
 characterize and classify instances of CRM classes. Instances of E55 Type represent concepts in
 contrast to instances of E41 Appellation which are used to name instances of CRM classes.
 E55 Type is the CRM’s interface to domain specific ontologies and thesauri. These can be represented
 in the CRM as subclasses of E55 Type, forming hierarchies of terms, i.e. instances of E55 Type linked
 via P127 has broader term (has narrower term). Such hierarchies may be extended with additional
 properties.","This class comprises the instances of E59 Primitive Values used for documentation such as free text
 strings, bitmaps, vector graphics, etc.","This class comprises concepts denoted by terms from thesauri and controlled vocabularies used to
 characterize and classify instances of CRM classes. Instances of E55 Type represent concepts in
 contrast to instances of E41 Appellation which are used to name instances of CRM classes.
 E55 Type is the CRM’s interface to domain specific ontologies and thesauri. These can be represented
 in the CRM as subclasses of E55 Type, forming hierarchies of terms, i.e. instances of E55 Type linked
 via P127 has broader term (has narrower term). Such hierarchies may be extended with additional
 properties.","This class comprises actions measuring physical properties and other values that can be determined by
 a systematic procedure. Examples include measuring the monetary value of a collection of coins or the running time of a
 specific video cassette.
 The E16 Measurement may use simple counting or tools, such as yardsticks or radiation detection
 devices. The interest is in the method and care applied, so that the reliability of the result may be
 judged at a later stage, or research continued on the associated documents. The date of the event is
 important for dimensions, which may change value over time, such as the length of an object subject to
 shrinkage. Details of methods and devices are best handled as free text, whereas basic techniques such
 as ""carbon 14 dating"" should be encoded using P2 has type (is type of:) E55 Type.","This class comprises actions measuring physical properties and other values that can be determined by
 a systematic procedure. Examples include measuring the monetary value of a collection of coins or the running time of a
 specific video cassette.
 The E16 Measurement may use simple counting or tools, such as yardsticks or radiation detection
 devices. The interest is in the method and care applied, so that the reliability of the result may be
 judged at a later stage, or research continued on the associated documents. The date of the event is
 important for dimensions, which may change value over time, such as the length of an object subject to
 shrinkage. Details of methods and devices are best handled as free text, whereas basic techniques such
 as ""carbon 14 dating"" should be encoded using P2 has type (is type of:) E55 Type.","This class comprises strings or codes assigned to instances of E1 CRM Entity in order to identify them
 uniquely and permanently within the context of one or more organisations. Such codes are often known
 as inventory numbers, registration codes, etc. and are typically composed of alphanumeric sequences.
 The class E42 Identifier is not normally used for machine-generated identifiers used for automated
 processing unless these are also used by human agents","This class comprises the instances of E59 Primitive Values used for documentation such as free text
 strings, bitmaps, vector graphics, etc.","This class comprises actions measuring physical properties and other values that can be determined by
 a systematic procedure. Examples include measuring the monetary value of a collection of coins or the running time of a
 specific video cassette.
 The E16 Measurement may use simple counting or tools, such as yardsticks or radiation detection
 devices. The interest is in the method and care applied, so that the reliability of the result may be
 judged at a later stage, or research continued on the associated documents. The date of the event is
 important for dimensions, which may change value over time, such as the length of an object subject to
 shrinkage. Details of methods and devices are best handled as free text, whereas basic techniques such
 as ""carbon 14 dating"" should be encoded using P2 has type (is type of:) E55 Type.","This class comprises the instances of E59 Primitive Values used for documentation such as free text
 strings, bitmaps, vector graphics, etc.","This class comprises specific forms of E49 Time Appellation.
 Dates may vary in their degree of precision.","This class comprises specific forms of E49 Time Appellation.
 Dates may vary in their degree of precision.","This class comprises the instances of E59 Primitive Values used for documentation such as free text
 strings, bitmaps, vector graphics, etc.","This class comprises concepts denoted by terms from thesauri and controlled vocabularies used to
 characterize and classify instances of CRM classes. Instances of E55 Type represent concepts in
 contrast to instances of E41 Appellation which are used to name instances of CRM classes.
 E55 Type is the CRM’s interface to domain specific ontologies and thesauri. These can be represented
 in the CRM as subclasses of E55 Type, forming hierarchies of terms, i.e. instances of E55 Type linked
 via P127 has broader term (has narrower term). Such hierarchies may be extended with additional
 properties.","This class comprises concepts denoted by terms from thesauri and controlled vocabularies used to
 characterize and classify instances of CRM classes. Instances of E55 Type represent concepts in
 contrast to instances of E41 Appellation which are used to name instances of CRM classes.
 E55 Type is the CRM’s interface to domain specific ontologies and thesauri. These can be represented
 in the CRM as subclasses of E55 Type, forming hierarchies of terms, i.e. instances of E55 Type linked
 via P127 has broader term (has narrower term). Such hierarchies may be extended with additional
 properties.","This class comprises concepts denoted by terms from thesauri and controlled vocabularies used to
 characterize and classify instances of CRM classes. Instances of E55 Type represent concepts in
 contrast to instances of E41 Appellation which are used to name instances of CRM classes.
 E55 Type is the CRM’s interface to domain specific ontologies and thesauri. These can be represented
 in the CRM as subclasses of E55 Type, forming hierarchies of terms, i.e. instances of E55 Type linked
 via P127 has broader term (has narrower term). Such hierarchies may be extended with additional
 properties.","This class comprises concepts denoted by terms from thesauri and controlled vocabularies used to
 characterize and classify instances of CRM classes. Instances of E55 Type represent concepts in
 contrast to instances of E41 Appellation which are used to name instances of CRM classes.
 E55 Type is the CRM’s interface to domain specific ontologies and thesauri. These can be represented
 in the CRM as subclasses of E55 Type, forming hierarchies of terms, i.e. instances of E55 Type linked
 via P127 has broader term (has narrower term). Such hierarchies may be extended with additional
 properties.","This class comprises concepts denoted by terms from thesauri and controlled vocabularies used to
 characterize and classify instances of CRM classes. Instances of E55 Type represent concepts in
 contrast to instances of E41 Appellation which are used to name instances of CRM classes.
 E55 Type is the CRM’s interface to domain specific ontologies and thesauri. These can be represented
 in the CRM as subclasses of E55 Type, forming hierarchies of terms, i.e. instances of E55 Type linked
 via P127 has broader term (has narrower term). Such hierarchies may be extended with additional
 properties.","This class comprises specific forms of E49 Time Appellation.
 Dates may vary in their degree of precision.","This class comprises the instances of E59 Primitive Values used for documentation such as free text
 strings, bitmaps, vector graphics, etc.","This class comprises identifiers employed, or understood, by communication services to direct
 communications to an instance of E39 Actor. These include E-mail addresses, telephone numbers, post
 office boxes, Fax numbers, URLs etc. Most postal addresses can be considered both as instances of
 E44 Place Appellation and E51 Contact Point. In such cases the subclass E45 Address should be used.","This class comprises identifiers employed, or understood, by communication services to direct communications to an instance of E39 Actor. These include E-mail addresses, telephone numbers, post office boxes, Fax numbers, URLs etc. Most postal addresses can be considered both as instances of E44 Place Appellation and E51 Contact Point. In such cases the subclass E45 Address should be used.","This class comprises people, either individually or in groups, who have the potential to perform
 intentional actions of kinds for which someone may be held responsible.","This class comprises concepts denoted by terms from thesauri and controlled vocabularies used to
 characterize and classify instances of CRM classes. Instances of E55 Type represent concepts in
 contrast to instances of E41 Appellation which are used to name instances of CRM classes.
 E55 Type is the CRM’s interface to domain specific ontologies and thesauri. These can be represented
 in the CRM as subclasses of E55 Type, forming hierarchies of terms, i.e. instances of E55 Type linked
 via P127 has broader term (has narrower term). Such hierarchies may be extended with additional
 properties.","This class comprises the states of objects characterised by a certain condition over a time-span.
 An instance of this class describes the prevailing physical condition of any material object or feature
 during a specific E52 Time Span. In general, the time-span for which a certain condition can be
 asserted may be shorter than the real time-span, for which this condition held.
 The nature of that condition can be described using P2 has type. For example, the E3 Condition State
 “condition of the SS Great Britain between 22 September 1846 and 27 August 1847” can be
 characterized as E55 Type “wrecked”","This class comprises concepts denoted by terms from thesauri and controlled vocabularies used to
 characterize and classify instances of CRM classes. Instances of E55 Type represent concepts in
 contrast to instances of E41 Appellation which are used to name instances of CRM classes.
 E55 Type is the CRM’s interface to domain specific ontologies and thesauri. These can be represented
 in the CRM as subclasses of E55 Type, forming hierarchies of terms, i.e. instances of E55 Type linked
 via P127 has broader term (has narrower term). Such hierarchies may be extended with additional
 properties.","This class comprises concepts denoted by terms from thesauri and controlled vocabularies used to
 characterize and classify instances of CRM classes. Instances of E55 Type represent concepts in
 contrast to instances of E41 Appellation which are used to name instances of CRM classes.
 E55 Type is the CRM’s interface to domain specific ontologies and thesauri. These can be represented
 in the CRM as subclasses of E55 Type, forming hierarchies of terms, i.e. instances of E55 Type linked
 via P127 has broader term (has narrower term). Such hierarchies may be extended with additional
 properties.","This class comprises concepts denoted by terms from thesauri and controlled vocabularies used to
 characterize and classify instances of CRM classes. Instances of E55 Type represent concepts in
 contrast to instances of E41 Appellation which are used to name instances of CRM classes.
 E55 Type is the CRM’s interface to domain specific ontologies and thesauri. These can be represented
 in the CRM as subclasses of E55 Type, forming hierarchies of terms, i.e. instances of E55 Type linked
 via P127 has broader term (has narrower term). Such hierarchies may be extended with additional
 properties.","This class comprises the actions of classifying items of whatever kind. Such items include objects,
 specimens, people, actions and concepts.
 This class allows for the documentation of the context of classification acts in cases where the value of
 the classification depends on the personal opinion of the classifier, and the date that the classification
 was made. This class also encompasses the notion of ""determination,"" i.e. the systematic and molecular
 identification of a specimen in biology","This class comprises the actions of classifying items of whatever kind. Such items include objects,
 specimens, people, actions and concepts.
 This class allows for the documentation of the context of classification acts in cases where the value of
 the classification depends on the personal opinion of the classifier, and the date that the classification
 was made. This class also encompasses the notion of ""determination,"" i.e. the systematic and molecular
 identification of a specimen in biology",,"This class comprises the instances of E59 Primitive Values used for documentation such as free text
 strings, bitmaps, vector graphics, etc.","This class comprises identifiers employed, or understood, by communication services to direct communications to an instance of E39 Actor. These include E-mail addresses, telephone numbers, post office boxes, Fax numbers, URLs etc. Most postal addresses can be considered both as instances of E44 Place Appellation and E51 Contact Point. In such cases the subclass E45 Address should be used.","This class comprises identifiers employed, or understood, by communication services to direct communications to an instance of E39 Actor. These include E-mail addresses, telephone numbers, post office boxes, Fax numbers, URLs etc. Most postal addresses can be considered both as instances of E44 Place Appellation and E51 Contact Point. In such cases the subclass E45 Address should be used.","This class comprises people, either individually or in groups, who have the potential to perform
 intentional actions of kinds for which someone may be held responsible.","This class comprises the actions of classifying items of whatever kind. Such items include objects,
 specimens, people, actions and concepts.
 This class allows for the documentation of the context of classification acts in cases where the value of
 the classification depends on the personal opinion of the classifier, and the date that the classification
 was made. This class also encompasses the notion of ""determination,"" i.e. the systematic and molecular
 identification of a specimen in biology","This class comprises concepts denoted by terms from thesauri and controlled vocabularies used to
 characterize and classify instances of CRM classes. Instances of E55 Type represent concepts in
 contrast to instances of E41 Appellation which are used to name instances of CRM classes.
 E55 Type is the CRM’s interface to domain specific ontologies and thesauri. These can be represented
 in the CRM as subclasses of E55 Type, forming hierarchies of terms, i.e. instances of E55 Type linked
 via P127 has broader term (has narrower term). Such hierarchies may be extended with additional
 properties.","This class comprises the actions of classifying items of whatever kind. Such items include objects,
 specimens, people, actions and concepts.
 This class allows for the documentation of the context of classification acts in cases where the value of
 the classification depends on the personal opinion of the classifier, and the date that the classification
 was made. This class also encompasses the notion of ""determination,"" i.e. the systematic and molecular
 identification of a specimen in biology","This class comprises the actions of classifying items of whatever kind. Such items include objects,
 specimens, people, actions and concepts.
 This class allows for the documentation of the context of classification acts in cases where the value of
 the classification depends on the personal opinion of the classifier, and the date that the classification
 was made. This class also encompasses the notion of ""determination,"" i.e. the systematic and molecular
 identification of a specimen in biology",,"This class comprises the instances of E59 Primitive Values used for documentation such as free text
 strings, bitmaps, vector graphics, etc.","This class comprises concepts denoted by terms from thesauri and controlled vocabularies used to
 characterize and classify instances of CRM classes. Instances of E55 Type represent concepts in
 contrast to instances of E41 Appellation which are used to name instances of CRM classes.
 E55 Type is the CRM’s interface to domain specific ontologies and thesauri. These can be represented
 in the CRM as subclasses of E55 Type, forming hierarchies of terms, i.e. instances of E55 Type linked
 via P127 has broader term (has narrower term). Such hierarchies may be extended with additional
 properties.","This class comprises any sort of name, number, code or symbol characteristically used to identify an E39 Actor.
 An E39 Actor will typically have more than one E82 Actor Appellation, and instances of E82 Actor
 Appellation in turn may have alternative representations. The distinction between corporate and
 personal names, which is particularly important in library applications, should be made by explicitly
 linking the E82 Actor Appellation to an instance of either E21 Person or E74 Group/E40 Legal Body.
 If this is not possible, the distinction can be made through the use of the P2 has type mechanism.","This class comprises specific forms of E49 Time Appellation.
 Dates may vary in their degree of precision.","This class comprises the instances of E59 Primitive Values used for documentation such as free text
 strings, bitmaps, vector graphics, etc.","This class comprises the instances of E59 Primitive Values used for documentation such as free text
 strings, bitmaps, vector graphics, etc.","This class comprises the instances of E59 Primitive Values used for documentation such as free text
 strings, bitmaps, vector graphics, etc.","This class comprises any sort of name, number, code or symbol characteristically used to identify an E39 Actor.
 An E39 Actor will typically have more than one E82 Actor Appellation, and instances of E82 Actor
 Appellation in turn may have alternative representations. The distinction between corporate and
 personal names, which is particularly important in library applications, should be made by explicitly
 linking the E82 Actor Appellation to an instance of either E21 Person or E74 Group/E40 Legal Body.
 If this is not possible, the distinction can be made through the use of the P2 has type mechanism.","This class comprises specific forms of E49 Time Appellation.
 Dates may vary in their degree of precision.","This class comprises identifiable immaterial items that make propositions about reality.
 These propositions may be expressed in text, graphics, images, audiograms, videograms or by other
 similar means. Documentation databases are regarded as a special case of E31 Document. This class
 should not be confused with the term “document” in Information Technology, which is compatible
 with E73 Information Object.",,,,,,,,,,,
Semantic Node (card),Group,Group,Identifiers,,,,,,,Designation,,,Site summary,,,,,,,,,Geometry information,,,,,,,,,,,,,,,Location,,,,Landowner,,,,,Site description,,,,Associated materials,,,,,,,,Measurements,,,,,Relationships to other sites,,Chronology,,,,,,Absolute dates,,,,,,,,,,,,,Environmental description/site settings,,,,,,,Condition assessment,,,,,,,,,,,,Threats,,,,,,,,,Activity,,,Intangible heritage,,,,,Sources,Copyright/Access,,,,,Recording details,,,Uploading details,,
Node (En),Metadata (En),Metadata (En),MAEASaM ID,Name value,Name type,Name currency,Associated ID value,Associated ID type,Persistent ID,Designation,Designation date from,Designation date to,Site type,Site information source type,Site description short,Related media,Related map,Summary chronology,Summary materials/finds,Summary site shape,Site descriptive type,Geometry qualifier,Geometry (WKT),Geometry status,Coordinates latitude Y,Coordinates longitude X,Datum,Ellipsoid,Coordinate system,EPSG,Geometry recording method,Geometry information source,Visible on satellite imagery,Geometry location certainty,Geometry extent certainty,Geometry notes and editorial comments,Address,Administrative division,Nearest settlement,Direction to site,Ownership type,Landowner contacts,Landowner name,Ownership from,Ownership to,Site description long,Site shape,Site descriptive type,Site descriptive type certainty,Material collection activity/event,Material type,Material collection method,Density of materials,Quantity of excavation specimens collected,Materials location,Materials accession number,Collection provenance,Site dimension source,Measurement type,Measurement unit,Measurement value,Measured entity,Relationship type,Connected to,Chronology name,Chronology certainty,Continuity of occupation,Chronology start period,Chronology end period,Comments on chronology,Dated find ID,Dated find type,Dated find description,Dating method,Uncalibrated date,Standard deviation,Laboratory ID,Stratigraphic level or context,Calibration,Calibrated range,Find start date,Find end date,Comment on find,Land use land cover,Geomorphology,Geology,Vegetation,Soil type,Environmental description date,Environmental/site setting description,Assessment date,Date of image used,Assessor name,Basis of condition assessment,Overall condition,Disturbance cause,Disturbance frequency,Disturbance effect,Extent of impact,Severity of impact,Condition comments,Recommendation for management of disturbance,Threat assessment date,Date of image used,Threat assessor name,Basis of threat assessment,Threat type,Threat severity,Probability of threat affecting site,Threat comments,Recommendation for management of threat,Type of activity/event,Actor,Date of activity/event,Associated activity information,Associated oral histories and or traditions,Associated events,Name of informant,Date of interview or recording,Sources,Licence,Access level,Rights holder,Rights Notes,Preferred Citation,Recorder,Comment,Created at,Uploader,Uploaded at,Last modified at
Node (Fr),Metadata (Fr),Metadata (Fr),MAEASaM ID,Valeur du nom,Type du nom,Actualité du nom,Valeur du ID,Type d'identifiant associé,Identifiant pérenne,Désignation,Date de désignation du,Date de désignation au,Résumé du type de site,Origine des données du site,Description courte du site,Médias associés,Carte associée,Chronologie sommaire,Résumé des matériaux et découvertes,Résumé de la forme du site,Type descriptif du site,Qualificatif de géométrie,Géométrie WKT,Statut de la géométrie,Coordonnées latitude Y,Coordonnées longitude X,Datum,Ellipsoïde,Système de coordonnées,EPSG,Méthode d'enregistrement de la géométrie,Source d'information pour la géométrie,Visible sur les images satellites,Précision quant aux coordonnées géographiques,Exactitude quant aux coordonnées géographiques,Notes sur la géométrie et commentaires éditoriaux,Adresse,Division administrative,Village le plus proche,Direction vers le site,Type de propriété,Contacts avec le propriétaire,Nom du propriétaire,Propriété depuis,Propriété jusqu'à,Description longue du site,Forme du site,Type de description du site,Type de certitude descriptive du site,Activité ou événement de collecte des matériaux,Type de matériau d'excavation,Type de collection de fouilles,Densité des matériaux d'excavation,Quantité de spécimens de fouilles collectés,Emplacement des matériaux,Numéro d'accès au matériel,Provenance de la collection,Source des dimensions du site,Type de mesure,Unité de mesure,Valeur de la mesure,Entité mesurée,Type de relation,Connecté à,Nom de la chronologie,Certitude chronologique,Continuité de l'occupation,Période chronologique de début,Période chronologique de fin,Commentaires sur la chronologie,Date de l'identification de la trouvaille,Type de découverte datée,Description de la découverte datée,Méthode de datation,Date non calibrée,Écart-type,ID du laboratoire,Niveau ou contexte stratigraphique,Calibrage,Gamme calibrée,Trouver la date de début,Rechercher la date de fin,Commentaire sur la recherche,Utilisation des sols Couverture des sols,Géomorphologie,Géologie,Végétation,Type de sol,Date de la description environnementale,Description de l'environnement et du cadre du site,Date d'évaluation,Date de l'image utilisée,Nom de l'évaluateur,Base de l'évaluation de l'état,État général,Cause de la perturbation,Fréquence de la perturbation,Effet de la perturbation,Étendue de l'impact,Gravité de l'impact,Commentaires sur les perturbations,Recommandation pour la gestion des perturbations,Date de l'évaluation de la menace,Date de l'image utilisée,Nom de l'évaluateur de la menace,Base de l'évaluation de la menace,Type de menace,Gravité de la menace,Probabilité que la menace affecte le site,Commentaires sur les menaces,Recommandation pour la gestion de la menace,Type d'activité,Acteur,Date de l'activité,Informations associées,Histoires et/ou traditions orales associées,Événements associés,Nom de l'informateur,Date de l'entretien ou de l'enregistrement,Sources,Licence,Niveau d’accès,Titulaire des droits,Informations sur les droits d'auteur,Citation recommandée,Enregistreur,Commentaire,Date de l'enregistrement,Auteur du téléversement,Date de téléversement,Dernière modification d'enregistrement
Node (Ar),Metadata (Ar),Metadata (Ar),معرف المورد,الاسم,نوع التسمية,حالة الاسم المستخدم,قيمة المعرف المرتبط,نوع المعرف المرتبط,معرف دائم,التصنيف / الحماية,تاريخ بدء التصنيف,تاريخ انتهاء التصنيف,نوع الموقع,نوع مصدر معلومات الموقع,وصف مختصر للموقع,وسائط مرتبطة,خريطة مرتبطة,ملخص التسلسل الزمني,ملخص المواد/اللقى,شكل الموقع,نوع الموقع,وصف التمثيل الهندسي,الاحداثيات,وصف الاحداثيات,خط العرض,خط الطول,الداتم الجيوديسي,الإهليلج المرجعي,نظام الإحداثيات,رمز EPSG,طريقة تسجيل الاحداثيات,مصدر معلومات الاحداثيات,رئي عبر صور الأقمار الصناعية,دقة الموقع,دقة امتداد الاحداثيات,ملاحظات,العنوان,التقسيم الإداري,أقرب تجمع سكني,اتجاه الوصول إلى الموقع,نوع الملكية,معلومات اتصال المالك,اسم المالك,بداية الملكية,نهاية الملكية,وصف تفصيلي للموقع,شكل الموقع,نوع الموقع,دقه النوع,نشاط أو حدث جمع المواد,نوغ اللقى,طريقة جمع المواد/اللقى,كثافة المواد/اللقى,عدد اللقى المستخرجة,موقع استخراج اللقى,رقم تسجيل اللقى,مصدر/أصل المجموعة,مصدر قياسات الموقع,نوع القياس,وحدة القياس,قيمة القياس,العنصر المقاس,نوع العلاقة,مرتبط بـ,اسم الفترة الزمنية,درجة اليقين الزمني,استمرارية الاستيطان,بداية الفترة,نهاية الفترة,ملاحظات على التسلسل الزمني,معرف اللقية المؤرخة,نوع اللقية المؤرخة,وصف اللقية,طريقة التأريخ,تاريخ غير معاير,الانحراف المعياري,معرف المختبر,المستوى/السياق الطبقي,المعايرةا,لنطاق المعاير,تاريخ بداية اللقية,تاريخ نهاية اللقية,ملاحظة على اللقية,استخدام الأرض / الغطاء الأرضي,الجيومورفولوجيا,الجيولوجيا,الغطاء النباتي,نوع التربة,تاريخ الوصف البيئي,وصف البيئة / موقع الموقع,تاريخ التقييم,تاريخ الصورة المستخدمة,اسم المقيم,أساس تقييم الحالة,الحالة العامة,سبب الاضطراب,تكرار الاضطراب,تأثير الاضطراب,مدى التأثير,شدة التأثير على الموقع.,ملاحظات الحالة,توصيات إدارة الاضطراب,تاريخ تقييم التهديد,تاريخ الصورة المستخدمه,اسم مقيم التهديد,أساس تقييم التهديد,نوع التهديد,شدة التهديد,احتمال تأثير التهديد,ملاحظات,توصيات إدارة التهديد,نوع النشاط/الحدث,الجهة المنفذة,تاريخ النشاط/الحدث,معلومات مرتبطة بالنشاط,روايات شفوية/تقاليد مرتبطة,أحداث مرتبطة,اسم المُخبر,تاريخ المقابلة/التسجيل,المصادر,الترخيص,مستوى الوصول,صاحب الحقوق,ملاحظات الحقوق,الاستشهاد المفضّل,المسجّل,ملاحظة,تاريخ إنشاء المورد,اسم الرافع,تاريخ الرفع,تاريخ آخر تعديل للمورد
Node (Pt),Metadata (Pt),Metadata (Pt),ID MAEASaM,Nome,Tipo de nome,Estado do nome,Valor do identificador associado,Tipo de identificador associado,Identificador persistente,Classificação patrimonial,Data de início da classificação,Data de fim da classificação,Tipo de sítio,Tipo de fonte de informação do sítio,Descrição breve do sítio,Recursos multimédia associados,Mapa associado,Cronologia resumida,Resumo dos materiais/achados,Forma do sítio,Tipo de sítio,Qualificador da geometria,Geometria (WKT),Estado da geometria,Coordenada de latitude Y,Coordenada de longitude X,Datum,Elipsoide,Sistema de coordenadas,EPSG,Método de registo da geometria,Fonte de informação da geometria,Visível em imagens de satélite,Grau de certeza da localização geométrica,Grau de certeza da extensão geométrica,Notas sobre a geometria e comentários editoriais,Morada,Divisão administrativa,Povoação mais próxima,Direção para o sítio,Tipo de propriedade,Contactos do proprietário,Nome do proprietário,Início do período de propriedade,Fim do período de propriedade,Descrição detalhada do sítio,Forma do sítio,Tipo descritivo do sítio,Grau de certeza do tipo descritivo do sítio,Atividade/evento de recolha de materiais,Tipo de material,Método de recolha de materiais,Densidade dos materiais,Quantidade de espécimes recolhidos na escavação,Localização dos materiais,Número de inventário dos materiais,Proveniência da coleção,Fonte das dimensões do sítio,Tipo de medição,Unidade de medida,Valor medido,Entidade medida,Tipo de relação,Ligado a,Período cronológico,Grau de certeza da cronologia,Continuidade da ocupação,Início do período cronológico,Fim do período cronológico,Comentários sobre a cronologia,ID do achado datado,Tipo de achado datado,Descrição do achado datado,Método de datação,Data não calibrada,Desvio padrão,ID do laboratório,Nível ou contexto estratigráfico,Calibração,Intervalo calibrado,Data inicial do achado,Data final do achado,Comentário sobre o achado,Uso e cobertura do solo,Geomorfologia,Geologia,Vegetação,Tipo de solo,Data da descrição ambiental,Descrição do ambiente/enquadramento do sítio,Data da avaliação,Data da imagem utilizada,Nome do avaliador,Base da avaliação do estado de conservação,Estado geral de conservação,Causa da perturbação,Frequência da perturbação,Efeito da perturbação,Extensão do impacto,Gravidade do impacto,Comentários sobre o estado de conservação,Recomendação para a gestão da perturbação,Data da avaliação da ameaça,Data da imagem utilizada,Nome do avaliador da ameaça,Base da avaliação da ameaça,Tipo de ameaça,Gravidade da ameaça,Probabilidade de a ameaça afetar o sítio,Comentários sobre a ameaça,Recomendação para a gestão da ameaça,Tipo de atividade/evento,Agente,Data da atividade/evento,Informação sobre atividades associadas,Histórias orais e/ou tradições associadas,Eventos associados,Nome do informante,Data da entrevista ou gravação,Fontes,Licença,Nível de acesso,Titular dos direitos,Notas sobre direitos,Citação preferencial,Responsável pelo registo,Comentário,Data de criação do recurso,Responsável pelo carregamento,Data de carregamento,Data da última modificação do recurso
Data Type,Data Type,Data Type,String,String,Concept-list,Concept-list,String,Concept-list,String,Concept-list,Date,Date,Concept-list,Concept-list,String,Resource-Instance-List,Resource-Instance-List,Concept-list,Concept-list,Concept-list,Concept-list,Concept-list,GeoJSON-feature-collection,Concept-list,String,String,Concept-list,Concept-list,Concept-list,Concept-list,Concept-list,Resource-Instance-List,Boolean,Concept-list,Concept-list,String,String,Resource-Instance-List,String,String,Concept-list,String,String,EDTF,EDTF,String,Concept-list,Concept-list,Concept-list,Concept-list,Concept-list,Concept-list,Concept-list,Number,String,String,String,Concept-list,Concept-list,Concept-list,Number,,Concept-list,Resource-Instance-List,Resource-Instance-List,Concept-list,CV,CV,CV,String,String,Concept-list,String,Concept-list,String,String,String,String,String,String,EDTF,EDTF,String,Concept-list,Concept-list,Concept-list,String,Concept-list,Date,String,Date,Date,Resource-Instance-List,Concept-list,Concept-list,Concept-list,Concept-list,Concept-list,Concept-list,Concept-list,String,String,Date,Date,Resource-Instance-List,Concept-list,Concept-list,Concept-list,Concept-list,String,String,Concept-list,String,Date,String,String,String,String,EDTF,Resource-Instance-List,Concept-list,Concept-list,Resource-Instance-List,String,String,Resource-Instance-List,String,Date,Resource-Instance-List,Date,Date
Collection,Collection,Collection,N/A,N/A,Name type (cv),Name currencies (cv),N/A,Associated ID type (cv),N/A,Designation (cv),N/A,N/A,Site types (cv),Resource type (cv),N/A,Media (rm),Map (rm),Chronology Name Value (cv),Material/object types (cv),Site shape (cv),Site descriptive type (cv),Geometry qualifiers (cv),N/A,Geometry status (cv),N/A,N/A,Datum (cv),Ellipsoid (cv),Coordinate system (cv),EPSG (cv),Recording/verification method (cv),Information (rm),N/A,Certainty (cv),Certainty (cv),N/A,N/A,Administrative (rm),N/A,N/A,Ownership type (cv),N/A,N/A,N/A,N/A,N/A,Site shape (cv),Site descriptive type (cv),Certainty (cv),Activity/event types (cv),Material/object types (cv),Collection/sampling/survey method (cv),Density of materials (cv),N/A,N/A,N/A,N/A,Recording/verification method (cv),Measurement types (cv),Measurement units (cv),N/A,,Relationship type (cv),Site (rm),Chronology (rm),Certainty (cv),,,,N/A,N/A,Material/object types (cv),N/A,Absolute dating method (cv),N/A,N/A,N/A,N/A,N/A,N/A,N/A,N/A,N/A,LULC (cv),Geomorphology (cv),Geology (cv),N/A,Soil type (cv),N/A,N/A,N/A,N/A,Actor (rm),Recording/verification method (cv),Overall site conditions (cv),Disturbance cause (cv),Disturbance frequency (cv),Disturbance effect (cv),Extent of impact (cv),Severity of impact (cv),N/A,N/A,N/A,N/A,Actor (rm),Recording/verification method (cv),Disturbance cause (cv),Severity of impact (cv),Threat probabilities (cv),N/A,N/A,Activity/event types (cv),N/A,N/A,N/A,N/A,N/A,N/A,N/A,Information (rm),Licences (cv),Access levels (cv),Actor (rm),N/A,N/A,Actor (rm),N/A,N/A,Actor (rm),N/A,N/A
,Necessity,Necessity,Mandatory,Mandatory,Mandatory if (Name value),Optional,Optional,Optional,Optional,Optional,Optional,Optional,Mandatory,Mandatory,Optional,Optional,Optional,Mandatory,Mandatory,Mandatory,Mandatory,Mandatory,Mandatory,Mandatory,Mandatory,Mandatory,Mandatory,Mandatory,Mandatory,Optional,Mandatory,Optional,Optional,Mandatory,Mandatory,Optional,Optional,Strongly recommended,Optional,Optional,Optional,Optional,Optional,Optional,Optional,Strongly recommended,Strongly recommended,Strongly recommended,Strongly recommended,Strongly recommended,Strongly recommended,Strongly recommended,Strongly recommended,Strongly recommended,Strongly recommended,Strongly recommended,Strongly recommended,Optional,Strongly recommended,Strongly recommended,Strongly recommended,Strongly recommended,Strongly recommended,Strongly recommended,Strongly recommended,Strongly recommended,Optional,Optional,Optional,Optional,Optional,Optional,Optional,Optional,Optional,Optional,Optional,Optional,Optional,Optional,Optional,Optional,Optional,Strongly recommended,Optional,Optional,Optional,Optional,Optional,Optional,Strongly recommended,Optional,Strongly recommended,Optional,Optional,Strongly recommended,Strongly recommended,Strongly recommended,Strongly recommended,Strongly recommended,Strongly recommended,Strongly recommended,Strongly recommended,Strongly recommended,Strongly recommended,Strongly recommended,Strongly recommended,Strongly recommended,Strongly recommended,Strongly recommended,Strongly recommended,Optional,Optional,Optional,Optional,Optional,Optional,Optional,Optional,Optional,Mandatory,Mandatory,Mandatory,Optional,Mandatory,Mandatory,Optional,Mandatory,Mandatory,Mandatory,Mandatory
,Cardinality,Cardinality,1,1..n,1..n,0..n,0..n,0..n,0..n,0..n,0..n,0..n,1..n,1..n,0..n,0..n,0..n,1..n,1..n,1..n,1..n,1..n,1..n,1..n,1..n,1..n,1..n,1..n,1..n,0..n,1..n,0..n,0..n,1..n,1..n,0..n,0..n,0..1,0..n,0..n,0..n,0..n,0..n,0..n,0..n,0..n,0..n,0..n,0..n,0..n,0..n,0..n,0..n,0..n,0..n,0..n,0..n,0..n,0..n,0..n,0..n,0..n,0..n,0..n,0..n,0..n,0..n,0..n,0..n,0..n,0..n,0..n,0..n,0..n,0..n,0..n,0..n,0..n,0..n,0..n,0..n,0..n,0..n,1..n,0..n,0..n,0..n,0..n,0..n,0..n,1..n,0..n,1..n,0..n,0..n,1..n,1..n,1..n,0..1,0..1,0..1,0..1,0..1,0..1,0..1,0..n,0..n,0..n,0..n,0..n,0..n,0..n,0..n,0..n,0..n,0..n,0..n,0..n,0..n,0..n,1,1,1..n,0..1,1,1..n,0..n,1,1,1,1
,Dublin Core Equivalent,Dublin Core Equivalent,http://purl.org/dc/terms/identifier,http://purl.org/dc/terms/title,http://purl.org/dc/terms/type,No direct equivalent,http://purl.org/dc/terms/identifier,No direct equivalent,http://purl.org/dc/terms/identifier,No direct equivalent,http://purl.org/dc/terms/date,http://purl.org/dc/terms/date,http://purl.org/dc/terms/type,No direct equivalent,http://purl.org/dc/terms/description,http://purl.org/dc/terms/relation,http://purl.org/dc/terms/relation,http://purl.org/dc/terms/temporal,http://purl.org/dc/terms/subject,No direct equivalent,http://purl.org/dc/terms/type,http://purl.org/dc/terms/spatial,http://purl.org/dc/terms/spatial,No direct equivalent,http://purl.org/dc/terms/spatial,http://purl.org/dc/terms/spatial,No direct equivalent,No direct equivalent,No direct equivalent,No direct equivalent,No direct equivalent,http://purl.org/dc/terms/source,No direct equivalent,No direct equivalent,No direct equivalent,http://purl.org/dc/terms/description,No direct equivalent,No direct equivalent,http://purl.org/dc/terms/spatial,No direct equivalent,No direct equivalent,No direct equivalent,No direct equivalent,http://purl.org/dc/terms/date,http://purl.org/dc/terms/date,http://purl.org/dc/terms/description,No direct equivalent,http://purl.org/dc/terms/type,No direct equivalent,No direct equivalent,http://purl.org/dc/terms/subject,No direct equivalent,No direct equivalent,No direct equivalent,No direct equivalent,http://purl.org/dc/terms/identifier,http://purl.org/dc/terms/provenance,No direct equivalent,No direct equivalent,No direct equivalent,No direct equivalent,No direct equivalent,http://purl.org/dc/terms/type,http://purl.org/dc/terms/relation,http://purl.org/dc/terms/temporal,No direct equivalent,No direct equivalent,http://purl.org/dc/terms/temporal,http://purl.org/dc/terms/temporal,http://purl.org/dc/terms/description,http://purl.org/dc/terms/identifier,http://purl.org/dc/terms/subject,http://purl.org/dc/terms/description,No direct equivalent,No direct equivalent,No direct equivalent,http://purl.org/dc/terms/identifier,No direct equivalent,No direct equivalent,No direct equivalent,http://purl.org/dc/terms/temporal,http://purl.org/dc/terms/temporal,http://purl.org/dc/terms/description,No direct equivalent,No direct equivalent,No direct equivalent,No direct equivalent,No direct equivalent,http://purl.org/dc/terms/date,http://purl.org/dc/terms/description,http://purl.org/dc/terms/date,http://purl.org/dc/terms/date,http://purl.org/dc/terms/contributor,No direct equivalent,No direct equivalent,http://purl.org/dc/terms/description,http://purl.org/dc/terms/description,http://purl.org/dc/terms/description,No direct equivalent,No direct equivalent,http://purl.org/dc/terms/description,No direct equivalent,http://purl.org/dc/terms/date,http://purl.org/dc/terms/date,http://purl.org/dc/terms/contributor,No direct equivalent,No direct equivalent,No direct equivalent,No direct equivalent,http://purl.org/dc/terms/description,http://purl.org/dc/terms/description,http://purl.org/dc/terms/type,http://purl.org/dc/terms/contributor,http://purl.org/dc/terms/date,http://purl.org/dc/terms/description,http://purl.org/dc/terms/description,http://purl.org/dc/terms/description,http://purl.org/dc/terms/contributor,http://purl.org/dc/terms/date,http://purl.org/dc/terms/source,http://purl.org/dc/terms/license,http://purl.org/dc/terms/accessRights,http://purl.org/dc/terms/rightsHolder,http://purl.org/dc/terms/rights,http://purl.org/dc/terms/bibliographicCitation,http://purl.org/dc/terms/contributor,http://purl.org/dc/terms/description,http://purl.org/dc/terms/created,http://purl.org/dc/terms/contributor,http://purl.org/dc/terms/dateSubmitted,http://purl.org/dc/terms/modified
,Operational Info,Operational Info,Primary Key,N/A,N/A,N/A,N/A,N/A,N/A,N/A,N/A,N/A,N/A,N/A,N/A,Foreign Key,Foreign Key,N/A,N/A,N/A,N/A,N/A,N/A,N/A,N/A,N/A,N/A,N/A,N/A,N/A,N/A,Foreign Key,N/A,N/A,N/A,N/A,N/A,Derived,N/A,N/A,N/A,N/A,N/A,N/A,N/A,N/A,N/A,N/A,N/A,N/A,N/A,N/A,N/A,N/A,N/A,N/A,N/A,N/A,N/A,N/A,N/A,,N/A,Foreign Key,Foreign Key,N/A,,,,N/A,N/A,N/A,N/A,N/A,N/A,N/A,N/A,N/A,N/A,N/A,N/A,N/A,N/A,N/A,N/A,N/A,N/A,N/A,N/A,N/A,N/A,N/A,Foreign Key,N/A,N/A,N/A,N/A,N/A,N/A,N/A,N/A,N/A,N/A,N/A,Foreign Key,N/A,N/A,N/A,N/A,N/A,N/A,N/A,N/A,N/A,N/A,N/A,N/A,N/A,N/A,Foreign Key,N/A,N/A,Foreign Key,N/A,Auto-Populated,Foreign Key,N/A,N/A,Foreign Key,Auto-Populated,Auto-Populated
MAEASaM Scope Note (En),Definition (En),Definition (En),A unique identifier assigned to each site resource. Format: SITE-[3-letter country code]-8-digit number (e.g. SITE-MLI-00001000).,The textual name or designation by which the heritage resource is identified or known.,The classification or role assigned to the recorded site name.,Whether the name is in current use or was used in the past or in a specific historical context.,An external or legacy identifier associated with the documented heritage resource.,The classification or source of the associated external identifier.,A persistent identifier that provides a stable and long-term reference to the heritage resource or its digital record.,The official heritage designation or legal protection status assigned to the documented resource.,The date on which the designation or protection status became effective.,"The date on which the designation or protection status ceased to be effective, where applicable.",The broad classification of the documented heritage resource based on its principal heritage character.,The type of documentary source from which the information describing the archaeological site has been derived.,A concise narrative summary describing the principal archaeological characteristics of the documented site.,Links to media resources associated with the documented site for visual documentation and supporting evidence.,"Links to cartographic resources illustrating the location, extent, or archaeological interpretation of the documented site.",The principal chronological period or periods associated with the documented site.,An overview of the principal materials and artefacts found at the site.,The principal overall shape of the documented site.,The principal archaeological descriptive type or functional interpretation assigned to the documented site.,The type of spatial representation described by the recorded geometry.,The geographic location and spatial extent of the documented site using Well-Known Text (WKT) format.,"The status of the recorded geometry, distinguishing current spatial data from legacy or superseded geometries.",The latitude (Y) component of legacy or former coordinate information associated with the documented site.,The longitude (X) component of legacy or former coordinate information associated with the documented site.,The geodetic datum associated with the recorded spatial coordinates.,The reference ellipsoid associated with the recorded coordinate reference system.,The coordinate reference system used to define the recorded spatial coordinates.,The EPSG identifier corresponding to the recorded coordinate reference system.,"The method or workflow used to create, verify, or document the recorded geometry.","The information resource used to create, verify, or support the recorded geometry.",Whether the documented site or feature is identifiable in available satellite imagery.,The level of confidence assigned to the recorded geographic location of the site.,The level of confidence assigned to the recorded spatial extent or boundaries of the site.,"Supplementary notes, observations, uncertainties, and editorial comments relating to the recorded geometry.","The physical, administrative, cadastral, postal, or descriptive address used to locate the documented site.",The administrative units within which the documented site is located.,The nearest inhabited settlement associated with the documented site.,Descriptive directions for reaching the documented site from a recognised reference location.,The category of ownership applicable to the land on which the documented site is located.,"The contact information for the individual, organisation, community, or authority holding ownership rights over the site.","The name of the individual, organisation, community, or institution that owns the land on which the site is located.",The date from which the current ownership of the site became effective.,"The date on which the current ownership or legal rights over the land came to an end, where applicable.","A detailed narrative description of the archaeological site, including its physical characteristics, archaeological evidence, environmental context, spatial organisation, and interpretative information.",The general spatial form of the site.,The specific classification describing the form or function of the site.,The level of confidence in the site descriptive type.,The activity or event through which archaeological materials or objects were recovered from the site.,The type or category of archaeological material or object associated with the documented site.,The method used to collect the materials.,The relative concentration of materials within the site.,The number of items recovered through excavation.,The place where the collected materials are stored.,The unique identifier assigned to the stored materials.,The origin and ownership history of the collected materials.,The source from which the site measurements were obtained.,"The aspect of the site or feature being measured, such as length, width, height, area or depth.","The unit in which the measurement value is expressed, such as metres, centimetres, kilometres or hectares.","The numeric value of the measurement, read together with the measurement type and unit.",The feature or object to which the measurement applies.,The nature of the relationship between this site and the connected site.,The site record to which this site is related.,The archaeological or historical period assigned to the documented site or feature.,The level of confidence assigned to the identified chronological period.,Whether occupation or use of the site was continuous or discontinuous across the documented chronological sequence.,The earliest chronological period represented by the documented occupation or activity.,The latest chronological period represented by the documented occupation or activity.,"Supplementary observations, interpretations, uncertainties, and editorial comments relating to the documented chronology.",The unique identifier assigned to a dated archaeological find associated with the documented site.,The classification of the archaeological find used for chronological dating.,A descriptive summary of the archaeological find used to establish or support the site's chronology.,The scientific or archaeological method used to determine the age of the documented find or context.,"The original measured date obtained prior to calibration, where applicable.",The statistical uncertainty associated with the recorded uncalibrated date.,The identifier assigned by the laboratory responsible for producing the dating result.,"The archaeological stratigraphic unit, layer, or context from which the dated sample or find was recovered.","The calibration dataset, method, or procedure used to convert the uncalibrated date into calibrated calendar dates.",The calibrated calendar date range produced from the dating analysis.,The earliest calendar date assigned to the dated archaeological find or sample.,The latest calendar date assigned to the dated archaeological find or sample.,"Supplementary observations, interpretations, uncertainties, and editorial comments relating to the dated archaeological find.",The current or documented land use and land cover characteristics surrounding or encompassing the site.,The geomorphological characteristics of the landscape in which the documented site is situated.,The geological characteristics or bedrock underlying the documented site.,The dominant vegetation types associated with the documented site and its surrounding environment.,The dominant soil type or soil classification associated with the documented site.,The date on which the environmental or landscape description was documented or assessed.,A description of the environmental and landscape context of the site.,The date on which the condition assessment was carried out.,The date on which the image used for the condition assessment was taken.,The person or organisation that carried out the condition assessment.,"The method or source on which the condition assessment is based (e.g. ground-truthing, satellite imagery, legacy data).",The overall state of preservation of the site at the time of assessment.,The main activity or process responsible for disturbing or damaging the site.,"How often the disturbance occurs - a single event, a repeated activity or a continuous process.","The physical effect of the disturbance on the archaeological remains, such as removal, damage or alteration of site features.","How much of the site area is affected by the disturbance, from localised to widespread.",How serious the damage or degradation caused by the disturbance is.,Additional comments or information on the condition of the site.,Recommendations to the national heritage authorities on measures to address the disturbance and improve the state of the site.,The date on which the threat assessment was carried out.,The date on which the image used for the threat assessment was taken.,The person or organisation that carried out the threat assessment.,The method or source used to assess the threat or threats affecting the site.,The type of threat identified that may affect the site.,The degree to which the identified threat is affecting the site.,"The estimated likelihood that the identified threat will affect the site, based on the analyst's interpretation of the available evidence.",Additional comments or information on the threats to the site.,Recommendations to the national heritage authorities on measures to address the threat and protect the site.,The type of activity or event recorded at the site.,The person or organisation involved in the activity or event.,The date on which the activity or event took place.,Additional details about the activity or event.,Oral histories or traditions associated with the site.,Historical or cultural events associated with the site.,The name of the person who provided the oral information.,The date on which the interview or recording took place.,"The information sources (publications, webpages, databases) used to create the record.",The licence under which the digital resource may be used or reused.,The level of access permitted for the digital resource.,The person or organisation holding or managing rights associated with the resource.,"Additional information about rights, permissions, restrictions, or copyright status that is not captured by the other rights and access fields.",The recommended citation to use when referring to or reusing the resource.,The name of the individual responsible for creating the resource record.,Any additional information relevant to this resource that the recorder feels should be documented.,The date on which the resource record was created in the database.,The name of the individual that uploaded this resource record to Arches.,The date on which this resource record was added to Arches.,The most recent date on which the resource record was modified.
,Input Instructions (En),Input Instructions (En),Please enter the information as free text.,Please enter the information as free text.,"Please write the term exactly as recorded in the ""Name type (cv)"" controlled vocabulary.","Please write the term exactly as recorded in the ""Name currencies (cv)"" controlled vocabulary.",Please enter the information as free text.,"Please write the term exactly as recorded in the ""Associated ID type (cv)"" controlled vocabulary.",Please enter the information as free text.,"Please write the term exactly as recorded in the ""Designation (cv)"" controlled vocabulary.",Please enter the date in ISO format (YYYY-MM-DD).,Please enter the date in ISO format (YYYY-MM-DD).,"Please write the term exactly as recorded in the ""Site types (cv)"" controlled vocabulary.","Please write the term exactly as recorded in the ""Resource type (cv)"" controlled vocabulary.",Please enter the information as free text.,"Please write the MAEASaM ID of the relevant record from the ""Media (rm)"" resource instance.","Please write the MAEASaM ID of the relevant record from the ""Map (rm)"" resource instance.","Please write the term exactly as recorded in the ""Chronology Name Value (cv)"" controlled vocabulary.","Please write the term exactly as recorded in the ""Material/object types (cv)"" controlled vocabulary.","Please write the term exactly as recorded in the ""Site shape (cv)"" controlled vocabulary.","Please write the term exactly as recorded in the ""Site descriptive type (cv)"" controlled vocabulary.","Please write the term exactly as recorded in the ""Geometry qualifiers (cv)"" controlled vocabulary.",Please provide the geometry as coordinates in Well-Known Text (WKT) format.,"Please write the term exactly as recorded in the ""Geometry status (cv)"" controlled vocabulary.",Please enter the information as free text.,Please enter the information as free text.,"Please write the term exactly as recorded in the ""Datum (cv)"" controlled vocabulary.","Please write the term exactly as recorded in the ""Ellipsoid (cv)"" controlled vocabulary.","Please write the term exactly as recorded in the ""Coordinate system (cv)"" controlled vocabulary.","Please write the term exactly as recorded in the ""EPSG (cv)"" controlled vocabulary.","Please write the term exactly as recorded in the ""Recording/verification method (cv)"" controlled vocabulary.","Please write the MAEASaM ID of the relevant record from the ""Information (rm)"" resource instance.","Please enter either ""Yes"" or ""No"" as the value.","Please write the term exactly as recorded in the ""Certainty (cv)"" controlled vocabulary.","Please write the term exactly as recorded in the ""Certainty (cv)"" controlled vocabulary.",Please enter the information as free text.,Please enter the information as free text.,This field is automatically derived from the linked resource record(s). Leave this field blank.,Please enter the information as free text.,Please enter the information as free text.,"Please write the term exactly as recorded in the ""Ownership type (cv)"" controlled vocabulary.",Please enter the information as free text.,Please enter the information as free text.,Please enter the date using the Extended Date/Time Format (EDTF) standard (https://www.loc.gov/standards/datetime/). Avoid the combined '%' qualifier - a known Arches issue drops it on save; '?' and '~' alone work fine.,Please enter the date using the Extended Date/Time Format (EDTF) standard (https://www.loc.gov/standards/datetime/). Avoid the combined '%' qualifier - a known Arches issue drops it on save; '?' and '~' alone work fine.,Please enter the information as free text.,"Please write the term exactly as recorded in the ""Site shape (cv)"" controlled vocabulary.","Please write the term exactly as recorded in the ""Site descriptive type (cv)"" controlled vocabulary.","Please write the term exactly as recorded in the ""Certainty (cv)"" controlled vocabulary.","Please write the term exactly as recorded in the ""Activity/event types (cv)"" controlled vocabulary.","Please write the term exactly as recorded in the ""Material/object types (cv)"" controlled vocabulary.","Please write the term exactly as recorded in the ""Collection/sampling/survey method (cv)"" controlled vocabulary.","Please write the term exactly as recorded in the ""Density of materials (cv)"" controlled vocabulary.",Please enter a numeric value only (no units or additional text).,Please enter the information as free text.,Please enter the information as free text.,Please enter the information as free text.,"Please write the term exactly as recorded in the ""Recording/verification method (cv)"" controlled vocabulary.","Please write the term exactly as recorded in the ""Measurement types (cv)"" controlled vocabulary.","Please write the term exactly as recorded in the ""Measurement units (cv)"" controlled vocabulary.",Please enter a numeric value only (no units or additional text).,,"Please write the term exactly as recorded in the ""Relationship type (cv)"" controlled vocabulary.","Please write the MAEASaM ID of the relevant record from the ""Site (rm)"" resource instance.","Please write the MAEASaM ID of the relevant record from the ""Chronology (rm)"" resource instance.","Please write the term exactly as recorded in the ""Certainty (cv)"" controlled vocabulary.",,,,Please enter the information as free text.,Please enter the information as free text.,"Please write the term exactly as recorded in the ""Material/object types (cv)"" controlled vocabulary.",Please enter the information as free text.,"Please write the term exactly as recorded in the ""Absolute dating method (cv)"" controlled vocabulary.",Please enter the information as free text.,Please enter the information as free text.,Please enter the information as free text.,Please enter the information as free text.,Please enter the information as free text.,Please enter the information as free text.,Please enter the date using the Extended Date/Time Format (EDTF) standard (https://www.loc.gov/standards/datetime/). Avoid the combined '%' qualifier - a known Arches issue drops it on save; '?' and '~' alone work fine.,Please enter the date using the Extended Date/Time Format (EDTF) standard (https://www.loc.gov/standards/datetime/). Avoid the combined '%' qualifier - a known Arches issue drops it on save; '?' and '~' alone work fine.,Please enter the information as free text.,"Please write the term exactly as recorded in the ""LULC (cv)"" controlled vocabulary.","Please write the term exactly as recorded in the ""Geomorphology (cv)"" controlled vocabulary.","Please write the term exactly as recorded in the ""Geology (cv)"" controlled vocabulary.",Please enter the information as free text.,"Please write the term exactly as recorded in the ""Soil type (cv)"" controlled vocabulary.",Please enter the date in ISO format (YYYY-MM-DD).,Please enter the information as free text.,Please enter the date in ISO format (YYYY-MM-DD).,Please enter the date in ISO format (YYYY-MM-DD).,"Please write the MAEASaM ID of the relevant record from the ""Actor (rm)"" resource instance.","Please write the term exactly as recorded in the ""Recording/verification method (cv)"" controlled vocabulary.","Please write the term exactly as recorded in the ""Overall site conditions (cv)"" controlled vocabulary.","Please write the term exactly as recorded in the ""Disturbance cause (cv)"" controlled vocabulary.","Please write the term exactly as recorded in the ""Disturbance frequency (cv)"" controlled vocabulary.","Please write the term exactly as recorded in the ""Disturbance effect (cv)"" controlled vocabulary.","Please write the term exactly as recorded in the ""Extent of impact (cv)"" controlled vocabulary.","Please write the term exactly as recorded in the ""Severity of impact (cv)"" controlled vocabulary.",Please enter the information as free text.,Please enter the information as free text.,Please enter the date in ISO format (YYYY-MM-DD).,Please enter the date in ISO format (YYYY-MM-DD).,"Please write the MAEASaM ID of the relevant record from the ""Actor (rm)"" resource instance.","Please write the term exactly as recorded in the ""Recording/verification method (cv)"" controlled vocabulary.","Please write the term exactly as recorded in the ""Disturbance cause (cv)"" controlled vocabulary.","Please write the term exactly as recorded in the ""Severity of impact (cv)"" controlled vocabulary.","Please write the term exactly as recorded in the ""Threat probabilities (cv)"" controlled vocabulary.",Please enter the information as free text.,Please enter the information as free text.,"Please write the term exactly as recorded in the ""Activity/event types (cv)"" controlled vocabulary.",Please enter the information as free text.,Please enter the date in ISO format (YYYY-MM-DD).,Please enter the information as free text.,Please enter the information as free text.,Please enter the information as free text.,Please enter the information as free text.,Please enter the date using the Extended Date/Time Format (EDTF) standard (https://www.loc.gov/standards/datetime/). Avoid the combined '%' qualifier - a known Arches issue drops it on save; '?' and '~' alone work fine.,"Please write the MAEASaM ID of the relevant record from the ""Information (rm)"" resource instance.","Please write the term exactly as recorded in the ""Licences (cv)"" controlled vocabulary.","Please write the term exactly as recorded in the ""Access levels (cv)"" controlled vocabulary.","Please write the MAEASaM ID of the relevant record from the ""Actor (rm)"" resource instance.",Please enter the information as free text.,This field is automatically populated by the system. Leave this field blank.,"Please write the MAEASaM ID of the relevant record from the ""Actor (rm)"" resource instance.",Please enter the information as free text.,Please enter the date in ISO format (YYYY-MM-DD).,"Please write the MAEASaM ID of the relevant record from the ""Actor (rm)"" resource instance.",This field is automatically populated by the system. Leave this field blank.,This field is automatically populated by the system. Leave this field blank.
MAEASaM Scope Note (Fr),Definition (Fr),Definition (Fr),Identifiant unique attribué à chaque ressource de site. Format : SITE-[code pays à 3 lettres]-numéro à 8 chiffres (par exemple SITE-MLI-00001000).,Le nom ou la dénomination textuelle par lequel la ressource patrimoniale est identifiée ou connue.,La classification ou le rôle attribué au nom de site enregistré.,Indique si le nom est actuellement en usage ou s'il a été utilisé dans le passé ou dans un contexte historique particulier.,Un identifiant externe ou ancien associé à la ressource patrimoniale documentée.,La classification ou la source de l'identifiant externe associé.,Un identifiant pérenne qui fournit une référence stable et durable à la ressource patrimoniale ou à son enregistrement numérique.,La désignation patrimoniale officielle ou le statut de protection juridique attribué à la ressource documentée.,La date à laquelle la désignation ou le statut de protection est entré en vigueur.,"La date à laquelle la désignation ou le statut de protection a cessé d'être en vigueur, le cas échéant.",La classification générale de la ressource patrimoniale documentée selon son caractère patrimonial principal.,Le type de source documentaire dont proviennent les informations décrivant le site archéologique.,Un résumé narratif concis décrivant les principales caractéristiques archéologiques du site documenté.,"Liens vers des ressources médiatiques associées au site documenté, servant de documentation visuelle et de preuves à l'appui.","Liens vers des ressources cartographiques illustrant l'emplacement, l'étendue ou l'interprétation archéologique du site documenté.",La ou les principales périodes chronologiques associées au site documenté.,Un aperçu des principaux matériaux et artefacts découverts sur le site.,La forme générale principale du site documenté.,Le principal type descriptif archéologique ou l'interprétation fonctionnelle attribuée au site documenté.,Le type de représentation spatiale décrit par la géométrie enregistrée.,La localisation géographique et l'étendue spatiale du site documenté au format Well-Known Text (WKT).,"Le statut de la géométrie enregistrée, qui distingue les données spatiales actuelles des géométries anciennes ou remplacées.",La composante latitude (Y) des informations de coordonnées anciennes associées au site documenté.,La composante longitude (X) des informations de coordonnées anciennes associées au site documenté.,Le datum géodésique associé aux coordonnées spatiales enregistrées.,L'ellipsoïde de référence associé au système de référence de coordonnées enregistré.,Le système de référence de coordonnées utilisé pour définir les coordonnées spatiales enregistrées.,L'identifiant EPSG correspondant au système de référence de coordonnées enregistré.,"La méthode ou le processus utilisé pour créer, vérifier ou documenter la géométrie enregistrée.","La ressource d'information utilisée pour créer, vérifier ou étayer la géométrie enregistrée.",Indique si le site ou l'élément documenté est identifiable sur les images satellites disponibles.,Le niveau de confiance attribué à la localisation géographique enregistrée du site.,Le niveau de confiance attribué à l'étendue spatiale ou aux limites enregistrées du site.,"Notes complémentaires, observations, incertitudes et commentaires éditoriaux relatifs à la géométrie enregistrée.","L'adresse physique, administrative, cadastrale, postale ou descriptive utilisée pour localiser le site documenté.",Les unités administratives dans lesquelles se trouve le site documenté.,L'établissement habité le plus proche associé au site documenté.,Indications descriptives pour atteindre le site documenté à partir d'un point de référence reconnu.,La catégorie de propriété applicable au terrain sur lequel se trouve le site documenté.,"Les coordonnées de la personne, de l'organisation, de la communauté ou de l'autorité détenant les droits de propriété sur le site.","Le nom de la personne, de l'organisation, de la communauté ou de l'institution propriétaire du terrain sur lequel se trouve le site.",La date à partir de laquelle la propriété actuelle du site a pris effet.,"La date à laquelle la propriété actuelle ou les droits légaux sur le terrain ont pris fin, le cas échéant.","Une description narrative détaillée du site archéologique, comprenant ses caractéristiques physiques, les témoins archéologiques, le contexte environnemental, l'organisation spatiale et les éléments d'interprétation.",La forme spatiale générale du site.,La classification précise décrivant la forme ou la fonction du site.,Le niveau de confiance dans le type descriptif du site.,L'activité ou l'événement par lequel des matériaux ou objets archéologiques ont été récupérés sur le site.,Le type ou la catégorie de matériau ou d'objet archéologique associé au site documenté.,La méthode utilisée pour collecter les matériaux.,La concentration relative des matériaux sur le site.,Le nombre d'éléments récupérés lors de la fouille.,Le lieu où sont conservés les matériaux collectés.,L'identifiant unique attribué aux matériaux conservés.,L'origine et l'historique de propriété des matériaux collectés.,La source dont proviennent les mesures du site.,"L'aspect du site ou de l'élément mesuré, tel que la longueur, la largeur, la hauteur, la surface ou la profondeur.","L'unité dans laquelle la valeur de mesure est exprimée, par exemple mètres, centimètres, kilomètres ou hectares.","La valeur numérique de la mesure, à lire avec le type et l'unité de mesure.",L'élément ou l'objet auquel s'applique la mesure.,La nature de la relation entre ce site et le site lié.,L'enregistrement de site auquel ce site est lié.,La période archéologique ou historique attribuée au site ou à l'élément documenté.,Le niveau de confiance attribué à la période chronologique identifiée.,Indique si l'occupation ou l'utilisation du site a été continue ou discontinue au cours de la séquence chronologique documentée.,La période chronologique la plus ancienne représentée par l'occupation ou l'activité documentée.,La période chronologique la plus récente représentée par l'occupation ou l'activité documentée.,"Observations complémentaires, interprétations, incertitudes et commentaires éditoriaux relatifs à la chronologie documentée.",L'identifiant unique attribué à une découverte archéologique datée associée au site documenté.,La classification de la découverte archéologique utilisée pour la datation chronologique.,Un résumé descriptif de la découverte archéologique utilisée pour établir ou étayer la chronologie du site.,La méthode scientifique ou archéologique utilisée pour déterminer l'âge de la découverte ou du contexte documenté.,"La date mesurée d'origine obtenue avant calibration, le cas échéant.",L'incertitude statistique associée à la date non calibrée enregistrée.,L'identifiant attribué par le laboratoire ayant produit le résultat de datation.,"L'unité stratigraphique, la couche ou le contexte archéologique d'où provient l'échantillon ou la découverte datée.","Le jeu de données, la méthode ou la procédure de calibration utilisé pour convertir la date non calibrée en dates calendaires calibrées.",L'intervalle de dates calendaires calibrées issu de l'analyse de datation.,La date calendaire la plus ancienne attribuée à la découverte ou à l'échantillon archéologique daté.,La date calendaire la plus récente attribuée à la découverte ou à l'échantillon archéologique daté.,"Observations complémentaires, interprétations, incertitudes et commentaires éditoriaux relatifs à la découverte archéologique datée.",Les caractéristiques actuelles ou documentées d'utilisation et d'occupation des sols autour du site ou le recouvrant.,Les caractéristiques géomorphologiques du paysage dans lequel se trouve le site documenté.,Les caractéristiques géologiques ou le substrat rocheux sous-jacent au site documenté.,Les types de végétation dominants associés au site documenté et à son environnement.,Le type de sol dominant ou la classification des sols associée au site documenté.,La date à laquelle la description de l'environnement ou du paysage a été documentée ou évaluée.,Une description du contexte environnemental et paysager du site.,La date à laquelle l'évaluation de l'état a été réalisée.,La date à laquelle a été prise l'image utilisée pour l'évaluation de l'état.,La personne ou l'organisation ayant réalisé l'évaluation de l'état.,"La méthode ou la source sur laquelle repose l'évaluation de l'état (par exemple vérification sur le terrain, imagerie satellitaire, données anciennes).",L'état général de conservation du site au moment de l'évaluation.,La principale activité ou le principal processus responsable de la perturbation ou de la dégradation du site.,"La fréquence de la perturbation : événement unique, activité répétée ou processus continu.","L'effet physique de la perturbation sur les vestiges archéologiques, tel que l'enlèvement, l'endommagement ou l'altération d'éléments du site.","La part de la surface du site affectée par la perturbation, de localisée à étendue.",La gravité des dommages ou de la dégradation causés par la perturbation.,Commentaires ou informations supplémentaires sur l'état du site.,Recommandations aux autorités nationales du patrimoine sur les mesures à prendre face à la perturbation et pour améliorer l'état du site.,La date à laquelle l'évaluation de la menace a été réalisée.,La date à laquelle a été prise l'image utilisée pour l'évaluation de la menace.,La personne ou l'organisation ayant réalisé l'évaluation de la menace.,La méthode ou la source utilisée pour évaluer la ou les menaces affectant le site.,Le type de menace identifiée susceptible d'affecter le site.,Le degré auquel la menace identifiée affecte le site.,"La probabilité estimée que la menace identifiée affecte le site, selon l'interprétation des éléments disponibles par l'analyste.",Commentaires ou informations supplémentaires sur les menaces pesant sur le site.,Recommandations aux autorités nationales du patrimoine sur les mesures à prendre face à la menace et pour protéger le site.,Le type d'activité ou d'événement enregistré sur le site.,La personne ou l'organisation impliquée dans l'activité ou l'événement.,La date à laquelle l'activité ou l'événement a eu lieu.,Précisions supplémentaires sur l'activité ou l'événement.,Histoires orales ou traditions associées au site.,Événements historiques ou culturels associés au site.,Le nom de la personne qui a fourni les informations orales.,La date à laquelle l'entretien ou l'enregistrement a eu lieu.,"Les sources d'information (publications, pages web, bases de données) utilisées pour créer l'enregistrement.",La licence en vertu de laquelle la ressource numérique peut être utilisée ou réutilisée.,Le niveau d'accès autorisé pour la ressource numérique.,La personne ou l'organisation détenant ou gérant les droits associés à la ressource.,"Informations complémentaires sur les droits, autorisations, restrictions ou le statut relatif aux droits d'auteur, non couvertes par les autres champs relatifs aux droits et à l'accès.",La citation recommandée pour faire référence à la ressource ou la réutiliser.,Le nom de la personne responsable de la création de l'enregistrement de la ressource.,Toute information complémentaire relative à la ressource que la personne ayant effectué l'enregistrement juge utile de documenter.,La date à laquelle l'enregistrement de la ressource a été créé dans la base de données.,Le nom de la personne ayant téléversé cet enregistrement de ressource dans Arches.,La date à laquelle cet enregistrement de ressource a été ajouté dans Arches.,La date la plus récente à laquelle l'enregistrement de la ressource a été modifié.
MAEASaM Scope  Note (Ar),Definition (Ar),Definition (Ar),معرّف فريد يُسند إلى كل مورد موقع. الصيغة: SITE-[رمز البلد المكوّن من 3 أحرف]-رقم من 8 خانات (مثال: SITE-MLI-00001000).,الاسم أو التسمية النصية التي يُعرف بها المورد التراثي أو يُحدَّد.,التصنيف أو الدور المُسند إلى اسم الموقع المسجّل.,ما إذا كان الاسم مستخدمًا حاليًا أو استُخدم في الماضي أو في سياق تاريخي معيّن.,معرّف خارجي أو قديم مرتبط بالمورد التراثي الموثَّق.,تصنيف المعرّف الخارجي المرتبط أو مصدره.,معرّف دائم يوفّر مرجعًا ثابتًا وطويل الأمد للمورد التراثي أو لسجله الرقمي.,التصنيف التراثي الرسمي أو وضع الحماية القانونية المُسند إلى المورد الموثَّق.,التاريخ الذي أصبح فيه التصنيف أو وضع الحماية ساريًا.,التاريخ الذي توقف فيه سريان التصنيف أو وضع الحماية، إن وُجد.,التصنيف العام للمورد التراثي الموثَّق بحسب طابعه التراثي الرئيسي.,نوع المصدر الوثائقي الذي استُمدّت منه المعلومات التي تصف الموقع الأثري.,ملخص سردي موجز يصف الخصائص الأثرية الرئيسية للموقع الموثَّق.,روابط إلى موارد وسائط مرتبطة بالموقع الموثَّق للتوثيق المرئي والأدلة الداعمة.,روابط إلى موارد خرائطية توضّح موقع الموقع الموثَّق أو امتداده أو تفسيره الأثري.,الفترة أو الفترات الزمنية الرئيسية المرتبطة بالموقع الموثَّق.,نظرة عامة على المواد واللقى الرئيسية التي عُثر عليها في الموقع.,الشكل العام الرئيسي للموقع الموثَّق.,النوع الوصفي الأثري الرئيسي أو التفسير الوظيفي المُسند إلى الموقع الموثَّق.,نوع التمثيل المكاني الذي يصفه الشكل الهندسي المسجّل.,الموقع الجغرافي والامتداد المكاني للموقع الموثَّق بصيغة Well-Known Text (WKT).,حالة الشكل الهندسي المسجّل، بما يميّز البيانات المكانية الحالية عن الأشكال الهندسية القديمة أو المستبدلة.,مكوّن دائرة العرض (Y) من معلومات الإحداثيات القديمة المرتبطة بالموقع الموثَّق.,مكوّن خط الطول (X) من معلومات الإحداثيات القديمة المرتبطة بالموقع الموثَّق.,المرجع الجيوديسي المرتبط بالإحداثيات المكانية المسجّلة.,الإهليلج المرجعي المرتبط بنظام الإحداثيات المرجعي المسجّل.,نظام الإحداثيات المرجعي المستخدم لتحديد الإحداثيات المكانية المسجّلة.,معرّف EPSG المقابل لنظام الإحداثيات المرجعي المسجّل.,الطريقة أو سير العمل المستخدم لإنشاء الشكل الهندسي المسجّل أو التحقق منه أو توثيقه.,مورد المعلومات المستخدم لإنشاء الشكل الهندسي المسجّل أو التحقق منه أو دعمه.,ما إذا كان الموقع أو المَعلم الموثَّق قابلًا للتعرّف عليه في صور الأقمار الصناعية المتاحة.,مستوى الثقة المُسند إلى الموقع الجغرافي المسجّل للموقع.,مستوى الثقة المُسند إلى الامتداد المكاني المسجّل للموقع أو حدوده.,ملاحظات إضافية ومشاهدات وأوجه عدم يقين وتعليقات تحريرية تتعلق بالشكل الهندسي المسجّل.,العنوان المادي أو الإداري أو المساحي أو البريدي أو الوصفي المستخدم لتحديد موقع الموقع الموثَّق.,الوحدات الإدارية التي يقع ضمنها الموقع الموثَّق.,أقرب تجمّع سكني مرتبط بالموقع الموثَّق.,إرشادات وصفية للوصول إلى الموقع الموثَّق انطلاقًا من نقطة مرجعية معروفة.,فئة الملكية المطبّقة على الأرض التي يقع عليها الموقع الموثَّق.,معلومات الاتصال بالشخص أو المؤسسة أو المجتمع أو السلطة التي تملك حقوق الملكية على الموقع.,اسم الشخص أو المؤسسة أو المجتمع أو الهيئة التي تملك الأرض التي يقع عليها الموقع.,التاريخ الذي أصبحت فيه الملكية الحالية للموقع سارية.,التاريخ الذي انتهت فيه الملكية الحالية أو الحقوق القانونية على الأرض، إن وُجد.,وصف سردي مفصّل للموقع الأثري يشمل خصائصه المادية والشواهد الأثرية والسياق البيئي والتنظيم المكاني والمعلومات التفسيرية.,الشكل المكاني العام للموقع.,التصنيف المحدّد الذي يصف شكل الموقع أو وظيفته.,مستوى الثقة في النوع الوصفي للموقع.,النشاط أو الحدث الذي استُخرجت من خلاله المواد أو القطع الأثرية من الموقع.,نوع المادة أو القطعة الأثرية المرتبطة بالموقع الموثَّق أو فئتها.,الطريقة المستخدمة لجمع المواد.,التركيز النسبي للمواد داخل الموقع.,عدد القطع المستخرجة من خلال التنقيب.,المكان الذي تُحفظ فيه المواد المجموعة.,المعرّف الفريد المُسند إلى المواد المحفوظة.,أصل المواد المجموعة وتاريخ ملكيتها.,المصدر الذي أُخذت منه قياسات الموقع.,الجانب الذي يُقاس من الموقع أو المَعلم، مثل الطول أو العرض أو الارتفاع أو المساحة أو العمق.,الوحدة التي تُعبَّر بها قيمة القياس، مثل الأمتار أو السنتيمترات أو الكيلومترات أو الهكتارات.,القيمة العددية للقياس، وتُقرأ مع نوع القياس ووحدته.,المَعلم أو الشيء الذي ينطبق عليه القياس.,طبيعة العلاقة بين هذا الموقع والموقع المرتبط به.,سجل الموقع الذي يرتبط به هذا الموقع.,الفترة الأثرية أو التاريخية المُسندة إلى الموقع أو المَعلم الموثَّق.,مستوى الثقة المُسند إلى الفترة الزمنية المحدّدة.,ما إذا كان استيطان الموقع أو استخدامه متواصلًا أو متقطعًا عبر التسلسل الزمني الموثَّق.,أقدم فترة زمنية يمثّلها الاستيطان أو النشاط الموثَّق.,أحدث فترة زمنية يمثّلها الاستيطان أو النشاط الموثَّق.,ملاحظات إضافية وتفسيرات وأوجه عدم يقين وتعليقات تحريرية تتعلق بالتسلسل الزمني الموثَّق.,المعرّف الفريد المُسند إلى لقية أثرية مؤرَّخة مرتبطة بالموقع الموثَّق.,تصنيف اللقية الأثرية المستخدمة في التأريخ.,ملخص وصفي للّقية الأثرية المستخدمة لتحديد التسلسل الزمني للموقع أو دعمه.,الطريقة العلمية أو الأثرية المستخدمة لتحديد عمر اللقية أو السياق الموثَّق.,التاريخ المقيس الأصلي الذي حُصل عليه قبل المعايرة، إن وُجد.,عدم اليقين الإحصائي المرتبط بالتاريخ غير المعايَر المسجّل.,المعرّف الذي أسنده المختبر المسؤول عن إصدار نتيجة التأريخ.,الوحدة الطبقية أو الطبقة أو السياق الأثري الذي استُخرجت منه العيّنة أو اللقية المؤرَّخة.,مجموعة بيانات المعايرة أو طريقتها أو إجراؤها المستخدم لتحويل التاريخ غير المعايَر إلى تواريخ تقويمية معايَرة.,نطاق التواريخ التقويمية المعايَرة الناتج عن تحليل التأريخ.,أقدم تاريخ تقويمي مُسند إلى اللقية أو العيّنة الأثرية المؤرَّخة.,أحدث تاريخ تقويمي مُسند إلى اللقية أو العيّنة الأثرية المؤرَّخة.,ملاحظات إضافية وتفسيرات وأوجه عدم يقين وتعليقات تحريرية تتعلق باللقية الأثرية المؤرَّخة.,خصائص استخدام الأراضي والغطاء الأرضي الحالية أو الموثَّقة المحيطة بالموقع أو التي تشمله.,الخصائص الجيومورفولوجية للمشهد الطبيعي الذي يقع فيه الموقع الموثَّق.,الخصائص الجيولوجية أو الصخر الأساسي الذي يقع تحت الموقع الموثَّق.,أنواع الغطاء النباتي السائدة المرتبطة بالموقع الموثَّق والبيئة المحيطة به.,نوع التربة السائد أو تصنيف التربة المرتبط بالموقع الموثَّق.,التاريخ الذي وُثّق فيه وصف البيئة أو المشهد الطبيعي أو قُيّم.,وصف للسياق البيئي والطبيعي للموقع.,التاريخ الذي أُجري فيه تقييم الحالة.,التاريخ الذي التُقطت فيه الصورة المستخدمة في تقييم الحالة.,الشخص أو المؤسسة التي أجرت تقييم الحالة.,الطريقة أو المصدر الذي يستند إليه تقييم الحالة (مثل التحقق الميداني أو صور الأقمار الصناعية أو البيانات القديمة).,الحالة العامة لحفظ الموقع وقت التقييم.,النشاط أو العملية الرئيسية المسؤولة عن إلحاق الاضطراب أو الضرر بالموقع.,مدى تكرار الاضطراب: حدث واحد أو نشاط متكرر أو عملية مستمرة.,الأثر المادي للاضطراب على البقايا الأثرية، مثل إزالة معالم الموقع أو إتلافها أو تغييرها.,مقدار مساحة الموقع المتأثرة بالاضطراب، من محدود إلى واسع الانتشار.,مدى خطورة الضرر أو التدهور الناتج عن الاضطراب.,تعليقات أو معلومات إضافية عن حالة الموقع.,توصيات إلى السلطات الوطنية المعنية بالتراث بشأن التدابير اللازمة لمعالجة الاضطراب وتحسين حالة الموقع.,التاريخ الذي أُجري فيه تقييم التهديد.,التاريخ الذي التُقطت فيه الصورة المستخدمة في تقييم التهديد.,الشخص أو المؤسسة التي أجرت تقييم التهديد.,الطريقة أو المصدر المستخدم لتقييم التهديد أو التهديدات التي تمس الموقع.,نوع التهديد المحدَّد الذي قد يؤثر في الموقع.,الدرجة التي يؤثر بها التهديد المحدَّد في الموقع.,الاحتمال المقدَّر لأن يؤثر التهديد المحدَّد في الموقع، استنادًا إلى تفسير المحلّل للأدلة المتاحة.,تعليقات أو معلومات إضافية عن التهديدات التي تواجه الموقع.,توصيات إلى السلطات الوطنية المعنية بالتراث بشأن التدابير اللازمة لمواجهة التهديد وحماية الموقع.,نوع النشاط أو الحدث المسجّل في الموقع.,الشخص أو المؤسسة المشاركة في النشاط أو الحدث.,التاريخ الذي جرى فيه النشاط أو الحدث.,تفاصيل إضافية عن النشاط أو الحدث.,الروايات الشفوية أو التقاليد المرتبطة بالموقع.,الأحداث التاريخية أو الثقافية المرتبطة بالموقع.,اسم الشخص الذي قدّم المعلومات الشفوية.,التاريخ الذي أُجريت فيه المقابلة أو التسجيل.,مصادر المعلومات (المنشورات وصفحات الويب وقواعد البيانات) المستخدمة لإنشاء السجل.,الترخيص الذي يمكن بموجبه استخدام المورد الرقمي أو إعادة استخدامه.,مستوى الوصول المسموح به إلى المورد الرقمي.,الشخص أو المؤسسة التي تملك الحقوق المرتبطة بالمورد أو تديرها.,معلومات إضافية عن الحقوق أو الأذونات أو القيود أو وضع حقوق النشر لا تغطيها حقول الحقوق والوصول الأخرى.,الاستشهاد الموصى باستخدامه عند الإشارة إلى المورد أو إعادة استخدامه.,اسم الشخص المسؤول عن إنشاء سجل المورد.,أي معلومات إضافية ذات صلة بهذا المورد يرى المسجّل أنه ينبغي توثيقها.,التاريخ الذي أُنشئ فيه سجل المورد في قاعدة البيانات.,اسم الشخص الذي رفع سجل المورد هذا إلى Arches.,التاريخ الذي أُضيف فيه سجل المورد هذا إلى Arches.,أحدث تاريخ عُدّل فيه سجل المورد.
MAEASaM Scope  Note (Pt),Definition (Pt),Definition (Pt),"Identificador único atribuído a cada recurso de sítio. Formato: SITE-[código do país com 3 letras]-número de 8 dígitos (por exemplo, SITE-MLI-00001000).",O nome ou designação textual pelo qual o recurso patrimonial é identificado ou conhecido.,A classificação ou função atribuída ao nome do sítio registado.,Indica se o nome está atualmente em uso ou se foi usado no passado ou num contexto histórico específico.,Um identificador externo ou antigo associado ao recurso patrimonial documentado.,A classificação ou a origem do identificador externo associado.,Um identificador persistente que fornece uma referência estável e duradoura ao recurso patrimonial ou ao seu registo digital.,A classificação patrimonial oficial ou o estatuto de proteção legal atribuído ao recurso documentado.,A data em que a classificação ou o estatuto de proteção entrou em vigor.,"A data em que a classificação ou o estatuto de proteção deixou de vigorar, se aplicável.",A classificação geral do recurso patrimonial documentado com base no seu carácter patrimonial principal.,O tipo de fonte documental de onde provém a informação que descreve o sítio arqueológico.,Um resumo narrativo conciso que descreve as principais características arqueológicas do sítio documentado.,"Ligações a recursos multimédia associados ao sítio documentado, para documentação visual e como provas de apoio.","Ligações a recursos cartográficos que ilustram a localização, a extensão ou a interpretação arqueológica do sítio documentado.",O período ou períodos cronológicos principais associados ao sítio documentado.,Uma visão geral dos principais materiais e artefactos encontrados no sítio.,A forma geral principal do sítio documentado.,O principal tipo descritivo arqueológico ou a interpretação funcional atribuída ao sítio documentado.,O tipo de representação espacial descrito pela geometria registada.,A localização geográfica e a extensão espacial do sítio documentado em formato Well-Known Text (WKT).,"O estado da geometria registada, distinguindo os dados espaciais atuais das geometrias antigas ou substituídas.",A componente de latitude (Y) das coordenadas antigas associadas ao sítio documentado.,A componente de longitude (X) das coordenadas antigas associadas ao sítio documentado.,O datum geodésico associado às coordenadas espaciais registadas.,O elipsoide de referência associado ao sistema de referência de coordenadas registado.,O sistema de referência de coordenadas utilizado para definir as coordenadas espaciais registadas.,O identificador EPSG correspondente ao sistema de referência de coordenadas registado.,"O método ou fluxo de trabalho utilizado para criar, verificar ou documentar a geometria registada.","O recurso de informação utilizado para criar, verificar ou fundamentar a geometria registada.",Indica se o sítio ou elemento documentado é identificável nas imagens de satélite disponíveis.,O nível de confiança atribuído à localização geográfica registada do sítio.,O nível de confiança atribuído à extensão espacial ou aos limites registados do sítio.,"Notas complementares, observações, incertezas e comentários editoriais relativos à geometria registada.","O endereço físico, administrativo, cadastral, postal ou descritivo utilizado para localizar o sítio documentado.",As unidades administrativas em que o sítio documentado se situa.,O povoado habitado mais próximo associado ao sítio documentado.,Indicações descritivas para chegar ao sítio documentado a partir de um local de referência reconhecido.,A categoria de propriedade aplicável ao terreno onde se situa o sítio documentado.,"Os contactos da pessoa, organização, comunidade ou autoridade que detém os direitos de propriedade sobre o sítio.","O nome da pessoa, organização, comunidade ou instituição proprietária do terreno onde se situa o sítio.",A data a partir da qual a propriedade atual do sítio produziu efeitos.,"A data em que a propriedade atual ou os direitos legais sobre o terreno terminaram, se aplicável.","Uma descrição narrativa detalhada do sítio arqueológico, incluindo as suas características físicas, os vestígios arqueológicos, o contexto ambiental, a organização espacial e a informação interpretativa.",A forma espacial geral do sítio.,A classificação específica que descreve a forma ou a função do sítio.,O nível de confiança no tipo descritivo do sítio.,A atividade ou o evento através do qual materiais ou objetos arqueológicos foram recolhidos no sítio.,O tipo ou a categoria de material ou objeto arqueológico associado ao sítio documentado.,O método utilizado para recolher os materiais.,A concentração relativa de materiais no sítio.,O número de itens recuperados através de escavação.,O local onde os materiais recolhidos estão guardados.,O identificador único atribuído aos materiais guardados.,A origem e o historial de propriedade dos materiais recolhidos.,A fonte de onde foram obtidas as medições do sítio.,"O aspeto do sítio ou do elemento que é medido, como o comprimento, a largura, a altura, a área ou a profundidade.","A unidade em que o valor da medição é expresso, como metros, centímetros, quilómetros ou hectares.","O valor numérico da medição, a ler em conjunto com o tipo e a unidade de medida.",O elemento ou objeto a que a medição se aplica.,A natureza da relação entre este sítio e o sítio ligado.,O registo do sítio com o qual este sítio está relacionado.,O período arqueológico ou histórico atribuído ao sítio ou elemento documentado.,O nível de confiança atribuído ao período cronológico identificado.,Indica se a ocupação ou utilização do sítio foi contínua ou descontínua ao longo da sequência cronológica documentada.,O período cronológico mais antigo representado pela ocupação ou atividade documentada.,O período cronológico mais recente representado pela ocupação ou atividade documentada.,"Observações complementares, interpretações, incertezas e comentários editoriais relativos à cronologia documentada.",O identificador único atribuído a um achado arqueológico datado associado ao sítio documentado.,A classificação do achado arqueológico utilizado para a datação cronológica.,Um resumo descritivo do achado arqueológico utilizado para estabelecer ou fundamentar a cronologia do sítio.,O método científico ou arqueológico utilizado para determinar a idade do achado ou contexto documentado.,"A data medida original obtida antes da calibração, se aplicável.",A incerteza estatística associada à data não calibrada registada.,O identificador atribuído pelo laboratório responsável pelo resultado da datação.,"A unidade estratigráfica, camada ou contexto arqueológico de onde provém a amostra ou o achado datado.","O conjunto de dados, método ou procedimento de calibração utilizado para converter a data não calibrada em datas de calendário calibradas.",O intervalo de datas de calendário calibradas resultante da análise de datação.,A data de calendário mais antiga atribuída ao achado ou amostra arqueológica datada.,A data de calendário mais recente atribuída ao achado ou amostra arqueológica datada.,"Observações complementares, interpretações, incertezas e comentários editoriais relativos ao achado arqueológico datado.",As características atuais ou documentadas de uso e ocupação do solo em redor do sítio ou que o abrangem.,As características geomorfológicas da paisagem em que o sítio documentado se situa.,As características geológicas ou o substrato rochoso subjacente ao sítio documentado.,Os tipos de vegetação dominantes associados ao sítio documentado e à sua envolvente.,O tipo de solo dominante ou a classificação de solos associada ao sítio documentado.,A data em que a descrição ambiental ou da paisagem foi documentada ou avaliada.,Uma descrição do contexto ambiental e paisagístico do sítio.,A data em que a avaliação do estado foi realizada.,A data em que foi captada a imagem utilizada na avaliação do estado.,A pessoa ou organização que realizou a avaliação do estado.,"O método ou a fonte em que se baseia a avaliação do estado (por exemplo, verificação no terreno, imagens de satélite, dados antigos).",O estado geral de conservação do sítio no momento da avaliação.,A principal atividade ou processo responsável pela perturbação ou dano do sítio.,"A frequência da perturbação: um evento único, uma atividade repetida ou um processo contínuo.","O efeito físico da perturbação nos vestígios arqueológicos, como a remoção, o dano ou a alteração de elementos do sítio.","A proporção da área do sítio afetada pela perturbação, de localizada a generalizada.",A gravidade dos danos ou da degradação causados pela perturbação.,Comentários ou informações adicionais sobre o estado do sítio.,Recomendações às autoridades nacionais do património sobre medidas para responder à perturbação e melhorar o estado do sítio.,A data em que a avaliação da ameaça foi realizada.,A data em que foi captada a imagem utilizada na avaliação da ameaça.,A pessoa ou organização que realizou a avaliação da ameaça.,O método ou a fonte utilizada para avaliar a ameaça ou ameaças que afetam o sítio.,O tipo de ameaça identificada que pode afetar o sítio.,O grau em que a ameaça identificada está a afetar o sítio.,"A probabilidade estimada de a ameaça identificada afetar o sítio, com base na interpretação que o analista faz das provas disponíveis.",Comentários ou informações adicionais sobre as ameaças ao sítio.,Recomendações às autoridades nacionais do património sobre medidas para responder à ameaça e proteger o sítio.,O tipo de atividade ou evento registado no sítio.,A pessoa ou organização envolvida na atividade ou evento.,A data em que a atividade ou o evento teve lugar.,Informações adicionais sobre a atividade ou o evento.,Histórias orais ou tradições associadas ao sítio.,Acontecimentos históricos ou culturais associados ao sítio.,O nome da pessoa que forneceu a informação oral.,A data em que a entrevista ou a gravação teve lugar.,"As fontes de informação (publicações, páginas web, bases de dados) utilizadas para criar o registo.",A licença ao abrigo da qual o recurso digital pode ser utilizado ou reutilizado.,O nível de acesso permitido ao recurso digital.,A pessoa ou organização que detém ou gere os direitos associados ao recurso.,"Informação adicional sobre direitos, autorizações, restrições ou estatuto de direitos de autor não abrangida pelos outros campos de direitos e acesso.",A citação recomendada a utilizar ao referir ou reutilizar o recurso.,O nome da pessoa responsável pela criação do registo do recurso.,Qualquer informação adicional relevante para este recurso que o responsável pelo registo considere que deve ser documentada.,A data em que o registo do recurso foi criado na base de dados.,O nome da pessoa que carregou este registo do recurso no Arches.,A data em que este registo do recurso foi adicionado ao Arches.,A data mais recente em que o registo do recurso foi modificado.
Example 1,Example 1,Example 1,SITE-MLI-00001000,Old Towns of Djenné,Primary name,Current,1720,UNESCO ID,,World heritage site in danger,2024-01-08,,Archaeological site,Publication,,,,Middle Stone Age (Southern Africa),Pottery,Rectangular/Square,Cultural landscape,Point,POINT (24.5353765284484 13.3346151093385 0),Current,,,WGS84,Ellipsoidal 2D Axes latitude longitude orientations north east UoM DMS,"Cartesian 2D. Axes: easting, northing (E,N). Orientations: east, north. UoM: meters",63266411,Legacy document,Osman and Edwards 2012,Yes,Definite,Definite,,,Koumpentoum,Mafuluto,,Community land,,,2024-01-08,2026-01-08,"A stone-walled enclosure complex of about 2 ha on a granite hilltop, with at least six circular hut platforms, a central cattle byre, and pottery and grindstones scattered on the surface.",Irregular,Shell midden,High,Excavation,Ceramics,Systematic sampling,High,3,,,,Ground-truthing/assessment,Length,Hectare,145.811,,falls within (contains),Great Zimbabwe National Monument,CHRN-00000320,High,,,,,,Charcoal,,Radiocarbon dating,1980,60,Pta-1853,"Trench A, Level 1.b",,,,,,Mangroves,Active channel floodplain,Sedimentary,Mangrove,Gleysols,2025-01-01,"Situated within the Arabuko-Sokoke coastal forest reserve, the largest remaining coastal forest in EA.",2025-01-01,2013-01-01,Renier van der Merwe,,Good,Agricultural activities,Yearly,Artefact displacement,Small loss,High,Consult with local communities regarding initiatives that can help them to protect the site.,,2022-03-24,2016-05-26,Renier van der Merwe,Google Earth imagery inspection,Climate change,Minor,Probable,,Consult with local communities regarding initiatives that can help them to protect the site.,Excavation,Kusimba Chap,1939-01-01,,,,,2022-07-27,,CC BY-SA,Open access,ACT-00000072,,,ACT-00000072,,2026-09-01,ACT-00000056,This field is automatically populated by the system. Leave this field blank,This field is automatically populated by the system. Leave this field blank
Example 2,Example 2,Example 2,SITE-KEN-00001017,Saloum Delta,Alternative name,Former,HfKa 1,SASES ID,,World Heritage Site,,,Cultural landscape,Webpage,,,,Iron Age (Senegal),Grinding stone,Triangular,Shell midden,Official boundary,"POLYGON ((30.82 21.35 0, 30.83 21.35 0, 30.83 21.36 0, 30.82 21.36 0, 30.82 21.35 0))",Former,612900,9634500,Arc 1950,Clarke 1880 (Modified),Ellipsoidal 2D Axes latitude longitude Orientations north east UoM degree,3857,Remote sensing,,No,Low,Unclear/uncertain,,,Koungheul,Kunduchi,,Indigenous territory,,,,,,,Burial,,Survey,Flask,Stratified sampling,Scanty,,,,,Legacy data,Area,cm,,,,,CHRN-00000186,,,,,,,,,Dendrochronology,,,,,,,,,,Grassy woodland,,,,,,,,,Ezekia Mtetwa,,Damaged,Looting,Every 10 years,Collapse,1-10%,Moderate,Site needs to have a fence surrounding its perimeter,,2022-10-25,2019-08-08,Assane Ndiaye,,Agricultural activities,High,Possible,,Site needs to have a fence surrounding its perimeter,,,,,,,,,,,,,,,,,,,,
,,,,,,,,,,,,,,,,,,,,,,,,,,,,,,,,,,,,,,,,,,,,,,,,,,,,,,,,,,,,,,,,,,,,,,,,,,,,,,,,,,,,,,,,,,,,,,,,,,,,,,,,,,,,,,,,,,,,,,,,,,,,,,,,,,,
,,,,,,,,,,,,,,,,,,,,,,,,,,,,,,,,,,,,,,,,,,,,,,,,,,,,,,,,,,,,,,,,,,,,,,,,,,,,,,,,,,,,,,,,,,,,,,,,,,,,,,,,,,,,,,,,,,,,,,,,,,,,,,,,,,,
,,,,,,,,,,,,,,,,,,,,,,,,,,,,,,,,,,,,,,,,,,,,,,,,,,,,,,,,,,,,,,,,,,,,,,,,,,,,,,,,,,,,,,,,,,,,,,,,,,,,,,,,,,,,,,,,,,,,,,,,,,,,,,,,,,,
,,,,,,,,,,,,,,,,,,,,,,,,,,,,,,,,,,,,,,,,,,,,,,,,,,,,,,,,,,,,,,,,,,,,,,,,,,,,,,,,,,,,,,,,,,,,,,,,,,,,,,,,,,,,,,,,,,,,,,,,,,,,,,,,,,,
,,,,,,,,,,,,,,,,,,,,,,,,,,,,,,,,,,,,,,,,,,,,,,,,,,,,,,,,,,,,,,,,,,,,,,,,,,,,,,,,,,,,,,,,,,,,,,,,,,,,,,,,,,,,,,,,,,,,,,,,,,,,,,,,,,,
Data Type Legend,,,,,,,,,,,,,,,,,,,,,,,,,,,,,,,,,,,,,,,,,,,,,,,,,,,,,,,,,,,,,,,,,,,,,,,,,,,,,,,,,,,,,,,,,,,,,,,,,,,,,,,,,,,,,,,,,,,,,,,,,,,,,,,,,,,
String,,,,,,,,,,,,,,,,,,,,,,,,,,,,,,,,,,,,,,,,,,,,,,,,,,,,,,,,,,,,,,,,,,,,,,,,,,,,,,,,,,,,,,,,,,,,,,,,,,,,,,,,,,,,,,,,,,,,,,,,,,,,,,,,,,,
Semantic,,,,,,,,,,,,,,,,,,,,,,,,,,,,,,,,,,,,,,,,,,,,,,,,,,,,,,,,,,,,,,,,,,,,,,,,,,,,,,,,,,,,,,,,,,,,,,,,,,,,,,,,,,,,,,,,,,,,,,,,,,,,,,,,,,,
GeoJSON-feature-collection,,,,,,,,,,,,,,,,,,,,,,,,,,,,,,,,,,,,,,,,,,,,,,,,,,,,,,,,,,,,,,,,,,,,,,,,,,,,,,,,,,,,,,,,,,,,,,,,,,,,,,,,,,,,,,,,,,,,,,,,,,,,,,,,,,,
Date,,,,,,,,,,,,,,,,,,,,,,,,,,,,,,,,,,,,,,,,,,,,,,,,,,,,,,,,,,,,,,,,,,,,,,,,,,,,,,,,,,,,,,,,,,,,,,,,,,,,,,,,,,,,,,,,,,,,,,,,,,,,,,,,,,,
Resource-Instance-List,,,,,,,,,,,,,,,,,,,,,,,,,,,,,,,,,,,,,,,,,,,,,,,,,,,,,,,,,,,,,,,,,,,,,,,,,,,,,,,,,,,,,,,,,,,,,,,,,,,,,,,,,,,,,,,,,,,,,,,,,,,,,,,,,,,
Number,,,,,,,,,,,,,,,,,,,,,,,,,,,,,,,,,,,,,,,,,,,,,,,,,,,,,,,,,,,,,,,,,,,,,,,,,,,,,,,,,,,,,,,,,,,,,,,,,,,,,,,,,,,,,,,,,,,,,,,,,,,,,,,,,,,
Concept-list,,,,,,,,,,,,,,,,,,,,,,,,,,,,,,,,,,,,,,,,,,,,,,,,,,,,,,,,,,,,,,,,,,,,,,,,,,,,,,,,,,,,,,,,,,,,,,,,,,,,,,,,,,,,,,,,,,,,,,,,,,,,,,,,,,,
Node,,,,,,,,,,,,,,,,,,,,,,,,,,,,,,,,,,,,,,,,,,,,,,,,,,,,,,,,,,,,,,,,,,,,,,,,,,,,,,,,,,,,,,,,,,,,,,,,,,,,,,,,,,,,,,,,,,,,,,,,,,,,,,,,,,,
URL,,,,,,,,,,,,,,,,,,,,,,,,,,,,,,,,,,,,,,,,,,,,,,,,,,,,,,,,,,,,,,,,,,,,,,,,,,,,,,,,,,,,,,,,,,,,,,,,,,,,,,,,,,,,,,,,,,,,,,,,,,,,,,,,,,,
Boolean,,,,,,,,,,,,,,,,,,,,,,,,,,,,,,,,,,,,,,,,,,,,,,,,,,,,,,,,,,,,,,,,,,,,,,,,,,,,,,,,,,,,,,,,,,,,,,,,,,,,,,,,,,,,,,,,,,,,,,,,,,,,,,,,,,,
File-list,,,,,,,,,,,,,,,,,,,,,,,,,,,,,,,,,,,,,,,,,,,,,,,,,,,,,,,,,,,,,,,,,,,,,,,,,,,,,,,,,,,,,,,,,,,,,,,,,,,,,,,,,,,,,,,,,,,,,,,,,,,,,,,,,,,
,,,,,,,,,,,,,,,,,,,,,,,,,,,,,,,,,,,,,,,,,,,,,,,,,,,,,,,,,,,,,,,,,,,,,,,,,,,,,,,,,,,,,,,,,,,,,,,,,,,,,,,,,,,,,,,,,,,,,,,,,,,,,,,,,,,
,,,,,,,,,,,,,,,,,,,,,,,,,,,,,,,,,,,,,,,,,,,,,,,,,,,,,,,,,,,,,,,,,,,,,,,,,,,,,,,,,,,,,,,,,,,,,,,,,,,,,,,,,,,,,,,,,,,,,,,,,,,,,,,,,,,
,,,,,,,,,,,,,,,,,,,,,,,,,,,,,,,,,,,,,,,,,,,,,,,,,,,,,,,,,,,,,,,,,,,,,,,,,,,,,,,,,,,,,,,,,,,,,,,,,,,,,,,,,,,,,,,,,,,,,,,,,,,,,,,,,,,
Country,Code,,,,,,,,,,,,,,,,,,,,,,,,,,,,,,,,,,,,,,,,,,,,,,,,,,,,,,,,,,,,,,,,,,,,,,,,,,,,,,,,,,,,,,,,,,,,,,,,,,,,,,,,,,,,,,,,,,,,,,,,,,,,,,,,,,
Benin,BEN,,,,,,,,,,,,,,,,,,,,,,,,,,,,,,,,,,,,,,,,,,,,,,,,,,,,,,,,,,,,,,,,,,,,,,,,,,,,,,,,,,,,,,,,,,,,,,,,,,,,,,,,,,,,,,,,,,,,,,,,,,,,,,,,,,
Botswana,BWA,,,,,,,,,,,,,,,,,,,,,,,,,,,,,,,,,,,,,,,,,,,,,,,,,,,,,,,,,,,,,,,,,,,,,,,,,,,,,,,,,,,,,,,,,,,,,,,,,,,,,,,,,,,,,,,,,,,,,,,,,,,,,,,,,,
Democratic Republic of the Congo,COD,,,,,,,,,,,,,,,,,,,,,,,,,,,,,,,,,,,,,,,,,,,,,,,,,,,,,,,,,,,,,,,,,,,,,,,,,,,,,,,,,,,,,,,,,,,,,,,,,,,,,,,,,,,,,,,,,,,,,,,,,,,,,,,,,,
Ethiopia,ETH,,,,,,,,,,,,,,,,,,,,,,,,,,,,,,,,,,,,,,,,,,,,,,,,,,,,,,,,,,,,,,,,,,,,,,,,,,,,,,,,,,,,,,,,,,,,,,,,,,,,,,,,,,,,,,,,,,,,,,,,,,,,,,,,,,
Ghana,GHA,,,,,,,,,,,,,,,,,,,,,,,,,,,,,,,,,,,,,,,,,,,,,,,,,,,,,,,,,,,,,,,,,,,,,,,,,,,,,,,,,,,,,,,,,,,,,,,,,,,,,,,,,,,,,,,,,,,,,,,,,,,,,,,,,,
Guinea-Bissau,GNB,,,,,,,,,,,,,,,,,,,,,,,,,,,,,,,,,,,,,,,,,,,,,,,,,,,,,,,,,,,,,,,,,,,,,,,,,,,,,,,,,,,,,,,,,,,,,,,,,,,,,,,,,,,,,,,,,,,,,,,,,,,,,,,,,,
Kenya,KEN,,,,,,,,,,,,,,,,,,,,,,,,,,,,,,,,,,,,,,,,,,,,,,,,,,,,,,,,,,,,,,,,,,,,,,,,,,,,,,,,,,,,,,,,,,,,,,,,,,,,,,,,,,,,,,,,,,,,,,,,,,,,,,,,,,
Mali,MLI,,,,,,,,,,,,,,,,,,,,,,,,,,,,,,,,,,,,,,,,,,,,,,,,,,,,,,,,,,,,,,,,,,,,,,,,,,,,,,,,,,,,,,,,,,,,,,,,,,,,,,,,,,,,,,,,,,,,,,,,,,,,,,,,,,
Mozambique,MOZ,,,,,,,,,,,,,,,,,,,,,,,,,,,,,,,,,,,,,,,,,,,,,,,,,,,,,,,,,,,,,,,,,,,,,,,,,,,,,,,,,,,,,,,,,,,,,,,,,,,,,,,,,,,,,,,,,,,,,,,,,,,,,,,,,,
Nigeria,NGA,,,,,,,,,,,,,,,,,,,,,,,,,,,,,,,,,,,,,,,,,,,,,,,,,,,,,,,,,,,,,,,,,,,,,,,,,,,,,,,,,,,,,,,,,,,,,,,,,,,,,,,,,,,,,,,,,,,,,,,,,,,,,,,,,,
Senegal,SEN,,,,,,,,,,,,,,,,,,,,,,,,,,,,,,,,,,,,,,,,,,,,,,,,,,,,,,,,,,,,,,,,,,,,,,,,,,,,,,,,,,,,,,,,,,,,,,,,,,,,,,,,,,,,,,,,,,,,,,,,,,,,,,,,,,
Sudan,SDN,,,,,,,,,,,,,,,,,,,,,,,,,,,,,,,,,,,,,,,,,,,,,,,,,,,,,,,,,,,,,,,,,,,,,,,,,,,,,,,,,,,,,,,,,,,,,,,,,,,,,,,,,,,,,,,,,,,,,,,,,,,,,,,,,,
Tanzania,TZA,,,,,,,,,,,,,,,,,,,,,,,,,,,,,,,,,,,,,,,,,,,,,,,,,,,,,,,,,,,,,,,,,,,,,,,,,,,,,,,,,,,,,,,,,,,,,,,,,,,,,,,,,,,,,,,,,,,,,,,,,,,,,,,,,,
The Gambia,GMB,,,,,,,,,,,,,,,,,,,,,,,,,,,,,,,,,,,,,,,,,,,,,,,,,,,,,,,,,,,,,,,,,,,,,,,,,,,,,,,,,,,,,,,,,,,,,,,,,,,,,,,,,,,,,,,,,,,,,,,,,,,,,,,,,,
Togo,TGO,,,,,,,,,,,,,,,,,,,,,,,,,,,,,,,,,,,,,,,,,,,,,,,,,,,,,,,,,,,,,,,,,,,,,,,,,,,,,,,,,,,,,,,,,,,,,,,,,,,,,,,,,,,,,,,,,,,,,,,,,,,,,,,,,,
Zimbabwe,ZWE,,,,,,,,,,,,,,,,,,,,,,,,,,,,,,,,,,,,,,,,,,,,,,,,,,,,,,,,,,,,,,,,,,,,,,,,,,,,,,,,,,,,,,,,,,,,,,,,,,,,,,,,,,,,,,,,,,,,,,,,,,,,,,,,,,
