Hierarchy 1 en,Hierarchy 1 alternative en,Hierarchy 1 alternative en.1,Hierarchy 1 alternative en.2,Hierarchy 1 alternative en.3,Hierarchy 1 description en,Hierarchy 2 en,Hierarchy 2 alternative en,Hierarchy 2 alternative en.1,Hierarchy 2 alternative en.2,Hierarchy 2 alternative en.3,Hierarchy 2 alternative en.4,Hierarchy 2 alternative en.5,Hierarchy 2  description en,Hierarchy 3 en,Hierarchy 3 alternative en,Hierarchy 3 alternative en.1,Hierarchy 3 alternative en.2,Hierarchy 3 alternative en.3,Hierarchy 3 alternative en.4,Hierarchy 3 alternative en.5,Hierarchy 3 description en,Hierarchy 4 en,Hierarchy 4 alternative en,Hierarchy 4 alternative en.1,Hierarchy 4 alternative en.2,Hierarchy 4 alternative en.3,Hierarchy 4 alternative en.4,Hierarchy 4 alternative en.5,Hierarchy 4 description en,Hierarchy 5 en,Hierarchy 5 alternative en,Hierarchy 5 alternative en.1,Hierarchy 5 alternative en.2,Hierarchy 5 alternative en.3,Hierarchy 5 Description,Hierarchy 6 en,Hierarchy 6 alternative en,Hierarchy 6 description en
1st Millennium BCE,First Millennium BCE,1st Millennium BC,First Millennium BC,,Used for phases and/or events that took place during the 1st millennium BC/BCE (1-1000 BC/BCE). Use more specific type where known.,Early 1st Millennium BCE,Early 1st Millennium BC,Early First Millennium BC,Early First Millennium BCE,,,,Used for phases and/or events that took place during the later part of the 1st millennium BCE/BC (1 - 399 BC/BCE) Gregorian Calendar. Use more specific type where known.,1st Century BCE,1st Century BC,,,,,,Used for phases and/or events dating to the 1st century Before Common Era BCE/BC (1 - 100 BC/BCE),,,,,,,,,,,,,,,,,
,,,,,,,,,,,,,,2nd Century BCE,2nd Century BC,,,,,,Used for phases and/or events dating to the 2nd century Before Common Era BCE/BC (101 - 200 BC/BCE),,,,,,,,,,,,,,,,,
,,,,,,,,,,,,,,3rd Century BCE,3rd Century BC,,,,,,Used for phases and/or events dating to the 3rd century Before Common Era BCE/BC (201 - 300 BC/BCE),,,,,,,,,,,,,,,,,
,,,,,,Mid 1st Millennium BCE,Mid First Millennium BCE,Mid 1st Millennium BC,Mid 1st Millennium BC,,,,Used for phases and/or events that took place during the middle part of the 1st millennium BCE/BC (400 -799 BCE). Gregorian Calendar. Use more specific type where known.,4th Century BCE,4th Century BC,,,,,,Used for phases and/or events dating to the 4th century Before Common Era BCE/BC (301 - 400 BC/BCE),,,,,,,,,,,,,,,,,
,,,,,,,,,,,,,,5th Century BCE,5th Century BC,,,,,,Used for phases and/or events dating to the 5th century Before Common Era BCE/BC (401 - 500 BC/BCE),,,,,,,,,,,,,,,,,
,,,,,,,,,,,,,,6th Century BCE,6th Century BC,,,,,,Used for phases and/or events dating to the 6th century Before Common Era BCE/BC (501 - 600 BC/BCE),,,,,,,,,,,,,,,,,
,,,,,,,,,,,,,,7th Century BCE,7th Century BC,,,,,,Used for phases and/or events dating to the 7th century Before Common Era BCE/BC (601 - 700 BC/BCE),,,,,,,,,,,,,,,,,
,,,,,,Late 1st Millennium BCE,Late 1st Millennium BC,Late First Millennium BCE,Late First Millennium BC,,,,,8th Century BCE,8th Century BC,,,,,,Used for phases and/or events dating to the 8th century Before Common Era BCE/BC (701 - 800 BC/BCE),,,,,,,,,,,,,,,,,
,,,,,,,,,,,,,,9th Century BCE,9th Century BC,,,,,,Used for phases and/or events dating to the 9th century Before Common Era BCE/BC (801 - 900 BC/BCE),,,,,,,,,,,,,,,,,
,,,,,,,,,,,,,,10th Century BCE,10th Century BC,,,,,,Used for phases and/or events dating to the 10th century Before Common Era BCE/BC (901 - 1000 BC/BCE),,,,,,,,,,,,,,,,,
1st Millennium CE,First Millennium AD,First Millennium CE,1st Millennium AD,,Used for phases and/or events that took place during the 1st millennium CE/AD (AD/CE 1- 1000) Gregorian Calendar. Use more specific type where known.,Early 1st Millennium CE,Early 1st Millennium AD,Early First Millennium AD,Early First Millennium CE,,,,Used for phases and/or events that took place during the early part of the 1st millennium CE/AD (CE/AD 1 - 300) Gregorian Calendar. Use more specific type where known.,1st Century CE,1st Century AD,,,,,,Used for phases and/or events dating to the 1st century CE/AD (CE/AD 1 - 100),,,,,,,,,,,,,,,,,
,,,,,,,,,,,,,,2nd Century CE,2nd Century AD,,,,,,Used for phases and/or events dating to the 2nd century CE/AD (CE/AD 101-200),,,,,,,,,,,,,,,,,
,,,,,,,,,,,,,,3rd Century CE,3rd Century AD,,,,,,Used for phases and/or events dating to the 3rd century CE/AD (CE/AD 201 - 300),,,,,,,,,,,,,,,,,
,,,,,,Mid 1st Millennium CE,Mid 1st Millennium AD,Mid First Millennium CE,Mid First Millennium AD,,,,"Used for phases and/or events that took place during the middle part of the 1st millennium CE/AD (CE/AD 301- 700) Gregorian Calendar. Use more specific type where known.
",4th Century CE,4th Century AD,,,,,,Used for phases and/or events dating to the 4th century CE/AD (CE/AD 301-400),,,,,,,,,,,,,,,,,
,,,,,,,,,,,,,,5th Century CE,5th Century AD,,,,,,Used for phases and/or events dating to the 5th century CE/AD (CE/AD 401- 500),,,,,,,,,,,,,,,,,
,,,,,,,,,,,,,,6th Century CE,6th Century AD,,,,,,Used for phases and/or events dating to the 6th century CE/AD (CE/AD 501-600),,,,,,,,,,,,,,,,,
,,,,,,,,,,,,,,7th Century CE,7th Century AD,,,,,,Used for phases and/or events dating to the 7th century CE/AD (CE/AD 601-700),,,,,,,,,,,,,,,,,
,,,,,,Late 1st Millennium CE,Late 1st Millennium AD,Late First Millennium AD,Late First Millennium CE,,,,Used for phases and/or events that took place towards the end of the 1st millennium CE/AD (CE/AD 800-1000) Gregorian Calendar. Use more specific type where known.,8th Century CE,8th Century AD,,,,,,Used for phases and/or events dating to the 8th century CE/AD (CE/AD 701-800),,,,,,,,,,,,,,,,,
,,,,,,,,,,,,,,9th Century CE,9th Century AD,,,,,,Used for phases and/or events dating to the 9th century CE/AD (CE/AD 801-900),,,,,,,,,,,,,,,,,
,,,,,,,,,,,,,,10th Century CE,10th Century AD,,,,,,Used for phases and/or events dating to the 10th century CE/AD (CE/AD 901-1000),,,,,,,,,,,,,,,,,
2nd Millennium BCE,2nd Millennium BC,Second Millennium BCE,Second Millennium BC,,Used for phases and/or events that took place during the 2nd millennium BC/BCE (1001-2000 BC/BCE). Use more specific type where known.,Early 2nd Millennium BCE,Early 2nd Millennium BC,Early Second Millennium BC,Early Second Millennium BCE,,,,"Used for phases and/or events that took place towards the end of the 2nd millennium BCE/BC (1001-1300 BC/BCE) Gregorian Calendar. Use more specific type where known.
",11th Century BCE,11th Century BC,,,,,,Used for phases and/or events dating to the 11th century Before Common Era BCE/BC (1001 - 1100 BC/BCE),,,,,,,,,,,,,,,,,
,,,,,,,,,,,,,,12th Century BCE,12th Century BC,,,,,,Used for phases and/or events dating to the 12nd century Before Common Era BCE/BC (1101 - 1200 BC/BCE),,,,,,,,,,,,,,,,,
,,,,,,,,,,,,,,13th Century BCE,13th Century BC,,,,,,Used for phases and/or events dating to the 13th century Before Common Era BCE/BC (1201 - 1300 BC/BCE),,,,,,,,,,,,,,,,,
,,,,,,Mid 2nd Millennium BCE,Mid 2nd Millennium BC,Mid Second Millennium BC,Mid Second Millennium BCE,,,,"Used for phases and/or events that took place during the middle part of the 2nd millennium BCE/BC (1301-1700 BC/BCE). Gregorian Calendar. Use more specific type where known.
",14th Century BCE,14th Century BC,,,,,,Used for phases and/or events dating to the 14th century Before Common Era BCE/BC (1301 - 1400 BC/BCE),,,,,,,,,,,,,,,,,
,,,,,,,,,,,,,,15th Century BCE,15th Century BC,,,,,,Used for phases and/or events dating to the 15th century Before Common Era BCE/BC (1401 - 1500 BC/BCE),,,,,,,,,,,,,,,,,
,,,,,,,,,,,,,,16th Century BCE,16th Century BC,,,,,,Used for phases and/or events dating to the 16th century Before Common Era BCE/BC (1501 - 1600 BC/BCE),,,,,,,,,,,,,,,,,
,,,,,,,,,,,,,,17th Century BCE,17th Century BC,,,,,,Used for phases and/or events dating to the 17th century Before Common Era BCE/BC (1601 - 1700 BC/BCE),,,,,,,,,,,,,,,,,
,,,,,,Late 2nd Millennium BCE,Late Second Millennium BCE,Late Second Millennium BC,Late 2nd Millennium BC,,,,Used for phases and/or events that took place during the middle part of the 2nd millennium BCE/BC (1701 - 2000 BC/BCE). Gregorian Calendar. Use more specific type where known.,18th Century BCE,18th Century BC,,,,,,Used for phases and/or events dating to the 18th century Before Common Era BCE/BC (1701 - 1800 BC/BCE),,,,,,,,,,,,,,,,,
,,,,,,,,,,,,,,19th Century BCE,19th Century BC,,,,,,Used for phases and/or events dating to the 19th century Before Common Era BCE/BC (1801 - 1900 BC/BCE),,,,,,,,,,,,,,,,,
,,,,,,,,,,,,,,20th Century BCE,20th Century BC,,,,,,Used for phases and/or events dating to the 20th century Before Common Era BCE/BC (1901 - 2000 BC/BCE),,,,,,,,,,,,,,,,,
2nd Millennium CE,2nd Millennium AD,Second Millennium CE,Second Millennium AD,,Used for phases and/or events that took place during the 2nd millennium CE/AD (AD/CE 1001 - 2000) Gregorian Calendar. Use more specific type where known.,Early 2nd Millennium CE,Early 2nd Millennium AD,Early Second Millennium AD,Early Second Millennium CE,,,,"Used for phases and/or events that took place during the early part of the 2nd millennium CE/AD (CE/AD 1001 - 1300) Gregorian Calendar. Use more specific type where known.
",11th Century CE,11th Century CE,,,,,,Used for phases and/or events dating to the 11th century CE/AD (CE/AD 1001 -1100),,,,,,,,,,,,,,,,,
,,,,,,,,,,,,,,12th Century CE,12th Century AD,,,,,,Used for phases and/or events dating to the 12th century CE/AD (CE/AD 1101-1200),,,,,,,,,,,,,,,,,
,,,,,,,,,,,,,,13th Century CE,13th Century AD,,,,,,Used for phases and/or events dating to the 13th century CE/AD (CE/AD 1201-1300),,,,,,,,,,,,,,,,,
,,,,,,Mid 2nd Millennium CE,Mid 2nd Millennium AD,Mid Second Millennium CE,Mid Second Millennium AD,,,,"Used for phases and/or events that took place during the middle part of the 2nd millennium CE/AD (CE/AD 1301 - 1700). Gregorian Calendar. Use more specific type where known.
",14th Century CE,14th Century AD,,,,,,Used for phases and/or events dating to the 14th century CE/AD (CE/AD 1301-1400),,,,,,,,,,,,,,,,,
,,,,,,,,,,,,,,15th Century CE,15th Century AD,,,,,,Used for phases and/or events dating to the 15th century CE/AD (CE/AD1401-1500),,,,,,,,,,,,,,,,,
,,,,,,,,,,,,,,16th Century CE,16th Century AD,,,,,,Used for phases and/or events dating to the 16th century CE/AD (CE/AD 1501-1600),,,,,,,,,,,,,,,,,
,,,,,,,,,,,,,,17th Century CE,17th Century AD,,,,,,Used for phases and/or events dating to the 17th century CE/AD (CE/AD 1601-1700),,,,,,,,,,,,,,,,,
,,,,,,Late 2nd Millennium CE,Late 2nd Millennium AD,Late Second Millennium CE,Late Second Millennium AD,,,,Used for phases and/or events that took place towards the end of the 2nd millennium CE/AD (CE/AD 1667 - 2000) Gregorian Calendar. Use more specific type where known.,18th Century CE,18th Century AD,,,,,,Used for phases and/or events dating to the 18th century CE/AD (CE/AD 1701 -1800),,,,,,,,,,,,,,,,,
,,,,,,,,,,,,,,19th Century CE,19th Century AD,,,,,,Used for phases and/or events dating to the 19th century CE/AD (CE/AD 1801-1900),,,,,,,,,,,,,,,,,
,,,,,,,,,,,,,,20th Century CE,20th Century AD,,,,,,Used for phases and/or events dating to the 20th century CE/AD (CE/AD 1901-2000).,,,,,,,,,,,,,,,,,
3rd Millennium BCE,Third Millennium BCE,Third Millennium BC,3rd Millennium BC,,Used for phases and/or events that took place during the 3rd millennium BC/BCE (2001-3000 BC/BCE). Use more specific type where known.,Early 3rd Millennium BCE,Early 3rd Millennium BC,Early Third Millennium BC,Early Third Millennium BCE,,,,Used for phases and/or events that took place during the early part of the 3rd millennium BCE/BC (2001-2399 BC/BCE) Gregorian Calendar. Use more specific type where known.,21st Century BCE,21st Century BC,,,,,,Used for phases and/or events dating to the 21st century Before Common Era BCE/BC (2001 - 2100 BC/BCE),,,,,,,,,,,,,,,,,
,,,,,,,,,,,,,,22nd Century BCE,22nd Century BC,,,,,,Used for phases and/or events dating to the 22nd century Before Common Era BCE/BC (2101 - 2200 BC/BCE),,,,,,,,,,,,,,,,,
,,,,,,,,,,,,,,23rd Century BCE,23rd Century BC,,,,,,Used for phases and/or events dating to the 23rd century Before Common Era BCE/BC (2201 - 2300 BC/BCE),,,,,,,,,,,,,,,,,
,,,,,,Mid 3rd Millennium BCE,Mid 3rd Millennium BC,Mid Third Millennium BC,Mid Third Millennium BCE,,,,Used for phases and/or events that took place during the middle part of the 3rd millennium BCE/BC (2400-2799 BC/BCE). Gregorian Calendar. Use more specific type where known.,24th Century BCE,24th Century BC,,,,,,Used for phases and/or events dating to the 24th century Before Common Era BCE/BC (2301 - 2400 BC/BCE),,,,,,,,,,,,,,,,,
,,,,,,,,,,,,,,25th Century BCE,25th Century BC,,,,,,Used for phases and/or events dating to the 25th century Before Common Era BCE/BC (2401 - 2500 BC/BCE),,,,,,,,,,,,,,,,,
,,,,,,,,,,,,,,26th Century BCE,26th Century BC,,,,,,Used for phases and/or events dating to the 26th century Before Common Era BCE/BC (2501 - 2600 BC/BCE),,,,,,,,,,,,,,,,,
,,,,,,,,,,,,,,27th Century BCE,27th Century BC,,,,,,Used for phases and/or events dating to the 27th century Before Common Era BCE/BC (2601 - 2700 BC/BCE),,,,,,,,,,,,,,,,,
,,,,,,Late 3rd Millennium BCE,Late 3rd Millennium BC,Late Third Millennium BC,Late Third Millennium BCE,,,,Used for phases and/or events that took place towards the end of the 3rd millennium BCE/BC (2800-3000 BC/BCE). Gregorian Calendar. Use more specific type where known.,28th Century BCE,28th Century BC,,,,,,Used for phases and/or events dating to the 28th century Before Common Era BCE/BC 2701 - 2800 BC/BCE),,,,,,,,,,,,,,,,,
,,,,,,,,,,,,,,29th Century BCE,29th Century BC,,,,,,Used for phases and/or events dating to the 29th century Before Common Era BCE/BC (2801 - 2900 BC/BCE),,,,,,,,,,,,,,,,,
,,,,,,,,,,,,,,30th Century BCE,30th Century BC,,,,,,Used for phases and/or events dating to the 30th century Before Common Era BCE/BC (2901 - 3000 BC/BCE),,,,,,,,,,,,,,,,,
4th Millennium BCE,Fourth Millennium BCE,Fourth Millennium BC,4th Millennium BC,,Used for phases and/or events that took place during the 4th millennium BC/BCE (3001-4000 BC/BCE). Use more specific type where known.,Early 4th Millennium BCE,Early 4th Millennium BC,Early Fourth Millennium BC,Early Fourth Millennium BCE,,,,"Used for phases and/or events that took place during the early part of the 4th millennium BCE/BC (3001-3300 BC/BCE)
",31st Century BCE,31st Century BCE,,,,,,Used for phases and/or events dating to the 31st century Before Common Era BCE/BC (3001 - 3100 BC/BCE),,,,,,,,,,,,,,,,,
,,,,,,,,,,,,,,32nd Century BCE,32nd Century BC,,,,,,Used for phases and/or events dating to the 32nd century Before Common Era BCE/BC (3101 - 3200 BC/BCE),,,,,,,,,,,,,,,,,
,,,,,,,,,,,,,,33rd Century BCE,33rd Century BC,,,,,,Used for phases and/or events dating to the 33rd century Before Common Era BCE/BC (3201 - 3300 BC/BCE),,,,,,,,,,,,,,,,,
,,,,,,Mid 4th Millennium BCE,Mid 4th Millennium BC,Mid Fourth Millennium BC,Mid Fourth Millennium BCE,,,,"Used for phases and/or events that took place during the middle part of the 4th millennium BCE/BC (3301-3700 BC/BCE)
",34th Century BCE,34th Century BC,,,,,,Used for phases and/or events dating to the 34th century Before Common Era BCE/BC (3301 - 3400 BC/BCE),,,,,,,,,,,,,,,,,
,,,,,,,,,,,,,,35th Century BCE,35th Century BC,,,,,,Used for phases and/or events dating to the 35th century Before Common Era BCE/BC (3401 - 3500 BC/BCE),,,,,,,,,,,,,,,,,
,,,,,,,,,,,,,,36th Century BCE,36th Century BC,,,,,,Used for phases and/or events dating to the 36th century Before Common Era BCE/BC (3501 - 3600 BC/BCE),,,,,,,,,,,,,,,,,
,,,,,,,,,,,,,,37th Century BCE,37th Century BC,,,,,,Used for phases and/or events dating to the 37th century Before Common Era BCE/BC (3601 - 3700 BC/BCE),,,,,,,,,,,,,,,,,
,,,,,,Late 4th Millennium BCE,Late 4th Millennium BC,Late Fourth Millennium BCE,Late Fourth Millennium BC,,,,"Used for phases and/or events that took place during the early part of the 4th millennium BCE/BC (3701-4000 BC/BCE) Gregorian Calendar. Use more specific type where known.
",38th Century BCE,38th Century BC,,,,,,Used for phases and/or events dating to the 38th century Before Common Era BCE/BC (3701 - 3800 BC/BCE),,,,,,,,,,,,,,,,,
,,,,,,,,,,,,,,39th Century BCE,39th Century BC,,,,,,Used for phases and/or events dating to the 39th century Before Common Era BCE/BC (3801 - 3900 BCE),,,,,,,,,,,,,,,,,
,,,,,,,,,,,,,,40th Century BCE,40th Century BC,,,,,,Used for phases and/or events dating to the 40th century Before Common Era BCE/BC (3901 - 4000 BC/BCE),,,,,,,,,,,,,,,,,
5th Millennium BCE,Fifth Millennium BCE,Fifth Millennium BC,5th Millennium BC,,Used for phases and/or events that took place during the 5th millennium BCE/BC (4001-5000 BC/BCE). Use more specific type where known.,,,,,,,,,,,,,,,,,,,,,,,,,,,,,,,,,
Contemporary,21st Century CE,,,,Used for phases and events dating to the 21st Century CE/AD (AD/CE 2001-2100),,,,,,,,,,,,,,,,,,,,,,,,,,,,,,,,,
Neogene,Tertiary,,,,The Neogene includes the Miocene and Pliocene epochs (23700000–1600000 years ago) and is considered by some to encompass the time up to the present. The Neogene which means newborn was designated as such to emphasize that the marine and terrestrial fossils found in the strata of this time were more closely related to each other than to those of the preceding period called the Paleogen.,Pliocene,,,,,,,On the geologic time scale the youngest epoch of the Tertiary or of the more recently designated Neogene following Miocene and preceding the Pleistocene epoch of the Quaternary period. It extends from about 5.3 million to 2.58 million years ago.,,,,,,,,,,,,,,,,,,,,,,,,,
Quaternary,,,,,The Quaternary is the second major division of geologic time in the Cenozoic era following the Tertiary period. It extends from about 2.580 million years ago to the present. It is divided into Pleistocene and Holocene epochs.,Anthropocene,,,,,,,"It has been suggested that the effects of humans on the global environment particularly since the Industrial Revolution have resulted in marked changes to the Earth’s surface and that these may be reflected in the recent stratigraphic record. The term ‘Anthropocene’ (Crutzen 2002) has been employed informally to denote the contemporary global environment that is dominated by human activity (Andersson et al. 2005; Crossland 2005; Zalasiewicz et al. 2010). Discussions are presently ongoing to determine whether the stratigraphic signature of the Anthropocene is sufficiently clearly defined as to warrant its formal definition as a new period of geological time. The date for the start of the Anthropocene is currently being debated with some proponents suggesting that it began with the start of the Industrial Revolution (1800s) whilst others with the testing of atomic bombs in 1945. Others have suggest a date of 1950 marking the beginning of the 'Great Acceleration' in human activity. Another component of the debate includes whether the Anthropocene can be seen as different or distinct from the geological epoch of the Holocene. The International Union of Geological Sciences (IUGS) rejected the Anthropocene as a formal unit of the geologic timescale stating that ""Despite its rejection as a formal unit of the geologic timescale the Anthropocene will nevertheless continue to be used not only by Earth and environmental scientists but also by social scientists politicians and economists as well as by the public at large""",,,,,,,,,,,,,,,,,,,,,,,,,
,,,,,,Holocene,,,,,,,The second epoch of the Quaternary and the most recent geologic interval of time. The name which means ‘entirely recent' extends from about 11 700 BCE to the present. It coincides with the late and post-Stone Age history of the human species . It is also associated with the current interglacial (~11 700 BP - present day). Holocene stratigraphic records provide evidence inter alia of climate and sea-level change geomorphological and hydrological processes vegetational developments and faunal migrations. In addition they contain a unique range and wealth of archaeological data that attest to the development of society and the evolving relationships between people and the environment under near modern boundary conditions.,Early Holocene,Greenlandian Age,Lower Holocene,,,,,An informal tripartite subdivision of the Holocene that has long been employed and describes the earliest of three formally defined chronostratigraphic and geochronological units: the Lower/Early Middle and Upper/Late Holocene subseries/subepochs. This first stage/age of the Holocene is also termed the Greenlandian Stage/Age with its GSSP in the Greenland NGRIP2 ice core and dated at 11700 yr b2k (before 2000 CE) and is defined with its corrresponding Early Holocene Subseries/Subepoch.This subdivision was formally ratified by the Executive Committee of the International Union of Geological Sciences (IUGS) on 14th June 2018.,End of the Younger Dryas,,,,,,,A stadial of the Weichselian cold stage dated to between 11000 and 10000BP. The last glacial recession (13000–6000 years ago) was interrupted by this sharp advance. It takes its name from a tundra plant called Dryas octopetala.,,,,,,,,,
,,,,,,,,,,,,,,Middle Holocene,mid-Holocene,Northgrippian Age,,,,,An informal tripartite subdivision of the Holocene that has long been employed and describes the middle of three formally defined chronostratigraphic and geochronological units: the Lower/Early Middle and Upper/Late Holocene subseries/subepochs. This second stage/age of the Holocene is also termed the Northgrippian Stage/Age and is defined with its corrresponding Middle Holocene Subseries/Subepoch. The Northgrippian stage with its GSSP in the Greenland NGRIP1 ice core and dated to 8236 yr b2k (before 2000 CE) has been associated with a shortlived near global climatic event characterised by general cooling. This subdivision was formally ratified by the Executive Committee of the International Union of Geological Sciences (IUGS) on 14th June 2018.,,,,,,,,,,,,,,,,,
,,,,,,,,,,,,,,Late Holocene,Upper Holocene,Meghalayan Age,,,,,An informal tripartite subdivision of the Holocene that has long been employed and describes the latest of three formally defined chronostratigraphic and geochronological units: the Lower/Early Middle and Upper/Late Holocene subseries/subepochs. This uppermost subdividion of the Holocene is also termed the Meghalayan Stage/Age with its GSSP in a speleothem from Mawmluh Cave northeastern India with a date of 4250 yr b2k (before 2000 CE) indicating a global marked reduction in rainfall. This subdivision was formally ratified by the Executive Committee of the International Union of Geological Sciences (IUGS) on 14th June 2018.,Little Ice Age,,,,,,,A recent glacial stage called the Little Ice Age began in the sixteenth century and advanced and receded intermittently over three centuries. Its maximum development was reached about 1750 at which time glaciers were more widespread on Earth than at any time since the principal Quaternary Ice Ages.,,,,,,,,,
,,,,,,,,,,,,,,,,,,,,,,Medieval Climate Epoch,Medieval Warm period,Medieval Climate Anomaly,MCA,,,,Around the transition between the first and second millennium CE is a period widely referred to as the Medieval Climate Anomaly. Hemisphere-wide and global syntheses suggest that this period was generally warmer than the subsequent Little Ice Age. Tyson et al. (2000) suggest that warming may have increased by as much as ~+3°C south of Lake Malawi. The timing and spatial variability of the MCA is considered to be highly complex with high resolution records being comparatively patchy in terms of geographical coverage across Africa. General synthesis indicates that the MCA was wetter than today across the Sahel. In the more humid regions south of the Sahel the MCA has been suggested to be relatively arid with sites across East Africa from Ethopia to northern Malawi being drier than average. In Southern African records indicate that the period is characterised generally by increased humidity and warm conditions between 900 CE and 1250 and were interrupted by significantly drier conditions at around c. 1200 CE although on the southeastern side of southern Africa records seem to show greater variability (see also Nash 2016 for an overview).,,,,,,,,,
,,,,,,Pleistocene,,,,,,,On the geologic time scale this is the earlier and longer epoch of the Quaternary. The Pleistocene extends from about 2.580 million years ago to 11650 BCE. It is best known as the time when Earth entered its most recent period of glaciation.,Early Pleistocene,Lower Pleistocene,Gelasian Age,Calabrian Age,,,,The earliest division of the Pleistocene Epoch estimated to span between 2.580 Ma and 0.774 Ma. Alternative term is Lower Pleistocene.,,,,,,,,,,,,,,,,,
,,,,,,,,,,,,,,Middle Pleistocene,mid-Pleistocene,Chibanian Age,,,,,The end of the Early Pleistocene is marked by the Mid-Pleistocene transition with the cyclicity of glacial cycles. The epoch also coincides with the emergence of Homo homo Sapien.,MIS 6,Marine Isotope Stage 6,,,,,,Marine Isotope Stage 6 with cool and warm oscillations around 191 - 130 kya of the Middle Pleistocene. Homo sapiens established in Africa; innovation: heat treatment of rocks.,,,,,,,,,
,,,,,,,,,,,,,,,,,,,,,,MIS 7,Marine Isotope Stage 7,,,,,,Marine Isotope Stage 7 with warm and cool oscillations in the Middle Pleistocene around 241 - 191 kya.,,,,,,,,,
,,,,,,,,,,,,,,,,,,,,,,MIS 8,Marine Isotope Stage 8,,,,,,Marine Isotope Stage 8 with a cool temperature regine during the Middle Pleistocene around 291 - 241 kya. MSA technology established; hafted points used as weapons.,,,,,,,,,
,,,,,,,,,,,,,,Late Pleistocene,Terminal Pleistocene,Upper Pleistocene,,,,,The Late Pleistocene is the last stage of the Pleistocene epoch beginning at about 130 ka and ends at about 11 ka. Its beginning is defined by the Eemian thermal maximum (temperate period) and is end by the sharp rise in temperature at the end of the Recent Dryas (a thermal transition during the Würm glaciation).,Last Glacial Maximum,Late Pleniglacial,,,,,,The geological period dating between 25000 and 14000 BP during which global temperatures reached the lowest levels of the Upper Pleistocene (127000–10000BP).,,,,,,,,,
,,,,,,,,,,,,,,,,,,,,,,Last Glacial Period,Last Ice Age,Eemian,,,,,The closing stages of the Pleistocene Ice Age when the glaciers had begun their final retreat.,,,,,,,,,
,,,,,,,,,,,,,,,,,,,,,,Last Interglacial,,,,,,,Definition 1: Last Interglacial with temperatures slightly warmer and slightly higher sea levels. 130 - 117 kya. Possible Homo sapiens migration out-of-Africa. Definition 2: The last interglacial of northern Europe after the Saalian and before the Weichsel Glaciation from c 125000–115000 BP. This group of Quarternary interglacial deposits are found right across Europe from the Netherlands to Russia and contain fossils that indicate warm conditions. In the Netherlands and northern Germany the rising sea level caused the deposition of Eemian marine sediments. Evidence from bore holes indicates that the Eemian may represent two or even three interglacial stages. Levalloisian and Mousterian artifacts are found in Eemina deposits.,,,,,,,,,
,,,,,,,,,,,,,,,,,,,,,,MIS 2,Marine Isotope Stage 2,,,,,,Marine Isotope Stage 2 of the Upper/Late Pleniglacial. Characterised by the coldest period of the last glacial cycle with sea levels dropping and generally drier conditions than present-day. Occurs around 29 - 14 kya during the Late Pleistocene. Also referred to the Last Glacial Maximum (LGM). The Middle Stone Age disappears.,,,,,,,,,
,,,,,,,,,,,,,,,,,,,,,,MIS 3,Marine Isotope Stage 3,,,,,,Marine Isotope Stage 3 of the Inter-Pleniglacial. Characterised by a period of sharply warm oscillating conditions but much cooler than present. Occurs around 57 - 29 kya during the Late Pleistocene. Possible Homo sapiens migration out-of-Africa.,,,,,,,,,
,,,,,,,,,,,,,,,,,,,,,,MIS 4,Marine Isotope Stage 4,,,,,,Marine Isotope Stage 4 of the Lower Pleniglacial. A period of severely cold and dry conditions around 71 - 51 kya during the Late Pleistocene. Coincides with Mount Toba super-eruption north-west of Sumatra in the Andaman Sea. Possible trends in assemblages: marine shell beads; diverse bone tools; compound adhesives; engraved eggshell.,,,,,,,,,
,,,,,,,,,,,,,,,,,,,,,,MIS 5,Marine Isotope Stage 5,,,,,,Marine Isotope Stage 5 of the Last Interglacial: A gradually dertiorating climate with two cooler and two warmer intervals during the Late (Upper) Pleistocene around 130 - 71 kya.,MIS 5a,Marine Isotope Stage 5a,,,,Warm interval of the Last Interglacial around 85 - 71 kya. Possible trend in assemblages of the MSA: ground bone tools.,,,
,,,,,,,,,,,,,,,,,,,,,,,,,,,,,,MIS 5b,Marine Isotope Stage 5b,,,,Cool interval around ~92- 85 kya.,,,
,,,,,,,,,,,,,,,,,,,,,,,,,,,,,,MIS 5c,Marine Isotope Stage 5c,,,,Warm interval around ~ 105 - 92 kya.Innovations: possible ochre engraving and compound paint.,,,
,,,,,,,,,,,,,,,,,,,,,,,,,,,,,,MIS 5d,Marine Isotope Stage 5d,,,,Cool interval around ~117 - 105 kya.,,,
,,,,,,,,,,,,,,,,,,,,,,,,,,,,,,MIS 5e,Marine Isotope Stage 5e,,,,Last Interglacial with temperatures slightly warmer and slightly higher sea levels. 130 - 117 kya. Possible Homo sapiens migration out-of-Africa.,,,
post ad 1500 Atlantic World,Atlantic era,Atlantic trade of the 2nd millennium CE,Atlantic World,,The opening of the Atlantic trade in the second half of the 2nd millennium had great repercussions not only for West African societies but also for the rest of the world.,,,,,,,,,,,,,,,,,,,,,,,,,,,,,,,,,
trans-Saharan trade commerce,,,,,,early Islamic era trans-Saharan trade,,,,,,,"c. AD 650–1500. ""Triggered by increased demand for West African resources early Islamic trans-Saharan commerce became profoundly important: it established the first true connection between West Africa and the wider ‘world system’ a vital precursor to European involvement in West Africa; it brought significant economic inputs to Central Islamic lands most crucially gold and slaves; and not least it introduced Islam itself to West Africa (Insoll 2003; Mitchell 2005). """,,,,,,,,,,,,,,,,,,,,,,,,,
,,,,,,pre-Islamic trans-Saharan trade,,,,,,,"Description: ""Before the Islamic conquest of North Africa in the seventh century AD there had likely been a degree of trans-Saharan trade – Roman Carthaginian and Garamantian (Garrard 1982; Liverani 2000; Magnavita et al. 2002).""",,,,,,,,,,,,,,,,,,,,,,,,,
,,,,,,Essouk,,,,,,,"Description: ""The 6.5 m excavated sequence (dating from the mid-first millennium AD to c. 1400) significantly improves understanding of Essouk-Tadmakka's ‘prehistoric’ and historic periods and in doing so provides a wealth of new evidence to help answer key questions about early Islamic trans-Saharan trade.""",Essouk period 1,,,,,,,pre c. AD 750,,,,,,,,,,,,,,,,,
,,,,,,,,,,,,,,Essouk period 2,,,,,,,c. AD 750–950,,,,,,,,,,,,,,,,,
,,,,,,,,,,,,,,Essouk period 3a,,,,,,,c. AD 950–1100.,,,,,,,,,,,,,,,,,
,,,,,,,,,,,,,,Essouk period 3b,,,,,,,c. AD 1100–1300,,,,,,,,,,,,,,,,,
,,,,,,,,,,,,,,Essouk period 4,,,,,,,c. AD 1300–1400,,,,,,,,,,,,,,,,,
Asian maritime trade,,,,,"Description: ""despite the antiquity of this trade only in the last few centuries BC did it link the area of study [from Middle East to East Asia reaching as far apart as West Africa and the American Pacific coast]"".",Chibuene series (glass bead),,,,,,,Description: 7th - 8th Century AD. Based on chemical analysis Chibuene series beads probably came from the Middle East east of the Euphrates with the Sasanian Persian Gulf trade. Possibly found at Nqoma western Botswana and potentially at sites in East Africa. Around the middle-to-late 10th century importation of Zhizo beads ceased and Chibuene’s role as a port serving Indian Ocean trade and the interior of southern Africa ended. These beads are also found at several sites in West Africa beginning in around the 8th century AD but seem to vanish from trade there by the end of the first millennium AD.,,,,,,,,,,,,,,,,,,,,,,,,,
,,,,,,Indo-Pacific glass beads,Trade Wind Bead group,East Coast Indo-Pacific Series (glass beads),East Coast-IP (glass beads),,,,"Description: ""ndo-Pacific Beads are rarely more than 5mm in diameter and made in a limited range of colours including: opague reddish brown orange yellow green and black as well as semi-translucent greens and blues and translucent amber and violet. The glass often contains many bubbles and can vary in quality. The beads were so widely distributed both spatially and temporally. They were traded to West Africa with the Kingdom of Ghana by the 7th to 8th centuries Ad including at such sites as Tegdaoust in modern Mauritania Jenne-jenno in the Interior Niger Delta of Mali Beads may have arrived through internal African routes from East Africa. In Eastern Africa and Southern Africa Indo-Pacific glass beads are found at numerous sites dating from the early 7th to 8th centuries (AD) onwards. For example they have been recovered at sites such as Nzwanzi in the Comoros (11th - 15th centuries AD) post-Zhizo assemblages in southern Africa and multiple sites along the coast of East Africa (and particularly from Swahili Stonetowns). It is having also been suggested that some East Coast Indo-Pacific beads could have been manufactured between the 13th and 14th century at Mkokotoni on Zanzibar Island.""",K2 Indo-Pacific series (glass bead),,,,,,,"Description: mid-10th to mid-13th centuries AD. Type of glass from South and Southeast Asia. the K2 I-P series which is ubiquitous in southern Africa is not common in East Africa and those I have managed to identify tend to come from more southerly sites such as Kaole (see Paper VI) and Sanje ya Kati in southern Tanzania.""",,,,,,,,,,,,,,,,,
,,,,,,,,,,,,,,Khami Indo-Pacific series (glass bead),,,,,,,Description: Khami-period Indo-Pacific beads are found in large numbers all around southern Africa as well as on the East African coast from the early 15th century through much of the 17th century and are present at many sites in Zimbabwe Botswana and the Shashe-Limpopo region. Apart from chemical composition which suggests the glass was made in southern Asia further evidence that indicates these beads were coming from that region can be found in early 16th century Portuguese documents. (Source A Glass Bead Sequence for Southern Africa from the 8th to the 16th Century AD Marilee Wood),,,,,,,,,,,,,,,,,
,,,,,,,,,,,,,,Zhizo Indo-Pacific series (glass bead),,,,,,,8th - 10th Century (found at sites in Zimbabwe Botswana. Zhizo beads are rare with only 11 having been recorded to date at Tumbe on Pemba Island and 1 at Shanga in the Lamu Archipelago. Like the preceding Chibuene series the chemistry of the glass used to make Zhizo beads indicates itwas made in the Middle East east of the Euphrates.,,,,,,,,,,,,,,,,,
,,,,,,Zimbabwe series (glass bead),,,,,,,Zimbabwe series beads reached southern Africa will not be possible until the source of the glass is found. Mid -13th to late 15th Centuries AD.,,,,,,,,,,,,,,,,,,,,,,,,,
,,,,,,Indian Red glass beads,,,,,,,13th Century east Africa,,,,,,,,,,,,,,,,,,,,,,,,,
,,,,,,Middle Eastern glass beads,,,,,,,The Middle East and in particular Egypt and the Levant played an important part in the history of glass where it it is generally acknowledged to have been invented in Mesopotamia in the middle of the third millennium BC. Middle East glass beads are commonly referred to as Phoenician beads and are spread around the Mediterranean littoral. Innovative glass beadmaking techniques where initiated in the Helenistic times and persisted trhought the Roman Empire into the Byzantine-Coptic periods and until the end of the Easly Islamd Period. The most widespread of glass beads from the Middle East are small monochrome oblate segmented beads recovered from Europe Middle East and Africa. These beads date from about 300 BCE to about 1200 CE and were an important staple in the Asian Maritime Trade network.,Middle Eastern segmented glass beads,,,,,,,Produced from about 300 BCE to around 1200 CE Middle Eastern segmented glass beads have been identified in Europe the Middle East and Africa and are characteristically small monochrome oblates. They are however scarce in the Asian martime bead trade possibly due to competition with the numerous Indo-Pacific beads.,,,,,,,,,,,,,,,,,
,,,,,,Chinese glass beads,,,,,,,15th Century: East African assemblages one sort stands out. It consists of small wound beads most of which are transparent-translucent ruby red and a few that are amber-coloured. They are distinctive not only because small wound beads are rare but the colours are unusual as well. The largest number of them was found at Kilwa’s Husuni Kubwa Tanzania. One example found at Great Zimbabwe. These beads came from contexts dated to around the early 15th century likely origins from China.,,,,,,,,,,,,,,,,,,,,,,,,,
,,,,,,Sassanian-Islamic ware (ceramic),,,,,,,One of the commonest types of imported pottery found around the Indian Ocean in the 7th–10th centuries was a large jar commonly known as Sassanian–Islamic ware with Persian Gulf origins. The Sasanian–Islamic ware displayed either a green glaze with modelled swirls ribs and protrusions or a turquoise blue glaze on one side and a light green on the reverse is commonly found along the East African coast.,,,,,,,,,,,,,,,,,,,,,,,,,
,,,,,,Sirafari jars (ceramic),,,,,,,6th–10th centuries (AD) - Persian Gulf,,,,,,,,,,,,,,,,,,,,,,,,,
,,,,,,Islamic sgraffiato (ceramic),,,,,,,‘Sgraffiato’ describes the decorative technique of incising linear designs through a white slip before glazingr. In pottery the pattern is incised through a white or coloured slip (mixture of clay and water washed over the vessel before firing) revealing the body colour beneath. Can be plain glazed glazed with floral motif or hatched motif. Sgraffiato is therefore a long-lived and widespread tradition which can be subdivided into a number of lesser traditions with a more limited geographical and chronological range based on the style of decoration fabric and technique of manufacture. Islamic sgraffiato vessels are categorised into early Sgraffiato dating to around 9th - 11th centuries (AD) and late Sgraffiato dating to around the 11th - 13th centuries (AD). By the 12th century the technique had become the most widespread and common of the Islamic ceramic traditions: it is found in Egypt the coast of East Africa Syria Northern Iraq Central Asia and Byzantium and entered the European tradition through Northern Italy in the early 13th century,,,,,,,,,,,,,,,,,,,,,,,,,
,,,,,,Iranian sgraffiato,,,,,,,,,,,,,,,,,,,,,,,,,,,,,,,,
,,,,,,Black on yellow ware (ceramic),,,,,,,14th Century AD. hard red-orange paste with a fine temper and smooth fracture. The inside is slipped and glazed with whitish–green glaze thought to have originated from southern Arabia,,,,,,,,,,,,,,,,,,,,,,,,,
,,,,,,Fine Cream ware (ceramic),Gudulia ware,Eggshell ware,,,,,8th–9th centuries (AD) - Middle East,,,,,,,,,,,,,,,,,,,,,,,,,
,,,,,,Lead glazed polychrome ware (ceramic),,,,,,,900 to 1050 AD: These ceramics have soft pink to pink-buff paste very fine with little temper and smooth fracture. The internal surface is decorated with white glaze and brown colour iridescence. The ware noted to be from Siraf and Susa sites in Iran.,,,,,,,,,,,,,,,,,,,,,,,,,
,,,,,,Lustreware (ceramic),Lustre ware,Samara Lustre (ceramic),,,,,9th–11th centuries (AD) earthenware with probably origins in the Persian Gulf is termed lustre ware. This ware has soft to buff paste with a fine temper and fairly smooth fracture. The external surface is glazed with silvery-brown lustre giving it a shiny metallic appearance.,,,,,,,,,,,,,,,,,,,,,,,,,
,,,,,,Changsha stoneware,,,,,,,early 9th century (AD) - Tang (T’ang) Dynasty. Ceramic ware manufactured in Changsha kilns during the Tang dynasty varied greatly in form. They are unglazed brown-painted stoneware from the Tongguan kiln sites in Hunan Province.,,,,,,,,,,,,,,,,,,,,,,,,,
,,,,,,Chinese blue on white ware,,,,,,,~1430 - 1510 centuries (AD): Stoneware/Porcelain decorated with cobalt on a white porcelain body covered with a clear colorless glaze and mostly made in the city of Jingdezhen located on the southern bank of the Chang River in Jiangxi Province. The ware becomes increasingly present in assemblages in Eastern and Southern Africa around the mid 15th Century AD onwards.,,,,,,,,,,,,,,,,,,,,,,,,,
,,,,,,Chinese green-glazed stoneware,Chinese Caledon,Caledon,,,,,"The term ""Celadon"" is today used in at least three different ways as denoting a color a glaze and a ware. Celadon glaze - greenish high-fired and used on top of a white porcelain body. Wares: A term first minted in Europe to describe the wares decorated with a subtle sea green glaze - obtained by slight underfiring - and made at the kilns centered in the Longquan area of southern Zhejiang province Colour: High-fired green wares in general in China known as qingci. Occurs throughout the Indian Ocean network and in Eastern Africa around the early 9th Century (AD) and onwards.",Longquan green-glazed stoneware,Longquan celadon,,,,,,Wares mostly decorated with greenish glaze made at kilns centered in the Longquan area of southern Zhejiang province. Celadon wares was made here from the Northern Song to the early Qing dynasty.,,,,,,,,,,,,,,,,,
,,,,,,,,,,,,,,Yue ware,proto-Longquan stoneware,,,,,,Stoneware dating from the mid- 9th century (AD) onwards. Typical Yue stoneware of the early Six Dynasties era are high fired stoneware with hard fairly fine grained bodies. They are covered with thin semitranslucent and rather uneven glazes that range in tone from olive green to grayish green sometimes even tending toward brownish yellow. The wares derive from the earliest workshop of the Yue region of Zhejiang Province China. Not all pieces are exactly alike in type and quality.,,,,,,,,,,,,,,,,,
,,,,,,Myanmar green-glazed stoneware,,,,,,,1470s,,,,,,,,,,,,,,,,,,,,,,,,,
,,,,,,Qingbai ware (ceramic),,,,,,,Starting around the 10th century (AD) Qingbai Ware constitutes the one of the largest categories of Chinese monochrome ceramics most exported into the Muslim world and East Africa between 11th and 13th centuries (AD) all of which has glaze ranging in color from pale blue gray to pale blue and including blue-gray-green and even off-white.,,,,,,,,,,,,,,,,,,,,,,,,,
,,,,,,Tz'u-chou stoneware,Cizhou ware,Z'u-chou ware,,,,,Northern Chinese stonewares made principally in Hopeh Honan Shansi and Shantung provinces between the Sung and Ming dynasties (960-1644 CE). Z'u-chou arose from the tradition of T'ang dynasty (618-906) white wares but coarse local clays required the use of a creamy white slip to mask the dark color of the buff-grey body. This white slip is the distinguishing characteristic of Tz'u-chou ceramics which consisted primarily of inexpensive wares for everyday use. Some basic methods included black-and-brown painting on white slip white or black slip with deeply carved decoration that exposed the clay body (cut-glaze technique) black slip sgraffiato designs on white slip incised and stamped decoration green lead glaze and the earliest use of enamel overglaze decoration. (Porcelain and stoneware),,,,,,,,,,,,,,,,,,,,,,,,,
,,,,,,White glaze and colour splashed ware (ceramic),Opaque white-glazed ware,Splashed tin-glazed ware,White-glazed ware,Mottled-splashed ware,White tin-glazed ware,Colour-splashed glazed ware,9th to 10th centuries AD: earthen ware with soft white to buff paste with a fine temper and fairly smooth fracture. It consists of undefined areas of green brown and yellow splashes with green often being the predominant colour. Considered to derive from the Persian Gulf region.,,,,,,,,,,,,,,,,,,,,,,,,,
,,,,,,Chinese porcelain,,,,,,,,,,,,,,,,,,,,,,,,,,,,,,,,
,,,,,,Persian earthenware,,,,,,,,,,,,,,,,,,,,,,,,,,,,,,,,
Stone Age (Eastern Africa),SA (Eastern Africa),,,,The period covers the Plio-Pleistocene through to the Neolithic and includes the Early Middle and Later Stone Ages.,Early Stone Age (Eastern Africa),ESA (Eastern Africa),,,,,,The period associated with the earliest evidence of human origins and cultural behaviour 3.4mya-200kya,Acheulean (Eastern Africa),,,,,,,A subsequent development from the Oldowan marked by bifacial stone artifacts called handaxes and cleavers which broadly correspond with the emergence of Homo erectus in East Africa,,,,,,,,,,,,,,,,,
,,,,,,,,,,,,,,Acheulean (Ethiopia),Mode 2 Industry (Ethiopia),,,,,,Acheulean assemblages are characterised by the presence of the hand axes as well as cleavers. Some of the earliest finds of Mode 2 are found at sites of the Konso-Gardula formation of the south-western Rift of Ethiopia dating from around 1.7 mya.,,,,,,,,,,,,,,,,,
,,,,,,,,,,,,,,Lomekwian,,,,,,,Term suggested for a period that is represented by tools at least 700000 years before the earliest Oldowan tools in Eastern Africa. They have only been found at one site west of Lake Turkana Lomekwi 3. Assembalage composed of cores and flakes the cores being made from heavy large sized pebbles. The flake production technique is described as a combination of core reduction and battering activities by passive hammer and bipolar; mainly by freehand percussion. There is much debate about who made these tools since Australopithecines and Homo lived here at this time.,,,,,,,,,,,,,,,,,
,,,,,,,,,,,,,,Oldowan (Eastern Africa),,,,,,,The artifact assemblages consisting variously of crude flakes or flakes and elementary core tools on pebbles or angular fragments coinciding with closely with appearance in the fossil record of the robust australopithecine A. boisei and of the earliest human species Homo habilis.,Karari,Developed Oldowan,,,,,,This term was proposed for a distinctive local series of artefact assemblages that include bifaces and a greater range of tool types than its predecessors covering the period 1.6-1.2 mya. The tools only occur in the area east of Lake Turkana in sites in the Karari escarpment.,,,,,,,,,
,,,,,,Transitional Earlier Stone Age and Middle Stone Age (Eastern Africa),ESA/MSA transition (Eastern Africa),,,,,,,Sangoan Lupemban (Eastern Africa),,,,,,,This is an intermediate industry between the Acheulean and the Middle Stone Age thought to be an adaptation to a forested environment. The assemblage is characterized by tools that seem to signal a transition between the above industries. Although usually grouped together descriptions of the Sangoan-Lupemban are slightly different with the former having both heavy duty and light duty tools scrapers utilised and retouched tools while the Lupemban consists of points foliate shaped lanceolate and Levallois debitage. Dating still problematic.,,,,,,,,,,,,,,,,,
,,,,,,Middle Stone Age (Eastern Africa),MSA (Eastern Africa),,,,,,The period is marked by the absence of the large bifacial tools (the Acheulian handaxes and cleavers) and dominated by well-made flakes and blades that are sometimes retouched into side scrappers points denticulates notches backed elements and other formal tool types. The period is also associated with the oldest unequivocal evidence for use of fire in Africa. It is also associated with an archaic variety of Homo sapiens.,Khormusan,,,,,,,Middle Palaeolithic industry in northern Sudan/possibly southern Egypt characterised by a wide variety of raw materials and a strong correlation of specific materials to specific technology used in tool creation. 85kya - 65kya,,,,,,,,,,,,,,,,,
,,,,,,Later Stone Age (Eastern Africa),LSA (Eastern Africa),,,,,,The most striking marker of this period is the widespread use of bone to produce standardised artifact types known as points. LSA is also associated with the manufacture of art objects and ornaments especially beads and pendants made in bone and shell inclduing ostritch eggshell beads,Blade Tool Tradition (Ethiopian Rift Valley),,,,,,,The LSA in Ethiopia is characterised with the development of a microlithic industry. Many terminologies have been applied to this period including the Mode4/5 Industry Blade Mode 4 Industry as well as the Ethiopian Blade Tool Tradition which has been divided into three discrete temporal phases. Currently the earliest date for the start of the LSA in Ethiopia is 27 kya. Evidence indicates that microlithic tools were being manufactured well within the Aksumite Period in the form of highly standardised scrapers. Microlithic technologies also co-occur with the first evidence of pottery in northern Ethiopia dated to around 4700 years ago and with the presence of domestic livestock in the faunal remains. The industry also co-occurs with the presence of grindstones and later with classical and late Aksumite pottery dating from the fifth to sixth centuries AD.,Blade Tool Tradition Phase A (Ethiopian Rift Valley),,,,,,,Based on Brandt (1980) and Clark and Williams (1978) classification of the Ethiopian Blade Tool Tradition phase A refers to a transitional and emergent microlithic industry characterised by the use of local obsidian on backed geometric microliths and scrapers. Date range: 22 to 19 kya. The start date should be taken as tentative as the radiocarbon date from which it derives is made on ostrich eggshell. Note that this phase has been based on research conducted in and around Lake Besaka Rift Valley Ethiopia.,,,,,,,,,
,,,,,,,,,,,,,,,,,,,,,,Blade Tool Tradition Phase B (Ethiopian Rift Valley),,,,,,,Based on Brandt (1980) and Clark and Williams (1978) classification of the Ethiopian Blade Tool Tradition phase B is defined by the increase in frequency of microlithic material including the manufacture of burims and awls. Note that this industry has been classified based on research that has been conducted in and around Lake Besaka Rift Valley Ethiopia Date range: c. 11 - 5 kya.,,,,,,,,,
,,,,,,,,,,,,,,,,,,,,,,Blade Tool Tradition Phase C (Ethiopian Rift Valley),,,,,,,Based on Brandt (1980) and Clark and Williams (1978) classification of the Ethiopian Blade Tool Tradition phase C refers to the dominance of end and convex scapters in microlithic assemblages and a decrease in the use of blades and burins. The timing has also been associated with the first ceramics presence of grinding stones and the beginning of exchange networks. This may indicate a shift in subsistence economy. Note that this industry has been classified based on research that has been conducted in and around Lake Besaka Rift Valley Ethiopia.,,,,,,,,,
,,,,,,,,,,,,,,Eburran,Kenyan Capsian,Aurignacian,,,,,Stone flaking technologies associated with hunter gatherer economy highly mobile populations lacking pottery exploited range of habitats and a variety of medium to large sized animals and who participated in wide ranging exchange networks that gave them access to different lithic materials such as obsidian and chert. Named Eburran after Mt Eburu which is located in the center of its confirmed distribution. Four pre-neolithic phases have been described and roughly correspond to the Lower Kenya Capsian and Upper Kenya Capsian Phases A and B. The phases span the late terminal Pleistocene to the early Holocene; there is a progressive reduction of microlith size from phase 1 to phase 4. 12000-6000BP,Eburran phase 5,,,,,,,Sub-tradition of the Eburran characterized by long narrow blades and flakes long narrow geometric microliths backed blades narrow end scrapers side scrapers burins with cores on flakes. Eburran phase 5 is divided into two on the basis of stone tool typology settlement patterns and economic adaptations.,Eburran 5A,,,,,Sites found in Savanna forest ecotone in shelters above 1950m with broad spectrum hunting and gathering economy some evidence of pastoralism and SPN pottery. Phase 5A comprises the Upper Kenya Capsian Phase C and phase D represented in Gambles cave Masai Gorge Rockshelter Naivasha Railway site. 2900-2000BP,,,
,,,,,,,,,,,,,,,,,,,,,,,,,,,,,,Eburran 5B,,,,,Sites found in open/ wooded grassland below 1950m hunting large and medium plains game with cattle dominated pastoralism and SPN pottery. Phase 5B corresponds to the Upper Kenya Capsian of Neolithic tradition represented at Hyrax hill and the Causeway site. Stone bowls are common. Possibly cairn burials . 2300-1900BP,,,
,,,,,,,,,,,,,,Kansyore,,,,,,,Ceramics found primarily at Later Stone Age Sites in the Lake Victoria basin associated with a fishing-foraging economy and in later occupations domestic livestock dated 8000-2000BP,,,,,,,,,,,,,,,,,
,,,,,,,,,,,,,,Wavyline (Eastern Africa),,,,,,,Pottery whose decoration was executed with catfish spine or mollusc shell imitating basketry such as those used for fishing. It appeared at waterside sites around 6000BC occuring from the Kenyan rift valley to the western Sahara during the period when lake levels were high. The pottery is often but not always found in association with fishing barbed points. Fish remains common. 7th-2nd mill BC,,,,,,,,,,,,,,,,,
Stone Age (Southern Africa),SA (Southern Africa),,,,The African Stone Age spans the first 2.5 Ma of human prehistory beginning with the world’s earliest stone tool production and continuing through the historical period of European colonization. The African Stone Age includes a tremendous diversity in terms of the characteristics of its industries and the life ways engaged in by its makers. Archaeological research on African stone tool industries has had wide-ranging impacts on our understanding of processes of human evolution and the organization of past human societies. The Stone Age conventionally encompasses three broad phases: Early Stone Age (ESA) Middle Stone Age (MSA) and Later Stone Age (LSA). Use more specific type where known.,Earlier Stone Age (Southern Africa),ESA (Southern Africa),Early Stone Age (Southern Africa),,,,,This is the first and earliest period of the Stone Age occuring during the Plio-Pleistocene and dating from 2.1 mya to 0.2 mya for southern Africa. The Early Stone Age is characterised by the oldest known cultural material produced by hominins and is generally characterised by simple stone tool industries including the Oldowan dating between 2.1 mya and 1.7 mya and the Acheulean dating between 1.4 mya and 0.2 mya . In Southern Africa the earliest stone tools include simple flakes struck from cobbles core and pebble tools and in later stages include intentionally shaped handaxes cleavers and picks; final or transitional stages have tools that are smaller than the preceding stages and include large blades. Use more specific type where known.,Acheulean (Southern Africa),Acheulean industry (Southern Africa),,,,,,The longest lasting industry of the Plio-Pleistocene/Early Stone Age in southern Africa and dating from about 1.3 mya to around 250 kya. It is marked by the presence of bifacial implements predominantly handaxes and cleavers that are made on a variety of stone materials. A continuation of simple tool forms including cores and flakes from the Oldowan is evidenced however retouched flakes become more common. Earliest and most securely dated evidence for this industry derives from Ethiopia.,Early Acheulean (Southern Africa),,,,,,,,,,,,,,,,
,,,,,,,,,,,,,,,,,,,,,,Late Acheulean (Southern Africa),,,,,,,Occuring from around I mya to 250-200 kya ago. Clark (2001) discussed both the variability and the advances apparent in the Later Acheulean dating from about 600 ka noting in particular the large increase in numbers of sites and various technological advances such as better raw material selection and greater numbers of formal tools particularly from 300 ka. Variability in the Early Stone Age is less well-studied than that of the MSA (see for example: McBrearty and Brooks 2000; Wadley 2015; Kandel et al. 2016). However Clark (2001) did consider that most variation in the Acheulean complex is concentrated in its late stages.,,,,,,,,,
,,,,,,,,,,,,,,Fauresmith,Fauresmith industry,,,,,,A lithic industry transitional from the Earlier Stone Age to the early Middle Stone Age and appears to occur south of the LImpopo in South Africa. It includes prepared cores blades and very reduced numbers of large cutting tools compared with the Acheulean and it often includes convergent flakes and retouched pointsprepared cores (Levoill blades and very reduced numbers of large cutting tools compared with the Acheulean The term is debated with some researchers suggesting to subsume it within the Later final Achuelean in southern Africa. The industry is dated roughly around ca. ~ 600 to 200 ka.,,,,,,,,,,,,,,,,,
,,,,,,,,,,,,,,Oldowan (Southern Africa),Oldowan industry (Southern Africa),,,,,,An early industry of the Plio-Pleistocene/Early Stone Age that is characterised by the simplest form of stone tools including cores choppers scrappers battered stones as well as flakes both unretouched and retouched. Dates in southern Africa are based on East African assemblages where the tools date from approximately 2.1 to 1.3 mya coinciding with the appearance of Anthrolopithecus boisei Homo habilis. The latter is generally thought to have made these earliest tools.,,,,,,,,,,,,,,,,,
,,,,,,Transitional Earlier Stone Age and Middle Stone Age (Southern Africa),ESA/MSA transition (Southern Africa),ESA to MSA Transition (Southern Africa),Early Stone Age to Middle Stone Age Transition (Southern Africa),,,,A transitional period from Earlier Stone Age (ESA) to the Middle Stone Age (MSA). The period is generally defined as a change in use of large cutting tools (LCTs) such as handaxes and cleavers to the use of blades points and prepared core technology (Levallois). In southern Africa some researchers identify transitional industries such as the Fauresmith (South Africa) and Sangoan (Zambia) as a transitional industry developed out of the Later Final Acheulean. Date range: ~ 600 - 200 kya. Use more specific type where known.,Bambesi (Zimbabwe),Khami ESA/MSA (Zimbabwe),,,,,,Bambesi (alt. Sangoan) is considered to be a transitional lithic industry between the Later Achuelean and the early Middle Stone Age.,,,,,,,,,,,,,,,,,
,,,,,,,,,,,,,,Sangoan (South Central Africa),Mode 2/3 (South Central Africa),Sangoan Industry (South Central Africa),First Intermediate (South Central Africa),Charama,proto-Still Bay,,The Sangoan industry (referred to as Bambesi in Zimbabwe) is considered to be a transitional lithic industry between the Later Achuelean and the early Middle Stone Age deriving predominantly north of the Limpopo River basin in southern Africa. It has been described from the Kalambo Falls site of Zambia and at sites Hope Fountain Pomongwe Bambata and Gweru Kopje and other sites around Hwange National Park Zimbabwe. The industry is characterised by the low presense of prepared cores that are absent from the Later Achuelean and by the presence of rare handaxes and cleavers core-axes core-scrapers and blade cores. Sangoan Industry is roughly thought to date from around ca. 500 - 300 ka.,,,,,,,,,,,,,,,,,
,,,,,,Middle Stone Age (Southern Africa),MSA (Southern Africa),,,,,,Definition 1: The Middle Stone Age (MSA) is best known for innovations that appear in the archaeological record at various times after about 300000 years ago to 20 000 years ago with the first appearance of Homo sapiens. These novel behaviours embrace hafting technology the use of compound paints and adhesives ingenious lithic technology that included pressure flaking and the heat treatment of rock the engraving of ochre and eggshell with geometric designs the stringing of shell beads and the production of a wide range of bone implements. Such innovations might have been linked to new types of social behaviour stimulated by demographic pulses and movements within and out of the continent. Population shifts may have occurred repeatedly during the MSA. Southern African sites seem concentrated in the interior of the subcontinent before 130 kya. Thus the florescence of MSA innovations described here appears to have coincided with the dispersal after 130 kya of populations from the interior to mountainous areas. Use more specific type where known. Definition 2: Southern African Middle Stone Age assemblages display pronounced variability among tool classes and technology perhaps because of regional stylistic variation but perhaps also because of the variety of rock types exploited across the area’s diverse landscape. General characterisitics of assemblages include Levallois or prepared core techniques (for definitions see Van Peer 1992; Boëda 1995; Pleurdeau 2005) occur in which triangular flakes with convergent dorsal scars often with faceted striking platforms are produced. Discoidal systems (for definition see Inizan et al. 1999) and intentional blade production from volumetric cores (for definition see Pleurdeau 2005) also occur; formal tools may include unifacially and bifacially retouched points backed artefacts scrapers and denticulates (for definition see Bisson 2000); Evidence of hafted tools; occasionally includes marine shell beads bone points engraved ochre nodules engraved OES fragments engraved bone fragments and grindstones (Lombard et al. 2012). Transitions and differences between the different lithic industies of the Earlier Stone Age (ESA) Middle Stone Age (MSA) and Later Stone Age (LSA) are less well understood. Use more specific type where known.,Bambata industry (MSA),Rhodesian Still Bay,Bambatan (MSA),,,,,Zimbabwe's MSA referred to as Bambata or Bambatan (previously termed Rhodesian Still Bay) is named after a Matobo rockshelter Bambata. The Bambata industriy is described by the presence of thick prepared cores rare crescents no bipolar anvils and sometimes more bifacial than unifacial points; it may date to around 100000 years ago. The lack of absolute ages for Bambata assemblages and their complex sequences however make it challenging to place them within the broader MSA sequence in southern African. The industry however has been compared to MSA assemblages from the site ≠Gi situated in the Dobe Valley of the northern Kalahari Basin in Botswana. Possible date range for Bambatan industry: ~95 kya to ~35 kya.,,,,,,,,,,,,,,,,,
,,,,,,,,,,,,,,Early Middle Stone Age (Southern Africa),Early MSA (Southern Africa),,,,,,Suggested age MIS 6 to MIS 8 from around ~300 to 130 thousand years ago. Early Middle Stone Age includes those assemblages that are older than Still Bay.,,,,,,,,,,,,,,,,,
,,,,,,,,,,,,,,Final Middle Stone Age (Southern Africa),Final MSA (Southern Africa),MSA 4 (Southern Africa),,,,,The final Middle Stone Age is an informal designation and suggested to occur around ~47 to 29 thousand years ago. It is characterised by high regional variability that may include bifacial tools bifacially retouched points hollow-based points. It can also be microlithic in character. The technocomplex has be based on assemblages deriving from the site Sibudu in the KwaZulu-Natal Province of South Africa.,,,,,,,,,,,,,,,,,
,,,,,,,,,,,,,,Howiesons Poort,Howiesonspoort,Howiesons Port,,,,,The Howiesons Poort is a technological tradition within the Middle Stone Age of southern Africa. This technological tradition shows different characteristics technical and symbol ic (the engraving of ostrich eggshell containers the appearance of engraved ochre for mal bone tool technology compound adhesives for hafting and a great variability in hunt ing techniques). The Howiesons Poort is generally accepted as distributed south of the Zambezi River (Deacon 1995; Jacobs et al. 2008) though it must be clarified that most of its identification is related to the current territory of South Africa south of the Limpopo River.,,,,,,,,,,,,,,,,,
,,,,,,,,,,,,,,Mossel Bay,,,,,,,The Mossel Bay technocomplex is characterised by a large number of ‘unworked’ points with faceted platforms and shaping through longitudinal flakes including a prepared core technology. It is approximately dated from around 98.4 thousand years to around 77.4 thousand years ago. The technocomplex is suggested to be confined to the all-year-rainfall region along the southern Cape coast of South Africa.,,,,,,,,,,,,,,,,,
,,,,,,,,,,,,,,Pietersburg,,,,,,,Includes tools and elongate flakes made on hornfels (see Bushman Rock Shelter Cave of Hearths Border Cave) but generally not well defined Sampson used it for all sites north of Johannesburg. General Middle Stone Age term for a variety of assemblage types but sometimes used as synonym for Howiesonspoort before 1965 Still Bay used for all sites with points see also Bambata.,,,,,,,,,,,,,,,,,
,,,,,,,,,,,,,,Post-Howiesonspoort,,,,,,,Defined at Sibudu Cave (South Africa) for MSA industries after Howiesons Poort dated at 58.5 ka (Jacobs et al. 2008) also includes Border Cave and expanded to include younger assemblages after HP without specific dating.,,,,,,,,,,,,,,,,,
,,,,,,,,,,,,,,Still Bay,Stillbay,,,,,,The first of two technocomplexes during in the Middle Stone Age and occuring between approximately c. 77 - 70 kya. The period is when the technological and behavioural repertoire of early Homo sapiens expanded rapidly to include novel technologies such as heat treatment of lithic materials pressure flaking of stone points manufacture of complex armatures including the bow and arrow and the production of symbolic artefacts including shell beads and engraved ochre bone and ostrich eggshell. Still Bay has been predominantly documented in the Western Cape Eastern Cape and KwaZulu-Natal Province of South Africa. It has also been tentatively assigned in Namibia at the site Apollo 11 (MSA 2). It is followed by the Howiesons Poort technocomplex in South Africa.,,,,,,,,,,,,,,,,,
,,,,,,,,,,,,,,Tshangulan Industry,Tshangulan,Tshangula,Magosian-Tshangulan,,,,The Tshangula industry is characterised with its backed artefacts microlithic and Levallois technologies and occurs in the Matobo Hills Zombepata and Redcliff Caves and dates approximately between ~35 to 20 ka. It marks the end of the MSA and the transition to the LSA in Zimbabwe. It is debated whether Tshangula Industry should be separated from the Late Middle Stone Age.,,,,,,,,,,,,,,,,,
,,,,,,Later Stone Age (Southern Africa),LSA (Southern Africa),,,,,,The final period of the Stone Age dating from around 40 000 years ago BP and into the historic period; ending at various times in different regions in southern Africa. Assemblages are generally microlithic in character and include a wide range of organic and inorganic artefacts. Three Later Stone Age (LSA) industries occur - Late Pleistocene Microlithic (18000 - 12000 BP) Oakhurst (12000 - 7000 BP) and Wilton (8000 - 100 BP) each of which carry different regional variations. The LSA is also characterised by the high variability in settlement patterns subsistence strategies and social organisation across different regions of southern Africa. Evidence for burials the use of personal ornamentation and exchange networks are identified. The production of rock art in the form of paintings and engravings are widely evidenced across the the region. The Ceramic Later Stone Age phase occurs within the last 2000 years BP and generally co-occurs with the introduction of the first domestic livestock. The final Later Stone Age overlaps with the presence of the farming communities and later Europeans on the landscape. Use more specific type where known.,Ceramic Final Later Stone Age (Southern Africa),Ceramic Final LSA (Southern Africa),,,,,,Definition 1: Part of the Late Holocene/ Final Later Stone Age of Southern Africa ceramic assemblages often thin-walled either organic (grass shell) or mineral-tempered begin to appear in the excavated record at multiple sites in different regions and dating from around 2000 BP up to the recent past. These ceramic assemblages often co-occur within microlithic assemblages. Regional variants include Cape coastal Pottery (southern and Western Cape South Africa) Smithfield B (Seacow River Valley South Africa) Doornfontein (Northern Cape South Africa) Bambata A (Zimbabwe and Botswana) Gwanda Ware or Matopan Ceramic phase in Zimbabwe. Dates for the ceramic Later Stone Age in Southern Africa vary from c. 26 BCE up to around the 19th century as recorded by early travellers along the Western Cape coast of Southern Africa. Definition 2: Later Stone Age ceramics predate Iron Age wares by as much as four centuries and this not only in the southeast. These Later Stone Age pots are quite distinct from Iron Age ware which is mineral tempered thick-walled (generally over 10 mm thick) with a coarse surface texture. By contrast the earliest pots from Later Stone Age sites are considerably thinner (five or six mm average wall thickness slightly thicker in the southeastern parts of the subcontinent) with mostly smooth and often burnished surfaces. Some are tempered with organic materials such as grass and charcoal.,Bambata Type A (ceramic),Bambata Type A,,,,,,Bambata type A pottery is often characterised as thin-walled around 4-6mm thick and well fired. Pottery shapes mostly occur in the form of jars; necked vessels and bowls Outer surface of sherds have a black to grey appearance and can be heavily decorated with multiple bands of alternating designs with comb-stamping being and broad incision. The pottery is described as charcoal tempered. A few spouts have also been identified as part of the ceramic assemblage. The pottery has been identified at sites in Botswana near Lake Ngami extending along Boteti and towards the Makgadikgadi Pans around the Matobo region of Zimbabwe (referred to as Gwanda ceramics) as well as into the northern parts of South Africa in the Limpopo Basin. There are few dates associated with this type of pottery but occurs within the early part of the first millennium CE. The makers of Bambata type A pottery are debated particularly whether such ceramics were an indigenous local southern African innovation amongst hunting and gathering/fisher communities or whether they were made by early farmers speaking an Eastern or Western Bantu-language. Alternatively the pottery could also be atttibuted to Khoe-speaking pastoralists. The ceramic assemblages have been suggested to be distinct from a thicker-walled Bambata Type B ceramic generally associated within Early Farming Community contexts in southern Africa.,,,,,,,,,
,,,,,,,,,,,,,,,,,,,,,,Early Cape Coastal Ware (ceramic),,,,,,,Early Cape Coastal Pottery is attributed with red slip (but sometimes black in colour) smoothly burnished well-fired and thin-walled with some vessels of 3 -4 mm in thickness. Pottery appears predominantly along the southwestern Cape coast of southern Africa.,,,,,,,,,
,,,,,,,,,,,,,,,,,,,,,,Late Matopan (ceramic),Gwanda (ceramic),Ceramic Matopan,Ceramic Matopan phase,,,,,,,,,,,,,
,,,,,,,,,,,,,,,,,,,,,,Later Stone Age Grass-tempered Ware (ceramic),Fibre-tempered LSA Ware,Grass-tempered LSA Ware,,,,,Described as grass tempered plain ware mostly shaped into bowls or bag-shaped pots and undecorated. Occurs predominantly in the central interior of South Africa (Karoo and Seacow River Valley). GTPW (Grass-tempered plain ware) seems to occur earlier than later fibre-tempered decorated wares. The pottery is often found in association with hunter-gatherer and/or hunter-herder contexts and sometimes with Khoe ceramics. Majority of this type of ware has been identified from the Seacow River Valley of central South Africa but also occurs at sites near the Lesotho border.,,,,,,,,,
,,,,,,,,,,,,,,,,,,,,,,Lugged Ware (ceramic),Khoe pottery,Lugged Ware,,,,,Within the early parts of the second millennium AD the appearance of pierced lugs (possibly used for suspension purposes) are evidenced in the archaeological record for southwestern Southern Africa particularly along the southwestern Cape coast of South Africa and Namibia and to a lesser extent further inland. Reports of lugged ware from northern Botswana have also been described but remain undated. The ware is commonly referred to as ‘Khoe’ or ‘Khoi’ pottery as documented during the 17th Century by early European vistitors at the Cape and attributed to historical Khoekhoen. The pottery is characterised as being coil built mineral-tempered (sometimes quartz inclusion) a shouldered-jar form with suspension lugs a neck and everted lip having a general amphora-like shape although it is suggested that there is much diversity in the morphology of lugged ware.,,,,,,,,,
,,,,,,,,,,,,,,,,,,,,,,Rippled Rim Ware (ceramic),Ripple Rim Ware,,,,,,Rippled Rim ware is found in early first millennium AD sites in southern Africa including Oruwanje 95/1 and Omungunda 99/1 in northern Namibia as well as at sites in northern South Africa including Skeurkrans (Limpoop Province) and Blinkklipkop and Limerock 1/2 (Northern Province). The ware is characterised as thin-walled mineral-tempered (sometimes with quartz inclusions) a black appearance with a 'ripple' effect. The pottery appears closely with the timing of Bambata Type A ceramics well known from Toteng in Botswana and from Bambata Cave in Zimbabwe.,,,,,,,,,
,,,,,,,,,,,,,,,,,,,,,,Southeastern Southern Africa Pre-Agriculturalist Ware (ceramic),KZN LSA Thin-Walled Undecorated Ware (ceramic),LSA Undecorated Thin-Walled Grit-Tempered Ware (ceramic),,,,,This pottery is unlike the earliest agriculturist pottery in vessel shape thickness and burnish and is descibed as as thin-walled fine grit-tempered undecorated and often bag-shaped. The pottery generally occurs in southeastern Southern Africa such as KwaZulu-Natal Province of South Africa and possibly in Eswatini). The pottery is often found in association with microlithic assemblages associated in date with the Final Later Stone Age in Southern Africa.,,,,,,,,,
,,,,,,,,,,,,,,Final Later Stone Age (Southern Africa),Final LSA (Southern Africa),Terminal Later Stone Age (Southern Africa),,,,,A technocomplex of the Holocene/Later Stone Age often referred to as the Post-classic Wilton and dating from roughly 4000 years ago BP. Assemblages are characterised as highly variable. Worked bone ostrich eggshell and ochre are commonly found in assemblages. Regional variants include Smithfield (Karoo Free-State South Africa) Kablejous (Northern Cape South Africa) and Amazimba (Zimbabwe). Use more specific type where known.,Amadzimba,,,,,,,An industry of the Later Stone Age occuring predominantly in the Matobo region of Zimbabwe. The industry is characterised by a proliferation of bone tools tranchets shale pendants ostrich egg shell containers bone link shafts bone points and drilled bone disc beads.,,,,,,,,,
,,,,,,,,,,,,,,,,,,,,,,Post-Wilton,Late Wilton,Smithfield C,Post-Climax Wilton,Interior Wilton,Inland Wilton,Post Wilton,Small hafted scrapers associated with backed bladelets but few to no segments younger than Wilton.,,,,,,,,,
,,,,,,,,,,,,,,,,,,,,,,Smithfield,Smithfield N,Smithfield P,,,,,Smithfield used specifically without a following letter designation includes assemblages with backed bladelets long end scrapers at end of sequence from Karoo (South Africa).,,,,,,,,,
,,,,,,,,,,,,,,,,,,,,,,Strandloper,,,,,,,Coastally adapted hunter-gatherers with few formal tools large untrimmed flakes.,,,,,,,,,
,,,,,,,,,,,,,,Early Later Stone Age (Southern Africa),ELSA (Southern Africa),Early LSA (Southern Africa),,,,,Definition 1: A lithic technocomplex dating from around 40 kya to 18 kya and relates to a transition or overlap between the Middle Stone Age (MSA) and Later Stone Age (LSA) in southern Africa. Assemblages are characterised by unstandardised often microlithic stone tools that generally occur before 20 000 years ago BP. In Zimbabwe the transition from MSA to LSA has been referred to as the Tshangula Industry (associated with final Middle Stone Age). Definition 2: ELSA is characterised by large scrapers including circular convex concave and informal types scaled pieces broad irregular flakes and micro-blades with predominantly plain striking platforms.,,,,,,,,,,,,,,,,,
,,,,,,,,,,,,,,Late Pleistocene - Early Holocene Microlithic (Southern Africa),,,,,,,An industry of the Later Stone Age dating between 18000 to 12000 years ago BP. Lithic assemblages are characterised as microlithic rich in unmodified bladelets and bladelets. Few formal tools are reported. The industry is present predominantly in eastern Zimbabwe and known from the site Duncombe Farm however it is understood to have closer affinities to the Nachikufu 1 industry in Zambia. Late Pleistocene Microlithic is documented as Robberg in South Africa.,,,,,,,,,,,,,,,,,
,,,,,,,,,,,,,,Maleme Industry,,,,,,,The Maleme Industry refers to mircolithic assemblages recovered from sites in the Matobo region of Zimbabwe. It is one of the first definite Later Stone Age industries to have been identified in the region. Dating between 13 000 to 11 000 years ago this industry is characterised by microlithic scrapers few prepared microlithic cores and triangular points and awls. The industry also contains evidence of bone cylinder beads and ornaments.,,,,,,,,,,,,,,,,,
,,,,,,,,,,,,,,Microlithic Later Stone Age (Southern Africa),Microlithic LSA (Southern Africa),Holocene Microlithic (Southern Africa),,,,,A technocomplex of the Holocene/Later Stone Age microlithic industry characterized by marked increase in formal tool frequencies and by a proliferation of small scrapers and backed microliths. Ostrich eggshell beads and ochre are common. Regional variants include Nswangti (Matobo Zimbabwe) Wilton or pre-ceramic Wilton (general Southern Africa). Use more specific type where known.,Kabeljous Industry,,,,,,,The Kabeljous Industry contains all the formal elements of the micrclithic industry only the elements are large and manufactured from a different raw material. The industry is also characterised with grooved stone sinkers bored stones grindstones and large quartzite segments. Large segments/backed flakes manufactured of quartzite appeared ea 3000 BP and i.would seem that these tools had a limited geographical distribution. They have been found from Klasies River in the west to the mouth of the Great FishRiver in the east but they probably extend as far east as theTranskei coast. Associated with hunter-collector-fishers. The industry existed contemporaneously with the Wilton industry.,,,,,,,,,
,,,,,,,,,,,,,,,,,,,,,,Nswatugi Industry,,,,,,,The Nswatugi Industry occurs predominantly within the Matobo region of Zimbabwe but has also been identified Hwange (north western Zimbabwe) and Eastern Zimbabwe. The industry displays similarities with technologies used during the Wilton microlithic. Also referred to as Wilton or Rhodesian Wilton Matopan Pfupi Khami Suggested to occur shortly after 9400 BP to 4 800 BP.,,,,,,,,,
,,,,,,,,,,,,,,,,,,,,,,Pfuri Industry,,,,,,,A regional variant of the Southern African Later Stone Age. The industry is characterised by intra-site variability. Pfuri Industry has been identified in Eastern Zimbabwe.,,,,,,,,,
,,,,,,,,,,,,,,,,,,,,,,Wilton,pre-ceramic Wilton,Classic Wilton,,,,,A fully developed microlithic tradition with numerous formal tools highly standardised backed microliths often made from blades/bladelets and small convex scrapers. Ochre and OES are common and bone shell and wooden artefacts occur.,,,,,,,,,
,,,,,,,,,,,,,,Nachikufan (South Central Africa),,,,,,,An industry of that follows and partially overlaps the Southern African and Eastern African Later Stone Age and has three broad phases: Nachikufan 1 (c. 16700 to 10800 BP) Nachikufan 2 (c. 9700--5000 B.P) Nachikufan 3 (c. 3500--200 B.P.). All known Nachikufan sites are found in Zambia. They lie north of the Zambezi river mostly west of the Luangwa river and primarily east of the Kafue river.,Nachikufan 1 (South Central Africa),,,,,,,Follows and partially overlaps with the Southern and Eastern Africa Later Stone Age tradition and occurs north of the Zambezi River. Nachikufan 1 has been identified as the earliest phase of the Nachikufan industry and is estimated to date between 16700 to 10800 BP.,,,,,,,,,
,,,,,,,,,,,,,,,,,,,,,,Nachikufan 2 (South Central Africa),,,,,,,An industry of that follows and partially overlaps the Southern African and Eastern African Later Stone Age and has three broad phases: Nachikufan 1 (c. 16700 to 10800 BP) Nachikufan 2 (c. 9700--5000 B.P) Nachikufan 3 (c. 3500--200 B.P.). All known Nachikufan sites are found in Zambia. They lie north of the Zambezi river mostly west of the Luangwa river and primarily east of the Kafue river.,,,,,,,,,
,,,,,,,,,,,,,,,,,,,,,,Nachikufan 3 (South Central Africa),,,,,,,An industry of that follows and partially overlaps the Southern African and Eastern African Later Stone Age and has three broad phases: Nachikufan 1 (c. 16700 to 10800 BP) Nachikufan 2 (c. 9700--5000 B.P) Nachikufan 3 (c. 3500--200 B.P.). All known Nachikufan sites are found in Zambia. They lie north of the Zambezi river mostly west of the Luangwa river and primarily east of the Kafue river.,,,,,,,,,
,,,,,,,,,,,,,,Oakhurst Complex,Albany Industry,Kuruman Industry,Lockshoek Industry,Smithfield A,Oakhurst,,A technocomplex of the Terminal Pleistocene/Early Holocene Later Stone Age industry characterised with a non-microlithic assemblage. Formal tools are few except for large scrapers though scrapers with adze-like lateral retouch are common after ca. 7500 BCE. The technocomplex dates between 12000 and 7000 years ago BP. Regional variants include Albany (southern and eastern Cape Fold Belt South Africa) Kuruman (Northern Cape South Africa) Lockshoek (Free State and Karoo South Africa) and Pomongwan (Matobo Zimbabwe).,,,,,,,,,,,,,,,,,
,,,,,,,,,,,,,,Pomongwan,Pomongwe Industry,,,,,,Regional variant of the Late Pleistocene Micolithic of southern Africa found predominantly in the Matobo Hills of western Zimbabwe but has also been identified in Malilangwe south eastern Zimbabwe. The industry is characterised by large convex scrapers bone matting needles and tortoise shell bowls.,,,,,,,,,,,,,,,,,
,,,,,,,,,,,,,,Robberg Industry,Robberg,,,,,,Definition 1: The Robberg industry is the earliest tecnological expression of the Later Stone Age. In the southern Cape of South Africa it dates to the end of the Late Pleistocene between 24 000 and 12 000 years ago. The industry is characterised by a few backed tools and scrapers. It has also been found further afield in the Free State Province of South Africa and Lesotho. Definition 2: The upper boundary of the Early LSA is capped by the Robberg Industry (Deacon1984ab).Robberg assemblages also known as the Early Microlithic (Mitchell1988)were identified first at Nelson Bay Cave and other nearby sites such as Melkhoutboom (Klein 1972;Deacon19761978). The Robberg is characterized by the systematic production of microlithic bladelets and a dearth of formal tools (Deacon1984ab).,,,,,,,,,,,,,,,,,
Stone Age (West Africa),Paleolithic (West Africa),Palaeolithic (West Africa),,,,Palaeolithic (Senegal),Stone Age (Senegal),Paleolithic (Senegal),,,,,In Senegal the Paleolithic covers the period from 300000 to 13000BC. It is commonly defined as the age of carved stone and its cultures are located in four main areas: Dakar and its surroundings; the Gambia River valley and the Niokolo-Koba Park; the Falémé valley; and the Senegal River valley.,Evolved Palaeolithic (Senegal),Recent Palaeolithic (Senegal),Recent Paleolithic (Senegal),Evolved Paleolithic (Senegal),Late Stone Age (Senegal),LSA (Senegal),,The Evolved Palaeolithic dating from around 27000 to 13000 BC is widespread across Senegal. Characteristic tools are points (pedunculated and foliated) bifaces blades scrapers drills denticulated and foliated bifacial armatures.,,,,,,,,,,,,,,,,,
,,,,,,,,,,,,,,Middle Palaeolithic (Senegal),Middle Paleolithic (Senegal),Middle Stone Age (Senegal),MSA (Senegal),,,,The Middle Paleolithic is dated between 75 000 and 27 000 BC. It is distributed over a large part of Senegal (the Falémé the Niokolo-Koba Park the Senegal River valley the Cape Verde Peninsula). Characterised by side-scrapers notches backed knives Levallois and Mousteroïd Facies.,Mousteroïd facies (Senegal),Mousteroid (Senegal),Mousteroid facies (Senegal),,,,,In Senegal the Mousteroid is not very characteristic of the Mousterian of Europe. It is generally defined by a tooling on flakes (points scrapers denticulates notches back knives rarity of burins and absence of typical scrapers) with small bifaces. The Mousteroid is very visible in the Cape Verde Peninsula where a series of surface deposits have been identified: Bargny Diokoul Cap des biches Ravin de Mbeth Sébikotane etc.,,,,,,,,,
,,,,,,,,,,,,,,,,,,,,,,Tiemassassanian facies (Senegal),,,,,,,Characterised by small bifacial foliates and points side and end-scrapers blades and geometric microliths.,,,,,,,,,
,,,,,,,,,,,,,,,,,,,,,,Levallois (Senegal),,,,,,,,,,,,,,,,
,,,,,,,,,,,,,,Lower Palaeolithic (Senegal),Mode 2 (Senegal),Early Stone Age (Senegal),Lower Paleolithic (Senegal),ESA (Senegal),,,The Lower Palaeolithic extends from 300000 to 75000 BC. The sites of Karé and Sansandé (eastern Senegal) represent the most characteristic archaeological stations of its Acheulean culture. Indeed the tools are characterized by scrapers and tools on pebbles cut in microchoppers and micochopping-tools. Bifaces and axes are also tools that refer to this culture but are rare.,Acheulean (Senegal),Classic Acheulean (Senegal),,,,,,The Acheulean is a facies of the Lower Paleolithic and is characterized by the culture of bifaces and axes.,,,,,,,,,
,,,,,,Stone Age (Gambia),Prehistoric (Gambia),,,,,,250 ka,Early Stone Age (Gambia),,,,,,,250 ka,Oldowan (Gambia),,,,,,,"Of the two lithic technologies that characterise the Early Stone Age (ESA) elsewhere in Africa—
 Oldowan and Acheulean—only the latter has been clearly documented in the Senegambia",,,,,,,,,
,,,,,,,,,,,,,,,,,,,,,,Acheulean (Gambia),,,,,,,"Of the two lithic technologies that characterise the Early Stone Age (ESA) elsewhere in Africa—
 Oldowan and Acheulean—only the latter has been clearly documented in the Senegambia",,,,,,,,,
,,,,,,,,,,,,,,Middle Stone Age (Gambia),,,,,,,"(11.7 kya) In the Senegambia the Middle Stone Age appears to have taken place later than in surrounding areas spanning from Marine Isotope Stage (MIS 6) to the Holocene with some sites being as recent as 11.7 kya. It is characterized by the presence of small Levallois flakes and cores as well as axes denticulates points and scrapers made from chert and limestone.4The occurrence of MSA sites is geographically widespread but deposits tend to cluster along rivers including the Senegal River Valley the Falémé Valley the Dakar Region the Tiemassas area the Gambia Valley and the Kédougou region as well as northern Guinea-Bissau. As with earlier periods no faunal or human remains survive so it is not known if the MSA populations were archaic human groups Homo sapiens or both. The occurrence of MSA sites is geographically widespread but deposits tend to cluster along rivers including the Senegal River Valley the Falémé Valley the Dakar Region the Tiemassas area the Gambia Valley and the Kédougou region47 as well as northern GuineaBissau. The quality of the published research on this period varies enormously from
 decontextualized surface collections49 to systematic OSL-dated excavations. As with earlier periods no faunal or human remains survive so it is not known if the MSA populations were archaic human groups Homo sapiens or both. The persistence of the MSA into the early Holocene however suggests some degree of isolation from their neighbors either through ecological barriers or cultural boundaries.",Levallois (Gambia),,,,,,,,,,,,,,,,
,,,,,,,,,,,,,,,,,,,,,,Mousteroid (Gambia),,,,,,,,,,,,,,,,
,,,,,,,,,,,,,,,,,,,,,,Tiemassassian (Gambia),,,,,,,,,,,,,,,,
,,,,,,,,,,,,,,Late Stone Age (Gambia),,,,,,,The Late Stone Age (LSA) is characterised by the appearance of much smaller tools known as microliths often in standardized geometric forms. Elsewhere in Africa these technologies appear around thirty kya but in the Senegambia they do so significantly later (fifteen to ten ka) shortly before the use of ceramics and the development of agriculture. The earliest conclusive evidence of LSA technologies comes from the site of Tomboura 1 in the Falémé region which has yielded dates going back to approximately 15 ka.,Ceramic Late Stone Age (Gambia),,,,,,,9400 BCE - 3500 BCE,,,,,,,,,
,,,,,,,,,,,,,,,,,,,,,,Neolithic (Gambia),,,,,,,,,,,,,,,,
,,,,,,Stone Age (Mali),,,,,,,,Ceramic Late Stone Age (Mali),"Malian Lakes Region early phase, Korounkorokale (ceramic)",,,,,,,,,,,,,,,,,,,,,,,
,,,,,,,,,,,,,,Pre-ceramic Late Stone Age (Mali),Pre-ceramic LSA (Mali),Upper Paleolithic (Mali),Upper Palaeolithic (Mali),LSA (Mali),,,32000 -10000 BCE,Macrolithic (Mali),,,,,,,"Description: ""So in conclusion it is evident that the non-microlithic industries of the Terminal Pleistocene and Holocene of West Africa comprise essentially three broad types: 1. Predominantly plain platform prepared core and/or macroflake industries occurring without associated microliths from the Terminal Pleistocene until as recently as 6000 bp. 2. Predominantly faceted platform ('Levallois') industries occurring in association with non-geometric microliths and dating from cal0000 to 4000 bp and 3. 'Core Tool' components of Late Stone Age 'Neolithic' or even Iron Age cultures usually already possessing ceramics and dating to between ca 6000 and 1500 bp. Such pieces constitute the totality of many factories site assemblages but are also present as a component of more varied assemblages at habitation sites. The polishing of these chipped 'roughouts' would appear to be a later development which did not become common until sometime after 4500 bp.""",,,,,,,,,
,,,,,,,,,,,,,,,,,,,,,,Microlithic (Mali),,,,,,,"Description: ""The chipped stone industry at Korounkorokalé is entirely microlithic the site being free of the elements of contemporary macrolithic industries known to exist in the vicinity of Bamako and in adjoining the regions (MacDonald and Allsworth-Jones 1994)."" The apparent partial contemporaneity of the stone and metal industries at the site is a provocative one but it is not without parallel elsewhere in West Africa.""",,,,,,,,,
,,,,,,,,,,,,,,,,,,,,,,Ounanian (Mali),,,,,,,,,,,,,,,,
,,,,,,,,,,,,,,Middle Stone Age (Mali),MSA (Mali),Middle Paleolithic (Mali),Middle Palaeolithic (Mali),,,,,Aterian (Mali),,,,,,,150000 - 20000 ka,,,,,,,,,
,,,,,,,,,,,,,,Early Stone Age (Mali),ESA (Mali),Lower Palaeolithic (Mali),Lower Paleolithic (Mali),,,,,Acheulean (Mali),Acheulian (Mali),,,,,,,,,,,,,,,
,,,,,,,,,,,,,,,,,,,,,,Oldowan (Mali),Pebble culture (Mali),,,,,,,,,,,,,,,
Palaeolithic (Sudan),,,,,""" The most ancient lithic production sites in Nubia and Sudan can be attributed to the Late Acheulean. Sites are numerous and often located close to ancient terraces or on top or on the slopes of jebels. """,Early Palaeolithic (Sudan),Early Stone Age (Sudan),ESA (Sudan),Early Paleolithic (Sudan),,,,""" The most ancient lithic production sites in Nubia and Sudan can be attributed to the Late Acheulean. Sites are numerous and often located close to ancient terraces or on top or on the slopes of jebels. """,Acheulean (Sudan),,,,,,,,,,,,,,,,,,,,,,,,
,,,,,,Middle Palaeolithic (Sudan),Middle Stone Age (Sudan),MSA (Sudan),Middle Paleolithic (Sudan),,,,Period at which subsistence was based on hunting and fishing; some sites show fire use and bone artefacts. Known from Sangoan assemblages (which in some cases include bifacial tools which were used in exploitation and processing of pigment minerals) and Lupemban assemblages (characterised by symmetrical lanceolate foliate tools and blades). Levallois technology is the element characterising the Middle Palaeolithic.,Early Middle Palaeolithic (Sudan),,,,,,,Characterised by Nubian Levallois technology which has two types of cores.,,,,,,,,,,,,,,,,,
,,,,,,,,,,,,,,Late Middle Palaeolithic (Sudan),,,,,,,,,,,,,,,,,,,,,,,,
,,,,,,,,,,,,,,Nubian Mousterian,Middle Middle Palaeolithic (Sudan),Denticulate Mousterian (Sudan),,,,,,,,,,,,,,,,,,,,,,
,,,,,,Late Palaeolithic (Sudan),Late Paleolithic (Sudan),Late Stone Age (Sudan),LSA (Sudan),Upper Palaeolithic (Sudan),,,The later phase of Palaeolithic is known mainly from the Second Cataract region. Characterised by persistent use of Levallois technology and increasing microlithism. In chronological sequence the Halfan (19500 and 17500 BC) the Ballanan and the Qadan are the three main lithic industries known for this phase. Faunal remains of Bos primigenius antelope gazelle hippo and fish suggest a subsistence economy based on hunting and fishing.,Halfan,,,,,,,An Upper Palaeolithic industry named after Wadi Halfa in the Second Cataract typified by cores and flakes using a specific Levallois technology. 19500BCE - 17500BCE,,,,,,,,,,,,,,,,,
Neolithic (Eastern Africa),,,,,"A catch-all category for all period terms described as the ""Neolithic"" in Eastern Africa. This term generally refers to the presence of domestic plants and/or animals increased sedentism and the use of polished or ground stone tools among other markers. As the term varies in what dates and markers it refers to across different regions more specific terms should be used if possible - the dates added here refer to the maximal extents. 6000BCE - 500CE.While the term Neolithic was developed in reference to West Asia North Africa and Europe and so may have less utility while referring to Africa it is still used (and does have some parallels due to connections along the Nile).",Pastoral Neolithic (Eastern Africa),,,,,,,The period is associated with the later Holocene spread of pastoralism (a way of life centred around the herding and management of livestock) throughout eastern Africa changing its socio-economic and natural landscapes.,Elmentaitan Neolithic,,,,,,,The Elmentaitan is a group of sites identified by minimally decorated mica-tempered ceramics large blade production its own lithic tool styles nearly exclusive use of green obsidian from Mt Eburru sources cremation burials and settlement in highland areas. Settlement locations commonly on savanna/forest ecotone and open sites above 1900m and large settlements above 2600m. Removal of central incisors common: ca.3300-1200BP,,,,,,,,,,,,,,,,,
,,,,,,,,,,,,,,Savanna Pastoral Neolithic (SPN),Stone bowl culture,,,,,,Regional subtradition of the Pastoral Neolithic the Savanna Pastoral Neolithic (SPN) encompasses sites with a predominately domestic fauna associated with a wide range of ceramic styles including Narosura Nderit Ileret Akira and Maringishu a preference for grey-hued obsidians sourced to the Lake Naivasha Basin particular lithic production techniques and tool styles cairn burials and settlement in highland and lowland savannas. 5000-1300BP,Highland Savanna Pastoral Neolithic,,,,,,,Sites found in central Kenya to northern Tanzania in areas above 1500m asl. 3300-1300BP,Akira,,,,,This pottery tradition has ceramics associated with stone bowls pestles axes cattle- and caprine-based economies as well as diverse stone artefacts and large settlements dating to 2nd millennium BCE and 10th century CE around the Central Rift south to Eyasi east to Tsavo (coastal hinterland) and the Serengeti-Mara Plains. 1900-1200BP,,,
,,,,,,,,,,,,,,,,,,,,,,Lowland Savanna Pastoral Neolithic,,,,,,,Sites mainly in northern Kenya below 1100m asl. 5200-3300BP,Ileret,,,,,Pottery tradition usually decorated only on exterior surface below the rim with incised or herringbone motif being most common. 5400-2500BP,,,
,,,,,,,,,,,,,,,,,,,,,,Turkwel,,,,,,,1. Pottery tradition with both pastoral and fishing adaptations sites marked by fish middens burned dung ash areas microlithic tools and harpoon points or barbed bone spears for fishing.  ca. 1800-950BP.2.Pottery consists of thin-walled pots and bowls with external closely spaced horizontal –occasionally vertical angled-grooved decoration. Vessel rims sometimes have nicking or pinched decoration ca. 1800-950BP,,,,,,,,,
,,,,,,Neolithic (Central Sudan),,,,,,,,Early Neolithic (Central Sudan),,,,,,,,,,,,,,,,,,,,,,,,
,,,,,,,,,,,,,,Late Neolithic (Central Sudan),,,,,,,,,,,,,,,,,,,,,,,,
,,,,,,Neolithic (Upper Nubia),,,,,,,,Early Neolithic (Upper Nubia),,,,,,,,,,,,,,,,,,,,,,,,
,,,,,,,,,,,,,,Khartoum Neolithic,,,,,,,Refers to archaeological sites in present day Sudan which date from 4900-3000 BCE and are divisible into Early (4900-3800 BCE) and Late (3800-3000 BCE) periods. (source: Getty),,,,,,,,,,,,,,,,,
,,,,,,,,,,,,,,Middle Neolithic (Upper Nubia),,,,,,,,Middle Neolithic A (Upper Nubia),,,,,,,,,,,,,,,,
,,,,,,,,,,,,,,,,,,,,,,Middle Neolithic B (Upper Nubia),,,,,,,,,,,,,,,,
Atbai tradition (ceramic),,,,,Longlasting and distinct ceramic tradition found in Eastern Sudan (near the borders with Ethiopia and Eritrea) with a number of sub-traditions. Its primary characteristic is the use of scraping for both thinning and decoration which is present in almost all sub-traditions (excluding very earliest sites). 5000BCE - 400CE.,Kassala phase,,,,,,,Longest and most complex phase of the wider Atbai Ceramic Tradition. In addition to its distinct ceramics can be characterised by large village sites and polished stone tools.,Butana group,,,,,,,Ceramic tradition characterised by scraped ware and red-topped ware with an incised herringbone pattern. Also associated with a large residential village-based sedentary or semi-sedentary settlement pattern and some evidence for prestige goods via porphyry maceheads.,,,,,,,,,,,,,,,,,
,,,,,,,,,,,,,,Jebel Mokram group,,,,,,,Ceramic tradition consisting of two major parts - pottery similar to earlier Gash Group ware and pottery similar to Middle Nubian ware from the Nile Valley. 1500BCE - 700BCE,,,,,,,,,,,,,,,,,
,,,,,,Khatmiya group,,,,,,,Ceramic tradition consisting of two major parts - pottery similar to earlier Gash Group ware and pottery similar to Middle Nubian ware from the Nile Valley. 1500BCE - 700BCE,,,,,,,,,,,,,,,,,,,,,,,,,
,,,,,,Saroba phase,,,,,,,Ceramic tradition characterised by impressed decoration mat impressed and zigzag rocker stamped pottery decoration. 5000BCE - 3800BCE.,Malawiya group,,,,,,,Ceramic tradition mainly characterised by a sand-tempered unburnished buff-colored ware with impressed decorations within the Saroba Phase.,,,,,,,,,,,,,,,,,
,,,,,,Taka phase,Jebel Taka phase,,,,,,Final phase of the Atbai Ceramic tradition containing the Hagiz Group of pottery.,Hagiz group,,,,,,,Ceramic tradition characterised by impressed rim bands decorative finger-nail impression patterns and vessels with decorations similar to Gash Group pottery. Seemingly correlated with a more nomadic form of life than the immediately preceding inhabitants of the same area. Only current group within the Taka phase. 800BCE - 400CE,,,,,,,,,,,,,,,,,
Gash culture (ceramic),,,,,The sites of the Gash Group are recorded along the Gash Delta Kassala Province and in the alluvial plains south of it. The main site is Mahal Teglinos (K1). The material culture is dominated by scraped vessels the rest of the ceramics are mostly decorated with rim band designs: simple dash rouletted punctuate zoned and horizontal zig-zag patterns. The flaked stone industry is basically microlithic with a small amount of blades. (Fattovich 1993),Early Gash phase,,,,,,,In the Early Phase of the Gash Culture there are some transitional phenomena. Most artefacts were found in the excavations at Shurab el Gash which may be regarded as a transitional Butana/Gash site. The earliest funerary stelae most likely go back to this period. More finds are from Mahal Teglinos and ES 1. The ceramics include bowls decorated with comb impressed bands which often extend to the body of the vessel and/or rim bands made by impression. There are also plain bowls with notches on top of the lip accurately scraped and wiped ware and a vegetal tempered ware. The lithic industry shows a significant percentage of ninety-degree core flakes single platform flakes and geometrics are the most characteristic tools. The subsistence economy includes the keeping of cattle and sheep/goats but hunting and gathering is an important component. With the appearance of elements from Early Kerma and C-Group there is a beginning of trade visible.,,,,,,,,,,,,,,,,,,,,,,,,,
,,,,,,Middle Gash phase,,,,,,,This phase is characterized by accurate black cups with regular rim bands forming rail track patterns and gray black greasy slip. The lithic industry includes flakes from multiple platform cores followed by single and opposite platform cores. There is a widespread use of agate followed by quartz. Perforators are the most common tools.,,,,,,,,,,,,,,,,,,,,,,,,,
,,,,,,Classic Gash group,,,,,,,The ceramics include bowls and cups decorated with impressed or incised rim bands patterns of crossed lines forming rim bands decoration which consists of parallel horizontal grooves that get sometimes crossed by grooves called finger nail ware. There is also abundant scraped ware which can be modeled with clay decoration and has often pinched or intdented rims. The lithic assemblage is composed of flakes from multiple platform cores and flint is the favoured raw material. In this period the size of population is the biggest. There are many artefacts which suggest a trade with the peoples of Egypt Sudan Ethiopia and perhaps Somalia and Southern Arabia. Mahal Teglinos is occupied by a large residential village about 10-11 hectares in size and probably it became an important trading city.,,,,,,,,,,,,,,,,,,,,,,,,,
,,,,,,Proto Gash group,,,,,,,This period can be understood as the first appearance of material culture which is connected to the Gash Group. The Proto Gash Group produced rather characteristic sherds: some wiped ware and a fragment of rippled ware. Only a few sherds of this phase were found at Mahal Teglinos. The lithic industry shows a significant percentage of ninety-degree core flakes single platform flakes and geometrics are the most characteristic tools.,,,,,,,,,,,,,,,,,,,,,,,,,
Neolithic (Senegal),,,,,The Neolithic period extends from 6185 to 2000BC. Its sites are spread throughout Senegal. In general they are found on the slopes of the Ogolian dunes the Grande Côte Dakar and Saint Louis. There are also numerous sites on the continental plain particularly in the center of the country (the Ferlo) and in the valleys of the Senegal and Gambia rivers as well as their main tributaries. These sites are located in varied microclimates. This variability indicates different modes of adaptation including subsistence strategies that have been adapted to varied environments where specific lithic (macro or microlithic) ceramic or bone technologies flourished.,Cape Manuel Neolithic,Manuelean,,,,,,This facies eponymous with the Cap Manuel site has a chronology between 5434 and 411 BC. The material culture is essentially characterised by lithic and ceramic remains. The lithics consist of macro-tools such as strikers nuclei elongated pieces and nucleiform planes. Ceramics which are rare are tempered by quartz laterite and gravel. The decoration consists of impressions made with a threaded comb or rolled cord.,,,,,,,,,,,,,,,,,,,,,,,,,
,,,,,,Dune Microlithic Neolithic,Belarien,,,,,,This facies dating between 3584 and 2919 BC includes several deposits located on the Ogolian dunes of western Senegal. Microlithics are the most characteristic material which are also associated with ceramicstempered with sand.,,,,,,,,,,,,,,,,,,,,,,,,,
,,,,,,Faleme Neolithic,,,,,,,This Neolithic stream is characterised by macrolithism and microlithism cut on quartz and flint. Polished hematite axes and grinding material are also numerous. In general the tools reflect the abundance and diversity of the rocks used. The deposits also provide ceramics decorated with impressions and degreased with lateritic gravel chamotte sand and quartz.,,,,,,,,,,,,,,,,,,,,,,,,,
,,,,,,Ferlo Neolithic,,,,,,,The Ferlo Neolithic appears to be a transitional stream between the Falémé Neolithic and the Dune Microlithic which is why its tools combine the components of these macro and microlithic streams. Ceramics are also present. The most characteristic sites of this stream are located on the levees adjacent to the Ferlo valley.,,,,,,,,,,,,,,,,,,,,,,,,,
,,,,,,Khant Neolithic,Khantian,,,,,,The Neolithic of Khant dates from 4890 BC. Its culture is named after the site of Khant a group of several shell middens. Its material consists of lithic tools bone wood and ceramics decorated by impressions. The bone tools (fishing implements) constitute the most characteristic remains of this industry.,,,,,,,,,,,,,,,,,,,,,,,,,
Mesolithic (Sudan),,,,,,Dotted-Wavy-Line (Sudan),DWL (Sudan),,,,,,Contentious chronological term referring to a type of pottery characterised by the use of several different wavy line decorations with additional dot marks between them found both in the Nile Valley and across the wider Sahel-Sahara belt. Assumed to be a successor to the Wavy Line by early researchers (e.g. Arkell) associated with the Khartoum Neolithic vs Khartoum Mesolithic but proven to be found in Khartoum Mesolithic/Neolithic occupations from beginning to end and found earlier than the Wavy Line in Sahara-Sahel contexts. Chronological associations have yet to be fully deciphered but current estimates suggest 10000BP - 4000BCE.,,,,,,,,,,,,,,,,,,,,,,,,,
,,,,,,Wavy Line (Sudan),Incised Wavy Line (Sudan),WL (Sudan),,,,,Defintion 1: Contentious chronological term referring to a type of pottery characterised by the use of several different wavy line decorations found both in the Nile Valley and across the wider Sahel-Sahara belt. Assumed to be a precursor to the Dotted Wavy Line by early researchers (e.g. Arkell) associated with the Khartoum Mesolithic vs Khartoum Neolithic but proven to be found in Khartoum Mesolithic/Neolithic occupations from beginning to end and found later than the Dotted Wavy Line in Sahara-Sahel contexts. Chronological associations have yet to be fully deciphered but current estimates suggest 10000BP - 4000BCE. Definition 2: Wavy Line is an incised decoration of pottery which appeared in the Mesolithic/Epipaleolithic of Sudan. It is connected to the Early Mesolithic.,,,,,,,,,,,,,,,,,,,,,,,,,
,,,,,,Mesolithic (Central Sudan),,,,,,,Characterised by Incised Wavy Line pottery and distinctive Lunula type pottery decoration. The Dotted Wavy Line decoration rare but present. Post-holes suggest very light dwellings pointing to a mobile seasonal presence at some sites.,,,,,,,,,,,,,,,,,,,,,,,,,
,,,,,,Mesolithic (Upper Nubia),Epipalaeolithic (Upper Nubia),,,,,,"The Mesolithic is a term used in Europe and sometimes western Asia and northern Africa to describe a variation in hunter-gatherer lifeways and possibly some precursors to agriculture occuring between the end of the Stone Age/Palaeolithic and the Neolithic. In Sudan this term is generally used interchangeably with the ""Epipalaeolithic"" a term normally applied to western Asia so within this database the terms are listed as synonyms. Although both terms originate outside of the region and so are in many ways problematic they are both used to describe sites and so must be included here. 9000BCE - 5000BCE. Although both ""Mesolithic"" and ""Epipalaeolithic"" originate outside of the region and so are in many ways problematic they are both used to describe sites and so must be included here",Arkinian,,,,,,,A lithic industry characterised by many single-platform cores. It is contemporary to the Epipalaeolithic in West Asia.,,,,,,,,,,,,,,,,,
,,,,,,,,,,,,,,Khartoum Mesolithic,,,,,,,The general term used to refer to a common material culture contemporary to the European Mesolithic. This term is generally used in Upper Nubia. The material culture within it is very similar to but can be considered distinct from the Khartoum Variant,,,,,,,,,,,,,,,,,
,,,,,,,,,,,,,,Khartoum Variant,,,,,,,The general term used to refer to a common material culture contemporary to the European Mesolithic. The material culture within it is very similar to but can be considered distinct from the Khartoum Mesolithic,,,,,,,,,,,,,,,,,
,,,,,,,,,,,,,,Shamarkian,,,,,,,A lithic industry characterised as a continuation of the Arkinian with the same single-platform cores and typical points. 7500BCE - 6750BCE,,,,,,,,,,,,,,,,,
Tichitt tradition,Tichitt,,,,"Description 1 (ceramics): ""the Tichitt Tradition first appeared in the Méma region around 1300 cal. BC. Such pottery is termed the Early Faïta Facies (ex - Ndondi Tossokel). Within a few hundred years notable changes occur in this particular ceramic trajectory becoming the Late Faïta Facies sometime between 800 and 400 cal. BC. The Late Faïta Facies brings us some important new elements: accordion pleat roulettes proto-finewares that segue into the Middle Niger Deltawares rammed earth architecture and iron metallurgy - forming a fundamental point of transition from the Tichitt Tradition to the Phase I/II ceramics of the Inland Niger Delta around 200 cal. BC."" Description 2 (settlement): the Tichitt Tradition (c. 1900–400 BC) arose an early agropastoral economy with domestic pearl millet (Munson 1976; Amblard 1996; Fuller et al. 2007) stone architecture and a hierarchical settlement landscape (Munson 1980; Holl 1985 1993). Tichitt's socioeconomic trajectory has been researched and debated for decades with Munson's work at Dhar Tichitt during the late 1960s followed by that of new researchers there and at the other escarpments (Munson 1976 Holl 1986; Vernet 1993; Ould Khattar 1995; MacDonald et al. 2009; Amblard-Pison 2006; Person et al. 2006). Chronology has however been a perennial problem partly because the deflated nature of many key sites yields only occasional ‘cuts’ or sediment traps with datable organics though chaff tempering of the majority of Tichitt ceramics facilitates direct AMS dating of pottery.",Classic Tichitt,Nkahl-Naghez-Chebka phases,Tichitt phases 4 -6,,,,,"Description: c. 1600–1000 BCE ""Classic Tichitt represents a major socioeconomic transformation during which most of Tichitt’s main population centres developed. As well as the expansion of vast settlements of conjoined clusters of stone-walled compounds across Dhars Tichitt and Walata and as far afield as Dhar Tagant this period also saw the Tichitt tradition enter the Méma region of the middle Niger...""",,,,,,,,,,,,,,,,,,,,,,,,,
,,,,,,Early Tichitt,Khimiya-Goungou phases,Tichitt phases 2 and 3,,,,,"Description: c. 1900–1600 BCE ""This was thus very much a formative stage in the advent of Tichitt territoriality and social hierarchy.""",,,,,,,,,,,,,,,,,,,,,,,,,
,,,,,,Pre-Tichitt,Tichitt phase 1,Akreijit phase,,,,,"Description: ""Pre-Tichitt sites are small relatively superficial localities essentially temporary campsites. Once thought to represent dispersed hunter-gatherer populations separated from Tichitt by a brief hiatus they are now understood to have been both pastoral and continuous with Tichitt itself."" Date range: c. 2600–1900 BC.",,,,,,,,,,,,,,,,,,,,,,,,,
,,,,,,Late Tichitt,Arriane-Akjinjeir phases,Tichitt phases phases 7 and 8,,,,,"Description: c. 1000–400 BCE. ""Tichitt’s final centuries were ones of dispersal and decline""",,,,,,,,,,,,,,,,,,,,,,,,,
,,,,,,Faïta facies (ceramic),,,,,,,"Description: ""Tichitt Tradition first appeared in the Méma region around 1300 cal. BC. Such pottery is termed the Early Faïta Facies (ex - Ndondi Tossokel). Within a few hundred years notable changes occur in this particular ceramic trajectory becoming the Late Faïta Facies sometime between 800 and 400 cal. BC. The Late Faïta Facies brings us some important new elements: accordion pleat roulettes proto-finewares that segue into the Middle Niger Deltawares rammed earth architecture and iron metallurgy - forming a fundamental point of transition from the Tichitt Tradition to the Phase I/II ceramics of the Inland Niger Delta around 200 cal. BC.""",Early Faïta facies (ceramic),,,,,,,"Description: ""Tichitt Tradition first appeared in the Méma region around 1300 cal. BC. Such pottery is termed the Early Faïta Facies (ex - Ndondi Tossokel). Within a few hundred years notable changes occur in this particular ceramic trajectory becoming the Late Faïta Facies sometime between 800 and 400 cal. BC. The Late Faïta Facies brings us some important new elements: accordion pleat roulettes proto-finewares that segue into the Middle Niger Deltawares rammed earth architecture and iron metallurgy - forming a fundamental point of transition from the Tichitt Tradition to the Phase I/II ceramics of the Inland Niger Delta around 200 cal. BC.""",,,,,,,,,,,,,,,,,
,,,,,,,,,,,,,,Late Faïta facies (ceramic),,,,,,,"Description: ""Tichitt Tradition first appeared in the Méma region around 1300 cal. BC. Such pottery is termed the Early Faïta Facies (ex - Ndondi Tossokel). Within a few hundred years notable changes occur in this particular ceramic trajectory becoming the Late Faïta Facies sometime between 800 and 400 cal. BC. The Late Faïta Facies brings us some important new elements: accordion pleat roulettes proto-finewares that segue into the Middle Niger Deltawares rammed earth architecture and iron metallurgy - forming a fundamental point of transition from the Tichitt Tradition to the Phase I/II ceramics of the Inland Niger Delta around 200 cal. BC.""",,,,,,,,,,,,,,,,,
Kobadi Tradition,,,,,"Description: ""Kobadi Tradition pottery as it occurs in the southern Gourma is almost identical to that of the Méma (MacDonald 1994) with the exception of two variant ware types. The more ""typical"" Kobadi Tradition wares are globular simple rimmed vessels with bands of complex punctate stabbed comb (Comb) or pivoted spatula (P. spatula) decor underlain by either twosted or braided twine roulettes (Twist Tw and Braid Rw) (Table 1 fig. 3a-c). The first of the two variant wares consists of open simple rimmed bowls with a distinctive undecorated band beneath the lip underlain by braided or twisted twine roulettes and sometimes impressed cord-wrapped stick (ICS) (fig. 3). The second variant ware is comprised of large vessels (40-60 cm internal diameter) featuring slightly out-turned rims and invariable ""wavy"" stabbed comb decor (fig. 3.e.). The majority of the assemblage recovered from excavations at Windé Koroji Sud-Ouest were sponge spicule tempered (60.7 % of rims) as is typical of the Kobadi Tradition although sand and grog temper were also present (Table 1). Interestingly the latter temper types only occurred in the two variant wares which both showed great variation in fabric with examples of them known in all three temper types.""",Beretouma facies,,,,,,,1200BCE-1000BCE,,,,,,,,,,,,,,,,,,,,,,,,,
,,,,,,Kobadi Gourma facies,,,,,,,Description: Description: The Kobadi tradition would appear to have been of an entirely fisher-hunter-gatherer economic orientation and has been documented in the Malian Sahara and throughout most of the Middle Niger and Niger bend area (e.g. Raimbault and Dutour 1989; Togola and Raimbault 1991; MacDonald and Van Neer 1994; MacDonald 1996b; Raimbault 1996). Kobadi ceramics differ greatly from those of Tichitt having entirely different rim forms (simple rather than everted) decorative tools (comb and spatula rather than cordwrapped stick) and fabric (sand and sponge temper rather than chaff).,,,,,,,,,,,,,,,,,,,,,,,,,
,,,,,,Kobadi Mema facies,,,,,,,Description: The Kobadi tradition would appear to have been of an entirely fisher-hunter-gatherer economic orientation and has been documented in the Malian Sahara and throughout most of the Middle Niger and Niger bend area (e.g. Raimbault and Dutour 1989; Togola and Raimbault 1991; MacDonald and Van Neer 1994; MacDonald 1996b; Raimbault 1996). Kobadi ceramics differ greatly from those of Tichitt having entirely different rim forms (simple rather than everted) decorative tools (comb and spatula rather than cordwrapped stick) and fabric (sand and sponge temper rather than chaff).,,,,,,,,,,,,,,,,,,,,,,,,,
Koroukorokale tradition,,,,,9000~BCE-400~CE,Korounkorokale (ceramic),,,,,,,4000 BCE - 400CE,,,,,,,,,,,,,,,,,,,,,,,,,
,,,,,,Korounkorokale pre-ceramic,,,,,,,9000BCE - 4000BCE,,,,,,,,,,,,,,,,,,,,,,,,,
Iron Age (Eastern Africa),,,,,Period when farming communities started making and using iron tools. This transition happened much earlier in Western Kenya than in the Central region the former being part of a much wider cultural development within the Great Lakes region covering four countries-Kenya Uganda Tanzania an Rwanda. 2600BP-1600CE,Early Iron Age (Eastern Africa),EIA (Eastern Africa),Early Iron-Working (Eastern Africa),EIW (Eastern Africa),,,,An iron technology complex which employed decorated bricks for the furnace shaft iron implements dimple-based pottery large open air settlements rock shelter and cave settlements the knowledge and use of domestication and the practice of agriculture covering some 400 000 square kilometers in the Interlacustrine area from Kivu in the West to the eastern shores of Lake Victoria in the East from the Nile in the Chobi area of Uganda in the North to the southern shores of Lake Victoria and to Burundi in the South. Period mainly represented by pottery wares such as Urewe that were associated with farming communities.2600BP-1600CE.,Kwale,,,,,,,Pottery with thickened rims and bevels or flutes on pots or bowls. Hatched or grooved bands on shoulder of pots or below shoulder on bowls. Occurs in S.E. Kenya and the highlands of N.E. Tanzania,,,,,,,,,,,,,,,,,
,,,,,,,,,,,,,,Lelesu,,,,,,,Early Iron Age pottery of the Chifumbaze Complex from central Tanzania; this pottery is typologically intermediate between Urewe and Kwale wares. It has been found in the areas around L Eyasiand and Sandaweland. 246-338CE,,,,,,,,,,,,,,,,,
,,,,,,,,,,,,,,Urewe,,,,,,,Urewe pottery is named after the site type in Western Kenya. It was originally named dimple-based ware due to the thumb sized impression in the centers of the base. The pottery has thick beveled rims which are often incised or grooved and the assemblage consists of necked pots and shallow hemispheric bowls with a dimpled base. This pottery is heavily decorated but the decorations do not cover the entire body. The basic motif is parallel grooved or incised bands around the shoulder and body that often incorporates circles loops and triangles. Hatching and dots are often found on or just below the rim. Urewe pottery is found in the great lakes region from Kivu in the west to the eastern shores of Lake Victoria from the Chobi area of Uganda to the southern shores of Lake Victoria and into Burundi. The pottery is almost always found in association with iron working and never with lithics and was eventually replaced by rouletted pottery beginning AD 1000. 2600-1300 BP/ 550BC-650 AD,,,,,,,,,,,,,,,,,
,,,,,,Middle Iron Age (Eastern Africa),MIA (Eastern Africa),Middle Iron-Working (Eastern Africa),MIW (Eastern Africa),,,,A period when semi-sedentary agro-pastoralists arrived at the coast and established wattle and daub settlements containing large amounts of Kwale and Tana /TIW wares and evidence of iron production. Settlements such as Shanga Manda and Kilwa were established at this time. 1400-1000BP,Tana Tradition (ceramic),,,,,,,Tana ware (also called Early Tana Tradition pottery or Triangular-Incised Ware) refers to a type of pottery produced in East Africa in the late 1st millennium. The presence of this pottery is largely regarded as one of the best indicators for early Swahili settlement and the name Tana was given because the early discoveries of these types of pottery were along the Tana River in present day Kenya. As indicated by the name this pottery features particular type of decoration in the form of triangular incised lines and a single row of dots. and also fingernail pinches parallel horizontal lines shell edge punctuates and a cross hatching on rims. Tana has five main vessel types - necked jars globular jars open bowls closed bowls and carinated bowls. The geographic distribution of this pottery tradition is widespread covering the East African coast from Kenya in the north to Mozambique in the south as well as the central hinterland inland. 600-1000CE,Triangular Incised Ware,TIW,,,,,,Tana ware (also called Early Tana Tradition pottery or Triangular-Incised Ware) refers to a type of pottery produced in East Africa in the late 1st millennium. The presence of this pottery is largely regarded as one of the best indicators for early Swahili settlement and the name Tana was given because the early discoveries of these types of pottery were along the Tana River in present day Kenya. As indicated by the name this pottery features particular type of decoration in the form of triangular incised lines and a single row of dots. and also fingernail pinches parallel horizontal lines shell edge punctuates and a cross hatching on rims. Tana has five main vessel types - necked jars globular jars open bowls closed bowls and carinated bowls. The geographic distribution of this pottery tradition is widespread covering the East African coast from Kenya in the north to Mozambique in the south as well as the central hinterland inland. 600-1000CE,,,,,,,,,
,,,,,,,,,,,,,,,,,,,,,,Early Tana Tradition,ETT,,,,,,,,,,,,,,,
,,,,,,,,,,,,,,,,,,,,,,Late Tana Tradition,LTT,,,,,,,,,,,,,,,
,,,,,,,,,,,,,,Swahili period,,,,,,,A period when Swahili coastal towns were established and flourished. The Swahili coast runs for 3000km from Somalia to Mozambique and is composed of more than 450 urban settlements built initially with mud and later with coral and limestone mortar. These 'urban' settlements were surrounded by fortified stone walls. The architecture of these towns shows Asian Arabi and Indian influences while the material artefacts include exotic items from faraway lands such as China. 700-1600CE,Swahili period I,,,,,,,Marked by local Early Iron Age pottery iron and iron slag; 100BCE-300CE,,,,,,,,,
,,,,,,,,,,,,,,,,,,,,,,Swahili period IIa,,,,,,,Marked by the appearance of Azanian pottery: triangular oblique and double zig-zag patterns predominating; also Sassanian Islamic glass and carnelian beads and Roman Amphora; 300-600CE,,,,,,,,,
,,,,,,,,,,,,,,,,,,,,,,Swahili period IIb,,,,,,,A period when Zanjian pottery appeared- red burnished and bag-shaped cooking pots with graphite finishes and trellis patterns; Also the presence of Partho-Sassanian Islamic white glazed Chinese green glazed stoneware grey-green Yue ware Guangdong coastal Green white porcelain white stoneware and Egyptian glass carnelian beads iron and iron slag. Some of these goods were evidence of trade with Egypt the Persian Gulf and the Indian Subcontinent; 600-1000CE,,,,,,,,,
,,,,,,,,,,,,,,,,,,,,,,Swahili period IIIa,,,,,,,Marked by stylistically diverse local pottery rock crystal spindle whorls copper and silver coins islamic sgraffiato Chinese Qing Bai Cizhou ware Bronze mirrors and Indo-Pacific beads an indication of regional and international trade with the Persian Gulf Egypt Egypt India and possibly China;1000-1250CE,,,,,,,,,
,,,,,,,,,,,,,,,,,,,,,,Swahili period IIIb,,,,,,,Marked by statistically diverse local pottery spindle whorls coins portable stoves and lamps chlorite schist Islamic monochromes Chinese Longquan and Tongan ware Indonesian Sawankholok or Sisatchanalai jars indo-Pacific beads and Egyptian glass signalling trade with China Southeast Asia India and the Persian Gulf; 1250-1500CE,,,,,,,,,
,,,,,,,,,,,,,,,,,,,,,,Swahili period IV,,,,,,,Statistically diverse local pottery and the appearance of Indian pottery and European peasant floral wares-1500-1750CE,,,,,,,,,
,,,,,,,,,,,,,,,,,,,,,,Swahili period V,,,,,,,Period marked by the presence of Indo-Pacific beads glass bangles Chinese blue-on-white Japanese Karatzu ware European floral ware Islamic monochrome pottery and also iron and iron slag; 1750-1950CE,,,,,,,,,
,,,,,,,,,,,,,,,,,,,,,,Period of uneven Portuguese colonial domination,,,,,,,1500–1698. Period of uneven Portuguese colonial domination; stonetowns continue,,,,,,,,,
,,,,,,,,,,,,,,,,,,,,,,Swahili stonetowns,,,,,,,"1000–1500: Swahili ‘stonetowns’ with
 Muslim population trading across
 Indian Ocean world.",,,,,,,,,
,,,,,,,,,,,,,,,,,,,,,,Reef-coral buildings (architecture),Porites,,,,,,1st millennium (1 - 1000 AD),,,,,,,,,
,,,,,,,,,,,,,,,,,,,,,,Fossilised coral buildings (architecture),coral rag,,,,,,"11th - 15th centuries AD. While the use of coral had been
 restricted to a selection of religious and civic buildings in the first millennium in the second it
 The Swahili world
 9
 was used to build houses of certain elites. Some towns came to have dozens of such houses but
 more typically there were a handful or none at all. The presence of ‘stone’ houses and other
 buildings came to define Swahili townscapes and provide an index of the wealth and power of
 this period (Garlake 1966; Allen 1979; Kusimba 1999; Horton and Middleton 2000; WynneJones 2013 2016). Yet rectangular wattle-and-daub buildings with thatched roofs remained in
 the majority throughout the history of the coast.",,,,,,,,,
,,,,,,Late Iron Age (Eastern Africa),LIA (Eastern Africa),Late Iron-Working (Eastern Africa),LIW (Eastern Africa),,,,,,,,,,,,,,,,,,,,,,,,,,,,,
,,,,,,Pastoral Iron Age (Eastern Africa),,,,,,,Period when pastoralist communities adopted iron technology; there is evidence cattle husbandry and cereal cultivation as well as evidence for the manufacture and use of iron in the form of tuyere and iron slag.,Deloraine farm,,,,,,,"This tradition consists of vessels which are clearly and intentionally asymmetrical with bent rims that do not form a single horizontal plane. A variety of body shapes including simple bowls and vessels with reverse or ""S"" curvature typifies the vessel type. 1000-1300CE",,,,,,,,,,,,,,,,,
,,,,,,,,,,,,,,Gonja Maore,,,,,,,Tradition comprising pots with thick round-bottom slightly out-turned or vertical rim decorated with one to four double rows of impressions,,,,,,,,,,,,,,,,,
,,,,,,,,,,,,,,Kisima,,,,,,,Shallow wide-mouthed necked vessels and wide-mouthed jars are the most common forms. Mostly undecorated the main diagnostic feature is the use of raised notched applique ridges below the rim for decoration or handles. Notches may also be present around the outer lip. 1400-1750AD,,,,,,,,,,,,,,,,,
,,,,,,,,,,,,,,Lanet,,,,,,,Tall jars with simple rims and other guard-shaped vessels predominate. Decorated with twisted cord roulette motifs around the rim and in horizontal and vertical strips possibly imitating leather straps on milk guards. 900AD,,,,,,,,,,,,,,,,,
,,,,,,,,,,,,,,Oldorotua,,,,,,,Generally thick walled and sand tempered with little or no mica inclusions. Restricted decoration around the rim in horizontal vertical and cross hatched incisions. 1100-1400AD,,,,,,,,,,,,,,,,,
,,,,,,,,,,,,,,Twisted String Roulette (TGR),,,,,,,Pottery has twisted string impressions in horizontal vertical and diagonal bands below rim; 1650-1810 AD,,,,,,,,,,,,,,,,,
,,,,,,,,,,,,,,Wealed ware,,,,,,,Pottery with a decoration that includes a series of closely‐spaced parallel ridges or weals on restricted necked vessels. 1400-1500CE,,,,,,,,,,,,,,,,,
,,,,,,,,,,,,,,Sirikwa,,,,,,,,,,,,,,,,,,,,,,,,
Farming community period (Southern Africa),Iron Age (Southern Africa),IA (Southern Africa),Farming communities (Southern Africa),FC (Southern Africa),Definition 1: A period occuring just after 2000 years ago (ca. 200-1840 CE) in southern Africa during which time communities combined cereal agriculture with livestock-keeping as well as the working of ceramics and metallurgy. The timing of each of these materials and associated practices may differ but broadly speaking they appear within the early part of the first millennium AD in southern Africa. Early farming community sites also referred to as the Early Iron Age occur predominantly on the eastern side of southern Africa which has a marked summer rainfall pattern paticularly between the latitudes 26° and 33.5° south. The Early Iron Age preferably termed Early Farming Communities in the southern African context is dated between 200 CE and 900 CE. This is followed by the Late Iron Age with the preferred term Late Farming Communities dating around 1000 CE and into the historic period. Absolute dates associated with cultural material markers have been linked to the spread of spread of Bantu-languages with a origins south of the Great Lakes region in East Africa. Use more specific type where known. Definition 2: A technological term which has generally been used to describe a culture system characterized not only by the use of iron for various purposes but also the building of semi-permanent villages the making of similarly decorated ceramic vessels (at least before a.d. 1000) and an economic system based on agriculture and the herding of domestic animals. After about a.d. 700 a new element in the economy is seen in the form of participation in external trading networks. Use more specific type where known. This broad period overlaps in time with the Final Later Stone Age in southern Africa as well as the historic period.,Early farming community period (Southern Africa),Early Iron Age (Southern Africa),EIA (Southern Africa),EFC (Southern Africa),Early farming communities (Southern Africa),,,A broad period in southern Africa that marks the earliest phase of the Iron Age characterised by non-stratified communities. Several streams including the Eastern Stream (Kwale Branch) of the Urwewe Tradition in East Africa the Central Stream or Nkope branch and the Western Stream (Kalundu Branch) have been proposed. The streams form broad distinctions between different ceramic assemblages and are generally associated with the emergence of the earliest farming communities. In general this period is marked by the appearance of distinctive pottery metal working livestock-keeping and the cultivation of sorghum and millet. Communities would have followed familiar habitats including regions with a relatively high rainfall (>400mm) and along predominantly open woodland savannah ecotones preferably fertile river valley bottoms and littoral patchy forested corridors. Dated CE 200 - CE 900. Use more specific type where known.,Bambata Type B (ceramic),Bambata B (ceramic),,,,,,Bambata B pottery is characterised as thick-walled eathernware with fine decoration multiple bands and cross-hatching on a long rimand/or alternating blocks of stamped and incised lines on the neck. The pottery has been recovered in Zimbabwe at Great Zimbabwe and Mabveni and in Botswana at Tswapong Hills and Maunatlala as well as several other sites in South Africa. Bambata B includes several separate shapes including jars with curved necks jars with straight necks necked bowls constricted bowls and open bowls. Bambata A is suggested to belong to the Later Stone Age Herders of southern Africa and Bambata B with farming communities. The connection between Bambata wares and the larger Kalundu ceramic tradition is debated.,,,,,,,,,,,,,,,,,
,,,,,,,,,,,,,,Baratani (ceramic),Baratani facies,,,,,,The key features of Baratani ceramics are spaced motifs on the rim and neck. Their distribution covers southern Botswana and are found at sites such as Pitse and Magagarape. They also occur in northwestern South Africa.,,,,,,,,,,,,,,,,,
,,,,,,,,,,,,,,Bisoli (ceramic),Bisoli facies,,,,,,Bisoli pottery is characterised by rolled rims with decoration extending onto the lip parallel broad lines in the neck and broad decoration on the shoulder. It occurs in eastern Botswana at Bisoli Domboshaba and Panda as well as in southwestern Zimbabwe at the Merrys site in the Matobo region. The site Bisoli is contemporaneous with the typical Zhizo site of Makuru near Great Zimbabwe which bear ceramics of a different type.,,,,,,,,,,,,,,,,,
,,,,,,,,,,,,,,Broederstroom (ceramic),,,,,,,southeastern Botswana (600 AD),,,,,,,,,,,,,,,,,
,,,,,,,,,,,,,,Chitope phase (ceramic),,,,,,,Occurs in northwestern Zimbabwe near Darwin Hills and surrounds and is one of the earliest ceramic traditions identified in northwestern Zimbabwe. The ceramic assemblages belonging to Chitope phase are suggested to be a later development out of the Kadzi/Ziwa tradition.,,,,,,,,,,,,,,,,,
,,,,,,,,,,,,,,Diamant (ceramic),Diamant facies,,,,,,Diamant facies pottery is characterised by tapered rims with broadly incised herringbone decoration. It is found partly in southeastern Botswana and largely in northwestern South Africa. Most likely date range: CE 750 - CE 1000.,,,,,,,,,,,,,,,,,
,,,,,,,,,,,,,,Divuyu (ceramic),,,,,,,Divuyu pottery is characterised by thick ware found around Tsodilo hills in northwestern Botswana with affinities to Spaced Curvilinear ceramic ware with origins from the Congo and northern/central Angola. The size of this ware is characterised as small between 10 cm and 16 cm in diameter and consists of globular jars straight sided bowls in turned rim bowls shouldered neck bowls and hemispherical bowls. The majorityy of pots have multiple bands of cross-hatch comb-stamping punctates or incisions. Some are charcoal tempered and can have lugs or spouts. Similarities exist with the Xaro and Nqoma sites in northwestern Botswana.,,,,,,,,,,,,,,,,,
,,,,,,,,,,,,,,Gokomere (ceramic),Gokomere facies,,,,,,Gokomere derives jointly from Ziwa and Kalundu pottery. Gokomere pottery is characterised by jars with rim/shoulder layout small jars carinated bowls and necked bowls with a neck layout hemispherical bowls open bowls and angled bowls with body and colour layout. The decoration features include oblique stamping on thickened rims and multiple bands on the neck. Gokomere pottery occurs predominantly in the south-central and western parts of Zimbabwe at such sites as Mabveni Great Zimbabwe Chihwa Hill Gokomere Kwali Camp and Kinsale Farm. In Botswana the assemblages occur at Domboshaba Hill Bisoli and several undated sites in northeastern Botswana.,,,,,,,,,,,,,,,,,
,,,,,,,,,,,,,,Happy Rest (ceramic),Happy Rest facies,,,,,,An early farming community pottery found in southeastern Botswana at Tswapong Hills and northern South Africa. It is characterised by thickened rims multiple bands of mixed decoration techniques as well as ladder stamping.,,,,,,,,,,,,,,,,,
,,,,,,,,,,,,,,Kadzi (ceramic),,,,,,,Kadzi ceramics are characteriscally thick-walled similar to other Early Farming Community Wares with out-turned lips and are often decorated on the lips and rims with comb-stamping technique. Ceramics have been recovered at sites in northern Zimbabwe in the mid-Zambezi valley region such as at Kadzi Kamukombe and Chigu. The sites are generally associated with higher faunal assemblages that have higher percentages of wild versus domesticates as well as evidence of finger millet (Eleusine coracana) and metal working and iron and copper artefacts.,,,,,,,,,,,,,,,,,
,,,,,,,,,,,,,,Malapati (ceramic),,,,,,,,,,,,,,,,,,,,,,,,
,,,,,,,,,,,,,,Matlapaneng (ceramic),,,,,,,Ceramics have affinities to Zambian farming community ceramic assemblages at sites such as Kamudzulo and Dambwa and are suggested to be connected to the broader Kalundu Branch of ceramic assemblages.,,,,,,,,,,,,,,,,,
,,,,,,,,,,,,,,Matola (ceramic),,,,,,,The earliest type of pottery connected with farming communities in southern Africa. Ceramic assemblages occur in the southeastern part of southern Africa with early dates deriving from southern Mozambique Eswatini Zimbabwe and South Africa. The sites are associated with arable soils and iron ore deposits and the ceramics have high proportions of fluted rims on bowls and bevelled rims on jars. Mzonjani in South Africa is a later expression of Silver Leaves and widely occurs in the interior dating to around 550-650 CE. Several sites in eastern Botswana including Baratani ceramics appear to have a related expression of Mzonjani-dervied ceramic traditions.,,,,,,,,,,,,,,,,,
,,,,,,,,,,,,,,Silver Leaves (ceramic),Silver Leaves facies,,,,,,,,,,,,,,,,,,,,,,,
,,,,,,,,,,,,,,Mzonjani (ceramic),Mzonjani facies,,,,,,,,,,,,,,,,,,,,,,,
,,,,,,,,,,,,,,Zhizo (ceramic),Zhizo facies,,,,,,Zhizo-style ceramics are spread across northern South Africa southwestern Zimbabwe and southeastern Botswana. In South Africa Zhizo sites include Schroda and Pont Drift. These ceramics are more widespread covering much of southwestern Zimbabwe and eastern Botswana. In eastern Botswana Zhizo ceramics appear at around 700 CE during a similar time with southwestern Zimbabwe.,,,,,,,,,,,,,,,,,
,,,,,,Late farming community period (Southern Africa),Late Iron Age (Southern Africa),LIA (Southern Africa),LFC (Southern Africa),Late farming communities (Southern Africa),,,The period is marked by the beginning of the southern Africa's incorporation into the expanding economic system including agropastoral craft production and commercial connections with the Indian Ocean and Central Africa leading to greater socio-political complexity and the emergence of early urbanism and statehood. Late Farming Communities in southern Africa begins approximately 1000 CE and continues into the historic period. Linguistic evidence suggests that ancestors of present-day language or dialect groups in southern Africa date from the early second millennium AD. Examples include the Shona of the Zimbabwe plateau and adjacent lowlands in Mozambique and the Sotho/Tswana and Nguni south of the Limpopo River. Use more specific type where known.,Buispoort (ceramic),Buispoort facies,,,,,,Refers to a ceramic facies occuring between AD 1700 - 1850 relating to early Sotho/Tswana history and are often found in settlements with Molokwane type walling.,,,,,,,,,,,,,,,,,
,,,,,,,,,,,,,,Gumanye (ceramic),Gumanye,,,,,,Gumanye pottery occurs over much of south-central Zimbabwe and adjacent regions of northern South Africa. Ceramics are plain with occassional incisons. In Zimbabwe it has been recovered from sites such as Gumanye Hill in Chivi District Chivowa Hill and on the hill at Great Zimbabwe. It is mostly found overlain by Zimbabwe pottery and suggested to be ancestral to Great Zimbabwe periods III and IV.,,,,,,,,,,,,,,,,,
,,,,,,,,,,,,,,Harare (ceramic),Harare,,,,,,Harare pottery represents LFC settlements in northern Zimbabwe dated between the 10th and 15th century.,,,,,,,,,,,,,,,,,
,,,,,,,,,,,,,,Icon (ceramic),Icon facies,,,,,,The earliest recorded facies of the Moloko branch in southern Africa is Icon which first appears in the Phalaborwa area and Limpopo Province of South Africa and perhaps Botswana dating to between about AD 1300 and 1500.,,,,,,,,,,,,,,,,,
,,,,,,,,,,,,,,K2,Bambandyanalo,,,,,,"Ceramic Definition: The K2 ceramics are widely distributed in western and central Zimbabwe and northeastern Botswana and the adjacent areas of northern South Africa. The key features of K2 ceramics include hatched bands on the neck and beaker bottoms as well as upright incised triangles on the neck. Description: ""One of the largest settlements Bambandyanalo grew in size (to over 8 ha) and shows social and economic specialization as attested by evidence for ivory working. However while informative as to the lifestyle demography and health of the site's inhabitants (Meyer 1998) the quite extensive available skeletal sample does not provide much evidence for social strati cation although ethnographic data suggest that some of the people buried in the cattle pen were probably of high status. Social strati cation however becomes clear at nearby (1km distant) Mapungubwe Hill which was inhabited from c. 1220 to 1300.""",,,,,,,,,,,,,,,,,
,,,,,,,,,,,,,,Khami tradition,Khami,,,,,,Named after the type site Khami located in southwestern Zimbabwe is a type of elite settlements characterised by terraced drystone walled capitals. The tradition is widely distributed in central and southwestern Zimbabwe eastern and southeastern Botswana and the adjacent area of northern South Africa. Other notable sites in Zimbabwe include Natletale and Danan'ombe and in Botswana these include Torahjuu Domboshava and Toutswemogala. Khami pottery is characterised by black and red designs on tall necks and shoulders of constricted vessels. Architecture: Terraced walls few freestanding enclosures Date: AD 1250–AD 1900,,,,,,,,,,,,,,,,,
,,,,,,,,,,,,,,Leopard's Kopje tradition,Leopard's Kopje,,,,,,"Definition 1: Ceramics are named after the type site of Leopard's Kopje near Khami a World Heritage Site in Zimbabwe. The ceramics are widely distributed from west-central Zimbabwe to north-eastern Botswana as well as adjacent areas of northern South Africa. Leopard’s Kopje occurs at sites from around AD 1000 such as at Mapela Mapungubwe Woolandale and Khami among other places. It is suggested that the makers of Leopard's Kopje ceramics were ancestors ot western Shona-speakers. It is characterised by single and multiple lines or bands of comb- or dentate-stamping on the necks and shoulders of jars. including incised arcades and triangles on the neck and lower neck/shoulder areas of jars. Description: ""...show clustering of sizeable settlements that can be called towns and judging from the number of pens and depth of cow dung present at them also housed sizeable cattle herds. This process of urbanization provided competition for resources among later Zhizo type settlements in eastern Botswana as Leopard's Kopje sites in the middle Limpopo Valley seem to have had better access to foreign goods whose transhipment into the interior they controlled by virtue of their position along the river and relative proximity to the coast (Manyanga et al 2010).""",,,,,,,,,,,,,,,,,
,,,,,,,,,,,,,,Letsibogo (ceramic),Letsibogo facies,,,,,,Letsibogo ceramic assemblages form part of the second phase of the early Moloko sequence. Letsibogo ceramics are characterised by arcades horizontal bands and lozenges bordered by dragged punctate lines or short grooves and filled in with red ochre and graphite colouring. Highly decorated bowls are also characteristic of these ceramic assemblages. Letsibogo ceramics occur predominantly in southeastern Botswana extending into the Limpopo Province of South Africa. Date range: 1500 - 1700 CE.,,,,,,,,,,,,,,,,,
,,,,,,,,,,,,,,Madikwe (ceramic),Madikwe facies,,,,,,Madikwe ceramics form part of the second phase of the early Moloko sequence and ancestral to present-day Sotho and Tswana speaking communities. Madikwe occurs predominantly in southeastern Botswana and the North-West Province of South Africa. The pottery is highly decorated. Date range: 1500 - 1700 CE.,,,,,,,,,,,,,,,,,
,,,,,,,,,,,,,,Mambo (ceramic),,,,,,,Mambo is a northern cluster of ceramics of the Leopard's Kopje ceramic assemblage distributed in southwestern Zimbabwe and northeastern Botswana.,,,,,,,,,,,,,,,,,
,,,,,,,,,,,,,,Mapungubwe,,,,,,,"The spread of a new culture can be traced by the distribution of Mapungubwe pottery. This style developed between AD 1220 and AD 1250. The pottery is named after the capital of Mapungubwe situated in the Shashe-Limpopo River Basin. This site is identified as a rainmaking hill with sacred leadership and a dual settlement system indicating a class-based society. The site of Mapungubwe is believed to have been abandoned from around AD 1300 relating to climatic change and marking the beginning of the 'Little Ice Age'. Description of Mapungubwe site: "". The inhabitants of this town who probably numbered more than 5000 traded in copper iron ivory glass beads and gold which is the reason why their rulers were so wealthy. The burial evidence from the hilltop shows considerable social stratification""",,,,,,,,,,,,,,,,,
,,,,,,,,,,,,,,Moloko tradition,Moloko,,,,,,Description 1: Moloko is characterised by its ceramic tradition and have traditionally been divided into four main time segments. The first segment dating between 1300 CE and 1450 CE has been related to Icon and sites with this pottery occur predominantly in the Limpopo Province of South Africa and possibly in southeastern Botswana. During the second phase of the Moloko tradition there is a southwards expansion onto the Western Highveld in South Africa. Early Moloko sites are found in southeastern Botswana and in the northern parts of eastern South Africa dating from the 14th century CE. Sites tend to have a central cattle enclosure (kraal) with surrounding houses. Towards the end of the second phase and during the third phase (1500 - 1700 CE) low-stone walling appears with shifts in settlement organisation. The fourth phase of the Moloko ceramic sequence is suggested to be ancestral to Sotho and Tswana speaking communities dating back to the 18th and 19th centuries. Three ceramic types are seen to have developed from the Moloko second phase: Letsibogo (eastern Botswana) Madikwe (southeastern Botswana and the North-West Province of South Africa) and Olifantspoort (Magaliesberg South Africa). Early ceramic assemblages (before 1700 CE) have a relatively high stylistic variability with a large number of decorated bowl classes. Description 2: Moloko includes at least three separate facies derived from Icon each with a similar direction of change in motifs: Letsibogo in Botswana Madikwe in North West Province (South Africa) and Botswana and Olifantspoort in the Magaliesberg area (South Africa). Emphases on different decoration techniques separate these three facies. Otherwise the range of stylistic types is remarkably similar. Radiocarbon dates place this second phase between about AD 1500 and 1700. In all three areas the second phase predates stonewalling ascribed to Tswana speakers (see Huffman 2020).,,,,,,,,,,,,,,,,,
,,,,,,,,,,,,,,Musengezi (ceramic),Musengezi,,,,,,Musengenzi ceramics are found predominantly in northern Zimbabwean and are associated with multiple burials in rock shelters crevices or caves interred with a number of pots and bowls as well as other items of material culture. Musengezi ceramics are characterised by wrapped-fibre or bead-impressed decorations. Dated between 1100 to 1599 CE.,,,,,,,,,,,,,,,,,
,,,,,,,,,,,,,,Mutapa State,Mutapa,,,,,,During the 15th Century Great Zimbabwe lost some of its influence in the northern and western parts of the Zimbabwe Plateau with the appearance of other centres constucted along similar lines to Great Zimbabwe. One of which was the formation of the Mutapa State beginning around c.1450 in northern Zimbabwe. The rise of the Mutapa State is captured extensively in Portuguese written sources where early Portuguese explorers in the interior reported stone buildings. Archaeological evidence also indicates the presence of imported artefacts through trade with eastern Africa as well as locally manufactured pottery that have been related to the ethnic group of the Karanga. This has also been attested to by Portuguese records. By the 16th Century African-Portuguese trading posts and settlements are found and associated with locally manufactured pottery as well as traded items including imported ceramics and glass. It is also at the beginning of the 16th Century where stone-building ceases with the emergence of non-stone-walled royal courts. The decline of the Mutapa State has been suggested to be triggered by the exploitative nature of the Portuguese merchants and conquistadores in northern Zimbabwe in connection with goldmining and the subsequent building of fortifications by the late 16th and early 17th century. The crudely built stone defenses or wooden stockades were often erected on hilltops.Ceramic evidence from these hillforts suggest that the Budya or related Tonga groups from the lower Zambezi as the builders.,,,,,,,,,,,,,,,,,
,,,,,,,,,,,,,,Nyanga Complex,,,,,,,The Nyanga Complex (architectural) represents an agricultural society of industrious farmers and stock-raisers. Sites are mostly characterised by stone-faced terraces covering hills and valleys as well as stone-built homesteads and defensive forts or refuges extending from Ruangwe in the north of Nyanga District to the Pungwe Valley in the south to Cumberland Valley Burnaby in the south west and into Tanda/Chinyika west of the Nyangombe river of Zimbabwe. This covers an area of some 5000 square kilometres. Areas with lesser outlying occurrences are in the Makha area of Mutoko west of Headlands/Weya and south of Chimanimani. The walled villages with linteled entrances in the area northeast of Rusape including at Diana's Vow site and at the site Harleigh Farm are thought to be related to the Nyanga Complex. Ann Kritzinger argues that mining activity not agriculture explains the archaeology of the Nyanga terraces in the Eastern Highlands (see for example Kritzinger A. 2009. Early Mining and Metallurgy in Zimbabwe‟ s Eastern Highlands. Mining History 17(4) pp.79-82; Kritzinger A. 2008. Gold not grain: precolonial harvest in the terraced hills of Zimbabwe's Eastern highlands. Cookeia (13) pp.1-42. Kritzinger A. 2012. Laboratory analysis reveals direct evidence of precolonial gold recovery in the archaeology of Zimbabwe’s Eastern Highlands. Proceedings of 9th International Mining History; Kritzinger A. 2010. Gradient and soil analysis identify the function of stone-built tunnels in the archaeology of the Eastern Highlands Zimbabwe. Nyame Akuma 73 pp.10-16.,,,,,,,,,,,,,,,,,
,,,,,,,,,,,,,,Olifantspoort (ceramic),Olifantspoort facies,,,,,,Olifantspoort ceramic assemblages form part of the second phase of the early Moloko sequence and occurs in the Magaliesberg area of South Africa. The ceramic assemblage is characterised with fine hatching. Date range: 1500 - 1700 CE.,,,,,,,,,,,,,,,,,
,,,,,,,,,,,,,,Taukome tradition,Taukome,,,,,,"Definition 1: Zhizo related settlements nearly doubled by AD 1000 in the Mhalapye-Palapye area of Botswana. An example of a major capital named Toutswemogala Hill developed. Archaeologists have termed the pottery associated with this phase as Toutswe. Earlier Zhizo pottery in the area have been called Taukome. Description: ""From Schroda and Ratho Farm in the middle Limpopo Valley and extending further west towards the Kalahari margins lineages established ranked societies minimally chiefdoms especially at Toutswemogala Taukome and Bosutswe where sites with Zhizo type pottery attest to increased population and considerable social transformation. It is highly likely that the rst chiefdoms and state societies in southern Africa developed around these sites.""",,,,,,,,,,,,,,,,,
,,,,,,,,,,,,,,Toutswe tradition (polity),Toutswe,,,,,,Between 1050 CE to around 1300 CE several chiefdoms developed and replaced the Zhizo/Taukome tradition. This includes Toutswe which covers southeastern Botswana from Palapye Shoshong to the Mmashoro and Mosu Area and Shoshong. Toutswe pottery is directly derived out of the Zhizo ceramic facies.,,,,,,,,,,,,,,,,,
,,,,,,,,,,,,,,Woolandale (ceramic),,,,,,,Woolandale is understood to be phase of Leopard’s Kopje's pottery. It is characterised by graphite burnishing to redslipping just as at Khami.,,,,,,,,,,,,,,,,,
,,,,,,,,,,,,,,Zimbabwe tradition,Zimbabwe Culture,,,,,,"A period associated with the development of social formations synonymous with ranked forms of organisation that appeared south of the Zambezi from the late first millennium AD marked by the construction of stonewalled monumental architecture and the production of surplus food for people living in un urban centres. Description: ""The Zimbabwe culture famous for its dry-stone-built capitals is arguably one of the most important cultural developments in the last two millennia of sub-Saharan prehistory/history""",Zimbabwe period II,,,,,,,From about AD 1000 - 1200.,,,,,,,,,
,,,,,,,,,,,,,,,,,,,,,,Zimbabwe period III,,,,,,,Zimbabwe III is associated with the earliest evidence of stone walling with no clear courses and pottery that is rarely decorated. It is thought to have evolved out of Gumanye. The makers of Zimbabwe III pottery are thought to be ancestors to Shona-speakers in southern Africa.,,,,,,,,,
,,,,,,,,,,,,,,,,,,,,,,Zimbabwe period IV,,,,,,,,,,,,,,,,
,,,,,,,,,,,,,,,,,,,,,,Zimbabwe period V,,,,,,,Zimbabwe period V (AD 1833–1900) is characterised by class 5 pottery at Great Zimbabwe and R (rough) type walling. It is suggested to be the youngest of phases identified at Great Zimbabwe.,,,,,,,,,
,,,,,,,,,,,,,,,,,,,,,,Great Zimbabwe,GZ,,,,,,General: By about 1270 a wealthy elite had emerged at Great Zimbabwe which laid the foundations of an elaborate urban complex and the centre of a state constructing stone buildings of unparalleled scale and magnitude from about 1300 (Garlake 1973). For the next 150 years Great Zimbabwe became the dominant political authority south of the Zambezi (Huffman 1996 2007). Great Zimbabwe reached its peak during the 14th and 15th centuries when elaborate stone walling that symbolized wealth power and status was extended towards outlying areas. With an estimated population of nearly 20000 Great Zimbabwe was the largest metropolis in southern Africa. Ceramics: Incisions graphite burnishing occasional polychrome. Architecture: Freestanding walls occasional terraces. Date: AD 1200–AD 1550,,,,,,,,,
,,,,,,,,,,,,,,,,,,,,,,P-course walling phase (architecture),P-style walling (architecture),,,,,,Earliest walling with no clear courses and flourished between AD 1085 and 1450. Chronology of different types of walling at the site of Great Zimbabwe was developed by Summers Robinson and Whitty (1961) and suggested to be part of Zimbabwe period III and associated with class 3 ceramics.,,,,,,,,,
,,,,,,,,,,,,,,,,,,,,,,Q-course walling phase (architecture),Q-style walling (architecture),,,,,,Refers to a second class of walling identified at Zimbabwe culture sites. Walling was built with clear courses (neatly coursed) that can be traced over long distance and built with dressed blocks of a regular size and shape. The chronology of the different styles of walling for Zimbabwe culture sites was based at Great Zimbabwe by Summers Robinson and Whitty (1961). Authors attributed this style of walling to Zimbabwe period IV and lasted from AD 1450 until 1833.The use of P Q and R-type walling as a chronological indicator is debated.,,,,,,,,,
,,,,,,,,,,,,,,,,,,,,,,R-course walling phase (architecture),R-style walling (architecture),,,,,,Refers to the last of the Zimbabwe Culture type walling. Walls are built of undressed blocks and have no courses. Often identified with the Refuge period and Zimbabwe Period V. The chronology of stone walling was developed by Summers Robinson and Whitty (1961) for the site of Great Zimbabwe.The use of P Q and R-type walling as a chronological indicator is debated.,,,,,,,,,
Iron Age (Senegal),,,,,In Senegal the Iron Age coincides with the period of invention and development of metallurgical techniques between 2000 BC and 1600 AD. The period is also known for its regional diversity in the type of material culture identified. This has allowed archaeologists to divide the period according to the different site and material markers from megaliths habitat sites tumuli to shell mounds.,Iron Age settlement phase (Senegal),,,,,,,The habitat sites are flattened mounds with little relief (2-5 m high) and can be grouped or isolated. Their extremely variable extents extend over several hundred meters in length and width and are sometimes covered with shards of pottery the remains of metallurgical activity (slag tuyères) and various debris. The phenomenon of habitat sites extends without interruption from Dagana to nearly 200 km south of Bakel in a vast space between the fossilized hydrographic network of the Ferlo in the south and the Senegal River valley in the north. Elsewhere these sites are also found in the Sine-Saloum and in the south towards Kolda.,Sine Saloum habitat sites,,,,,,,,Sine Saloum phase I (ceramic),,,,,,,Major rim classes: SO SCL2; Twine: Multiple-stick cord-wrapped stick; possible Tw6; Decorations: Plain incisions fingernail impressions; Paste characteristics: Undetermined Characteristic vessel forms: Closed ovoid jar and Open globular bowl.,,,,,,,,,
,,,,,,,,,,,,,,,,,,,,,,Sine Saloum phase II (ceramic),,,,,,,Major rim classes: E4 E5 E6 E7 E9 SCL2 SO; possible SC Twine: Tw6 Tw7 Tw4 Tw5 braided twines split-stick cord-wrapped stick Decorations: Slip incisions (crosshatching zigzag chevron) fingernail impressions punctates fish-vertebrae rouletting appliquéd cordons Paste characteristics: Medium-coarse (granular paste) to medium-fine; sand- grog- or shelltempered Color range: Buff off-white light pink pale orange dark orange light brown Characteristic vessel forms: 1) Jar with long everted lips; plain slipped rim (interior and exterior) or twine decoration (interior lip below rim) 2) Wide-everted jar with flat or beveled lip; deep-red or orange slipped rim (interior and exterior) 3) Closed or collared oblique jar; slip twine incisions punctates or appliquéd (below rim) 4) Open bowl; plain,,,,,,,,,
,,,,,,,,,,,,,,,,,,,,,,Sine Saloum phase III (ceramic),,,,,,,Major rim classes: E3 E4 E5 E6 SC SCL2; some LC carinated Major decorations: Tw4 Tw5 Tw6 braided twines knotted cord Paste characteristics: Sandy gritty paste; wide variation in texture and firing Color range: Pale orange dark orange light brown brown Characteristic vessel forms: 1) Jar with everted lip; slip or twine-impressions (interior rim and exterior) 2) Collared oblique jars fish-vertebrae roulette multiple twine decoration or twine-incision combination 3) Closed ovoid jar; slipped rim.,,,,,,,,,
,,,,,,,,,,,,,,,,,,,,,,Sine Saloum phase IV (ceramic),,,,,,,Major rim classes: SC LC carinated ledged SCL2 SO vertical E1a E2 E3 Major twines: Tw4 Tw5 twisted twines braided twines tiny ‘swoosh’ CWS knotted cord Major decorations: Incision comb-dragging pin incision fish-vertebrae rouletting punctate stamping appliquéd cordons; multiple decoration; rare carved roulette Paste characteristics: Sandy gritty paste; medium to medium-fine texture; occasional airy pasted fabric; sand- shell- organic- or grog-tempered Color range: Pale orange dark orange red light brown brown; grey black Characteristic vessel forms: 1) Beveled open bowl or plate 2) Open bowl; twine decoration 3) Short-collared oblique jar; slipped rim and twine below collar or multiple decoration involving (slipping wavy comb-dragging incisions appliquéd dots or cordon; twine or fish-vertebrae roulettes 4) Long-collared oblique jars; slipped rim and twine below collar; 5) Carinated jars; burnished (sometimes reduced); slip,,,,,,,,,
,,,,,,,,,,,,,,,,,,,,,,Sine Saloum phase V (ceramic),,,,,,,Major rim classes: SCL2 SCL1 SO; some carinated and collared rims Major twines: Tw4 Tw5 Tw6 tiny ‘swoosh’ CWS knotted cord Decorations: Slipping incisions comb-channeling Paste characteristics: Sandy gritty paste well-consolidated; medium-fine with occasional medium texture; sand- and grog-tempered Color range: light-brown pale orange buff pale pink dark orange brown; generally dark-cored Characteristic vessel forms: 1) Closed oblique jar; slipped rim groove and twine 2) Closed oblique jar; Twine field and overlapping incisions 3) Open bowl; slipping twine or comb-channeling,,,,,,,,,
,,,,,,,,,,,,,,Lower Casamance habitat sites,,,,,,,,Early Kaabu occupation,,,,,,,The identification of early Kaabu (Korop and Payoungou) layers is problematic as it is largely based on absence of traits belonging to earlier or later periods rather than on positive evidence. Bearing this caveat in mind only one horizon was identified as an Early Kaabu occupation,,,,,,,,,
,,,,,,,,,,,,,,,,,,,,,,Pre-Kaabu occupation,,,,,,,Oral traditions claimed Payoungou and Korop was originally founded by the Bainouk: excavations have shown that human occupation of the site does indeed pre-date Kaabu. Four units yielded pre-Kaabu deposits: PYG-A PYG-C PYG-D PYG-E and KRP-E; verifed through a combination of radiocarbon dates and pottery traits.,,,,,,,,,
,,,,,,,,,,,,,,Middle Valley habitat sites (Senegal),,,,,,,The settlement sites in the valley date from the Iron Age (1100 BC and 1500 AD). Spatially they extend without interruption from Dagana to nearly 200 km south of Bakel in a vast area between the Ferlo fossil river system in the south and the Senegal River valley in the north.,Cubalel-Siwré-Kaskas phase Ia,,,,,,,The phase consists of ceramics tempered with chamotte. Rims are simple and decorations are made with cord (twisted rolled or braided). They also include blepharis prints. Assemblages can be found at Waalo sites. Date range: 200 BCE - 250 CE.,,,,,,,,,
,,,,,,,,,,,,,,,,,,,,,,Cubalel-Siwré-Kaskas phase Ib,,,,,,,Phase characterised by simple pottery decorated with pleated or twisted cord. The pottery is tempered with grog. Assemblages are present at most Waalo sites. Date range: 250 - 400 CE.,,,,,,,,,
,,,,,,,,,,,,,,,,,,,,,,Cubalel-Siwré-Kaskas-Sincu Bara-Hombo-Arundu phase IIIb,,,,,,,This phase includes pottery with a wide range of decorative patterns. Grog is used for temper but organic temper is also used. Copper appears for the first time in the assemblage. Date range: 600 - 950 CE.,,,,,,,,,
,,,,,,,,,,,,,,,,,,,,,,Cubalel-Siwré-Sincu Bara-Hombo-Arundu phase IIIa,,,,,,,Phase IIIa is distinguished by several novelties including the appearance of organic temper and edges surmounted by collars. The decoration becomes increasingly rare. Assemblages are present at both Waalo and Jeeri sites. Date range: 600 - 800 CE.,,,,,,,,,
,,,,,,,,,,,,,,,,,,,,,,Diallowalli phase I,,,,,,,Dated between 1100 and 950 BC this phase is only present in Diallowalli and is characterized by pottery with simple edges. They are decorated by impressions with braided twisted or folded cord. The incisions and applied decorations are aditive motifs. A bone industry is also found which links the Diallowalli site to that of Khant.,,,,,,,,,
,,,,,,,,,,,,,,,,,,,,,,Diallowalli phase IIa,,,,,,,Found at Diallowalli this phase is dominated by single open edges and flared edged pottery. It is generally medium sized and decorated with braided twisted or knotted cord. The nipples and cords are more numerous. Date range: 950 - 900 BCE.,,,,,,,,,
,,,,,,,,,,,,,,,,,,,,,,Diallowalli phase IIb,,,,,,,Found at Diallowalli this phase sees pottery diversify with collared edges and flared edges. The assemblage is also characterised with the increase of the cord wound on a stick and twisted finger impressions incisions and braided cords. Decorations made with shells or clogs start to disappear with the introduction of buttons which gain popularity. Date range: 900 - 800 BCE.,,,,,,,,,
,,,,,,,,,,,,,,,,,,,,,,Diallowalli phase III,,,,,,,Recorded at Diallowalli this phase is characterized by larger vessels in various forms. The ceramics are generally coarse in paste. Decoration includes braided or twisted cords but become more numerous decorative patterns. The pottery is also slipped. Date range: 800 - 650 BCE.,,,,,,,,,
,,,,,,,,,,,,,,,,,,,,,,Diallowalli phase IV,,,,,,,This phase is recorded at the site Diallowalli. During this phase ceramic productions are diversifying with the emergence of rimmed pots. Incisions reappear and braided and knotted cords decrease. Date range: 650 - 500 BCE.,,,,,,,,,
,,,,,,,,,,,,,,,,,,,,,,Diallowalli phase V,,,,,,,Recorded at the site Diallowalli the pottery of this phase is of small or medium size and the paste is fine. The edges are flared and decorations are made with braided and folded cords. Buttons are the most used decorative variant. Date range: 500 - 400 BCE.,,,,,,,,,
,,,,,,,,,,,,,,,,,,,,,,Diallowalli-Walaaldé phase I,,,,,,,During this phase pottery is defined by the pre-eminence of decoration with impressions of the cord wound on a stick and twisted. Simple edges are more characteristic of openings unlike rare-flared edges. Type assemblage can be found at Walaaldé. Date range: 800 - 550 BCE.,,,,,,,,,
,,,,,,,,,,,,,,,,,,,,,,Diallowalli-Walaaldé phase II,,,,,,,During this phase pottery assemblages are characterised with the increase in incisions as printed combs disappear and cord prints regress. Regarding the openings the flared edges flourish with longer collars.Type assemblage can be found at Walaaldé. Date range: 550 - 200 BCE.,,,,,,,,,
,,,,,,,,,,,,,,,,,,,,,,Hombo-Arundu-Diouboye phase IVc,,,,,,,This phase is characterised by pottery with an increase in organic temper (40%) and a decrease in the use of grog as temper (8%). Decoration becomes simpler and often many vessels are undecorated. This simplicity is marked with the return of flared and simple rims with long collars completely supplanting short collars. Assemblages are mostly identified at Jeeri sites. Date range: 1400 - 1650 CE.,,,,,,,,,
,,,,,,,,,,,,,,,,,,,,,,Sincu Bara-Hombo-Arundu-Diouboye phase IVa,,,,,,,This phase is mostly identified at Jeeri sites. Pottery is tempered with grog (30%) grog and organic matter (46%) or with only organic matter (24%). The decoration is made with flat fibers cords single twisted cord cord on a continuous core or engobe. The mouth openings are large with simple and flared rims. Date range: 950 - 1200 CE.,,,,,,,,,
,,,,,,,,,,,,,,,,,,,,,,Sincu Bara-Hombo-Arundu-Diouboye phase IVb,,,,,,,This phase develops at Jeeri sites. The use of grog temper decreases with an increase in the use of grog and organic matter. Some pottery is undecorated (19%) others are decorated with grooves (15%) and simple twisted cord (26%). The use of cords and braided cords decrease. Short collars decline in favour of long collars. With flared rims evolving slightly. Date range: 1200 - 1400 CE.,,,,,,,,,
,,,,,,,,,,,,,,Megalithic (Senegal),Megalith (Senegal),,,,,,In Senegal the megaliths are distributed along the Gambia River covering an area of about 38000 km². The structures are constituted by frontal monoliths made of laterite which are located to the east of funerary monuments of various forms. They can be circles of standing stones stone circles or stone mounds. About 29000 standing stones make up a little less than 17000 monuments spread over nearly 2000 sites. It is generally accepted that they were built between the 7th and 15th centuries AD.,Central facies (Senegal),,,,,,,,Central facies horizon I (ceramic),,,,,This phase is characterised by the strong presence of vases and it also sees the remergence of white paste vessels. Vases are typically cylindrical and decorated with twisted cord wheels. Pottery recovered from Wanar.,,,
,,,,,,,,,,,,,,,,,,,,,,Eastern facies (Senegal),,,,,,,,,,,,,,,,
,,,,,,,,,,,,,,,,,,,,,,Western facies (Senegal),,,,,,,,,,,,,,,,
,,,,,,,,,,,,,,Shell midden phase (Senegal),,,,,,,The chronological framework of the construction of the shell midden sites of the Senegalese coastline ranges from the Neolithic around 3500 BC-2000 BC (Khant Kayar) to the Iron Age (around 400 BC for the sites of the Saloum and Gambia deltas); to the historical (16th century) and contemporary periods. Further south in Casamance the excavation of the Niamoun and Samatit shell mounds revealed a human sequence from 200 BC to the 18th century.,Southern shell midden phase I (ceramic),,,,,,,This phase is defined by the presence of two decorative techniques: incisions in wavy lines and impressions with braided or twisted cord the most popular practice at the time. Printing with flat fibers.,,,,,,,,,
,,,,,,,,,,,,,,,,,,,,,,Southern shell midden phase II (ceramic),,,,,,,This period is characterized by the predominance of decorations made with ropes or braided fibers.,,,,,,,,,
,,,,,,,,,,,,,,,,,,,,,,Southern shell midden phase III (ceramic),,,,,,,This phase is marked by a substantial increase in pottery decorated with tympanotonus (snail shell) impressions.,,,,,,,,,
,,,,,,,,,,,,,,,,,,,,,,Southern shell midden phase IV (ceramic),,,,,,,This period is characterised by the use of today’s contemporary pottery such as Diola.,,,,,,,,,
,,,,,,,,,,,,,,Tumulus group (Senegal),,,,,,,The sand tumuli are funerary monuments of varying size and age. They are known as podom (in Sereer) and mbanaar (in Wolof); other smaller and apparently more recent ages are called lomb in Sereer. These monuments are spread over an area of 32000 km² between the marigot of Minguegne in the north and the estuaries of Siin and Saloum in the south. 11219 tumular monuments distributed on 1896 sites have been listed in this part of the country. Between 1941 and 1942 21 monuments including the sites of Nguiguela and Massar near Rao were the subject of archaeological excavations. Other excavations were conducted further south notably in Ndalane (1971) and Kael (2012) and all confirmed the funerary function of these monuments. These excavations produced a wealth of furniture including gold silver and copper jewelry and multiple types of armories.,Northern group (tumulus),,,,,,,The group of tumuli of the North is dated between 900 and 1000 AD.,,,,,,,,,
,,,,,,,,,,,,,,,,,,,,,,Southern group (tumulus),,,,,,,The southern group of tumuli is dated between 700 and 1000 AD.,,,,,,,,,
Iron Age (Gambia),,,,,,Megalith (Central Gambia),,,,,,,500 BCE - 1500 CE,Wassu,,,,,,,640 AD - 1030 AD,,,,,,,,,,,,,,,,,
,,,,,,Shell middens (Central Gambia),,,,,,,450 BCE - 1500 CE,,,,,,,,,,,,,,,,,,,,,,,,,
,,,,,,Habitation Iron Age (Central Gambia),,,,,,,,Habitation Iron Age Phase I (Gambia),,,,,,,500 AD - 1300 AD Central Gambia Valley,,,,,,,,,,,,,,,,,
,,,,,,,,,,,,,,Habitation Iron Age Phase II (Gambia),,,,,,,1300 AD - 1700 AD Central Gambia Valley,,,,,,,,,,,,,,,,,
,,,,,,,,,,,,,,Habitation Iron Age Phase III (Gambia),,,,,,,1700 AD - 1900 AD Central Gambia Valley,,,,,,,,,,,,,,,,,
Societies of the 1st and 2nd millennia CE (West Africa),,,,,The first two millennia CE in West Africa were characterized by the emergence of large-scale urban formations such as Jenne-jeno in Mali and the development of the early kingdoms and empires which West Africa is well known for historically. This period also saw the introduction and diffusion of Islam (see Insoll 2003 cited in Religion and Ritual). Use more specific type where known.,Dia dynasties,Za dynasty,Ja dynasty,,,,,"Description: ""Further to the east on the Niger River oral tradition tells us that the hegemony of the Dia (Za or Ja) dynasties was organized at Koukia beginning in the 7th century AD from a proto-Songhay people though archaeology indicates that Gao was already occupied from the 6th century AD (Insoll 1996 2003). Islamization begins in the late 8th—early 9th centuries AD.""",,,,,,,,,,,,,,,,,,,,,,,,,
,,,,,,Empire of Ghana,Wagadu,Ghana/Wagadu,,,,,"The Empire of Ghana (c. cal. AD 300 - 1100) is a long-lived polity enduring for five centuries or more. The heartland of the Ghana Empire is debated for example: ""We are thus left with what R. McIntosh described as a “persistent (but still minority view) … [that Ghana’s] heartland was in fact within one of the western basins of the Middle Niger” (1998: 257)"".Traditionally the collapse of Ghana has been tied to the Almoravid jihad of the 11th century which is said to have conquered the territory and/or its capital around 1076–1077 and disrupted its trans-Saharan commerce (Levtzion 1973). However some scholars have questioned the nature of the Almoravid movement’s impact on Ghana.",,,,,,,,,,,,,,,,,,,,,,,,,
,,,,,,Empire of Mali,Malian Empire,,,,,,1235 CE - 1600CE,,,,,,,,,,,,,,,,,,,,,,,,,
,,,,,,Goa,Kingdom of Kawkaw,,,,,,The most important archaeological sites at Gao itself are Gao-Sané (a tell north of the modern town) and Gao Ancien (beneath it) (Insoll 1997 2000). One or both probably formed the centre of the ‘kingdom of Kawkaw’ referred to by Al-Yaqūbī in 872/3. Unfortunately extensive looting at Gao-Sané has precluded its further dating beyond estimates obtained by the Malian Mission Inventaire of the 1980s (Raimbault and Sanogo 1991). Early occupation layers at Gao Ancien date to the middle centuries of the first millennium AD (Insoll 1998 2000) allowing ample time for the development of the substantial polity noted by Al-Yaqūbī. Date range: ~ 700CE - ~1200 CE,Early Gao phase,Gao Ancien,,,,,,~700 CE - ~900 CE,,,,,,,,,,,,,,,,,
,,,,,,,,,,,,,,Later Gao phase,,,,,,,~900CE - ~1200CE,,,,,,,,,,,,,,,,,
,,,,,,Songhay Empire,Songhaï Empire,,,,,,1430 CE - ~1600 CE. Style and culture of the great Songhai trading state of West Africa (flourished 15th-16th century) located on the Niger River in what is now central Mali and eventually extending west to the Atlantic coast and east into Niger and Nigeria,,,,,,,,,,,,,,,,,,,,,,,,,
,,,,,,Sosso Kingdom,Sosso,,,,,,Date range: ~1100 CE- 1235 CE. Description: After Ghana's 11th-century collapse its constituent territorial elements struggled for power with Sosso emerging as a dominant player before a southerly Malinke polity rose up against it under the rule of Sundiata Keita c. 1240 incorporating its territory and creating an imperial hegemony that eventually stretched from Gao to the Atlantic Ocean (Levtzion 1981). Unfortunately archaeological attempts to document the settlements of Sosso and Mali have been sparse and frequently unsuccessful.,,,,,,,,,,,,,,,,,,,,,,,,,
,,,,,,Inland Niger Delta (urbanism),,,,,,,In the first millennium BC as the Tichitt Tradition faded large settlements began to prosper for the first time in the Middle Niger Inland Niger. The Inland Niger Delta site of Jenné-jeno revolutionized perspectives on the origins of African urbanism by showing that by AD 400–900 its tell complex could be defined as fully urban (McIntosh and McIntosh 1980; S. McIntosh 1995).,Inland Niger Delta phase I - II,IND phase I- II,Jenné-jeno phase I-II,,,,,"~200 BCE - ~400 CE. Description: ""Jenné-jeno's initial settlement was a 7 ha village within a cluster of other settlements where the subsistence economy combined elements of pastoralism fishing and cereal agriculture (especially rice but also sorghum). Ceramics highly burnished and with very fine paste (termed ‘fineware’ or ‘deltaware’).""",,,,,,,,,,,,,,,,,
,,,,,,,,,,,,,,Inland Niger Delta phase III,IND phase III,Jenné-jeno phase III,,,,,"~400 CE - ~900 CE. Description: ""Phase III it covered 33 ha with up to 26000 people estimated to have lived within 1 km of it (S. McIntosh 1995). In the latter portion of this period curvilinear earthen architecture became prevalent employing distinctive cylindrical bricks and a city wall was built perhaps as a communally built bastion against flooding rather than a defensive citadel (McIntosh and McIntosh 1993). In addition to increasing specialization in ironworking activities with specific smithing settlements long-distance trade for copper is documented by AD 500 as is trade in gold by 850–950. Ceramics shift to coarser but carefully decorated painted wares a trend documented elsewhere in the Middle Niger at this time (S. McIntosh 1995).""",,,,,,,,,,,,,,,,,
,,,,,,,,,,,,,,Inland Niger Delta phase IV,IND phase IV,Jenné-jeno phase IV,,,,,"~900 CE - ~1400 CE. Description: ""During this period Jenné-jeno's material culture diverges significantly from that seen at Dia perhaps indicating greater cultural autonomy for the Jenné region (S. McIntosh 1995: 369). The Jenné terracotta tradition which emerges during this phase...Phase IV also witnesses increasing influence from the Islamic world with the advent of rectilinear structures and a wave of iconoclasm late in this period.""",,,,,,,,,,,,,,,,,
,,,,,,,,,,,,,,Inland Niger Delta phase V,IND phase V,Jenné-jeno phase V,,,,,"~ 1400CE - ~ 1900CE. ""The principal mound at Jenné-jeno appears to have been abandoned in favour of a new Muslim city—modern Jenné—around 1400 (R. McIntosh et al. 1996).""",,,,,,,,,,,,,,,,,
Windé Koroji tradition,,,,,"Description: ""The ceramics of the Windé Koroji tradition are characterized by numerous shallow cauldrons and tighly closed jars both featuring everted rims (fig. 4a-c). Alo distinctive but much less common are broad basins (fig. 4d). Open bowls and globular simple rimmed vessels are also present (fig. 4e-f). The most common decors are twisted twine roulettes (Twisted Tw) impressed or roulette cord-wrapped stick (ICS/CSR) and impressed netting (Net/Fabric) (Table 1). The latter motif is especially striking occurring both tightly applied to the vessel and loosely impressed. Highly distinctive but less common decor types include knotted twine roulettes (often featuring multiple knots) (fig. 4c) braided twine roulette (which produce a ""herringbone effect"") and a curious type of ""applied"" plastic decor. This latter motif features the semi-perforation of the pot with a blunt tipped object and a subsequent re-finishing of resultant voids and bulbs (fig. 4d). "" The site of Windé Koroji Ouest (WKO) the type site of the facies is located at the centre of the Windé Koroji complex in the vicinity of a seasonal Songhai hamlet.",Winde Koroji facies,,,,,,,"Description: ""Le faciès de Windé Koroji bien qu'apparenté aux faciès néolithiques de la vallée du Tilemsi offre plusieurs particularités. Il se caractérise au niveau de la céramique par des formes en ""chaudrons"" peu profonds et des jarres à ouverture réduite. La plupart des bords sont assez éversés. Les poteries sont en règle générale dégraissées à la chamotte et décorées au peigne fileté souple à la cordelette roulée ou bien encore par impression de nattes ou de filets. L'industrie lithique est très particulière. Les armatiures de flèches salicyforme ou foliacées en silex prédominent au côté d'une industrie grossière sur grès. Les haches polies de tailles variable sont aussi présentes. Les sondages sir me soye de Windé Koroji ont révélé deux structures pratiquement affleurante : le fond d'une hutte circulaire et une petite fosse remple de matériel. Les restes de faune comprennent des bovins des ovicaprins un grand nombre de mammifères sauvages et des poissons adaptés aux eaux peu profondes. Les meules sont abondantes. Les restes de paléoflore ont livré des espèces sauvages et quelques graines de Pennisetim sp. vraisemblablement domestique. Une économie pastorale semble pouvoir être rattachée au faciès Windé Koroji. """,,,,,,,,,,,,,,,,,,,,,,,,,
,,,,,,Zampia facies,,,,,,,"Description: ""Zampia tradition ceramics were recovered from the Zampia Tumulus Fields all sites of the Douentza complex and from within Windé Koroji Tumulus n°5. On the basis of the single radiocarbon date available(see below) and the absence of chipped stone object at the sites the Zampia tradition would appear to be the lineal successor to the Windé Koroji tradition with which it shares many features. The Zampia ceramic tradition is distinguished from that of Windé Koroji by a marked increase in the use of cord-wrapped stick roulette (CSR) and a decrease in the employment of twisted and knotted twone roulettes (Table 1). Twine impressions and roulettes alond the lips of vessels also cease. Addtionally two new vessel shapes are added large open bowls with inwardly-thickned rims (fig. 5e-f) and a new less-restricted jar shape (fig. 5a). If anything the canon of the decor placement seems even more standardized than with Windé Koroji tradition. [description of ceramics]""",,,,,,,,,,,,,,,,,,,,,,,,,
Tombouze tradition,,,,,~500 BCE - present,Tombouze early period,Tombouze phase 1,,,,,,"""Early Period (Phase 1) : 500 BC-100 AD"" ""Timbuktu’s prehistoric phase (c . 500–400 BC to c . AD 900–1000)"" The most common decorative technique in Period/Phase 1 is twine impression (see Figure 6.21). Over 50% of the sherds from this Phase are decorated with twine alone. About 9% of sherds from this phase have fine channeling along the lip of the rim. When Twine is present on the early sherds it is often incorporated onto the lip of the rim (see Figure 6.35) as well as the shoulder and body. Twine 6/7 is by far the most common technique in the Phase and indeed within all other phases at Tombouze. Later in Period/Phase 1 black paint is applied to the outer surface but this is a relatively uncommmon occurrence.""",,,,,,,,,,,,,,,,,,,,,,,,,
,,,,,,Tombouze middle period,Tombouze phase 2 and 3,,,,,,"Middle Period (Phases 2 + 3) : AD 100-650"" ""Timbuktu’s prehistoric phase (c . 500–400 BC to c . AD 900–1000)"" ""Phase 2 (AD 100-430): Like Phase 1 before it the pottery assemblage from this phase is primarily comprised of closed vessels in the form of restricted globular jars. However the rim forms from Phase 2 are quite different than Phase 1"". ""Phase 3 is much the same as Phase 2. The only difference is that Rim E1.1 is introduced to the assemblage for the first time and seems to be time sensitive to Phase 3. Also it is in Phase 3 that very large and open serving vessels appear"".",,,,,,,,,,,,,,,,,,,,,,,,,
,,,,,,Tombouze late period,Tombouze phase 4 and 5,,,,,,"Late Period (Phases 4 + 5) : AD 650-1000"" ""Timbuktu’s prehistoric phase (c . 500–400 BC to c . AD 900–1000)"" ""The pottery assemblage from Phase 4 changes drastically from Phase 3. At TBZ1 where Phase 4 lies directly on top of Phase 3 the change occurs immediately after the end of Level 5. Simple open rims dominate the assemblage and about 78% of the assemblage is comprised of open vessels. This is a major change from Periods 1 and 2 where the most common type of vessel wad restricted. The most common type of rims is Rim H which makes up 44µ of the assembkages alone. These rims are long and everted. They often have deep and thick channeling (probably made by fingers as the rim is formed on a slow wheel). This vessel for is used for multiple activities (storage cooking and perhaps serving) and they come in all sizes. Rim H vessels (also known as 'long everted rim vessels"") are all highly constricted at the neck are usually carinated at the widest part of the body and all have rounded bases (see Figures 6.43 and 6.44). Many were found within hearth and other domestic contexts. Others were found associated with grave contexts. Able to be used in multiple circumstances and contexts Rim H vessels semm to be the Swiss-army knife of vessel type found at Tombouze."" ""It is in Phase 4 that obvious signs of cooking vecome common in the assembkage. About 28% of the vessels from Phase 4 show signs of cooking up from about 5% in either the Early and MIddle Periods. Also the ceramic paste becomes coarser the amount of the fine wares decreases to the lowest numbers observed at Tombouze. The decorative motifs are quite beautiful in Phase 4. Small restricted carinated pots (Rim I) often have triangularly-zoned and sequential bands decorated with the fine comb impressions just above the carination. Overall the quality of Phase 4 pots is quite impressive suggesting that a highly advanced style was brought into the region from somewhere else. However it is too early in our research efforts to suggest where the pottery may have come from""",,,,,,,,,,,,,,,,,,,,,,,,,
,,,,,,Tombouze recent period,Tombouze phase 6 and 7,,,,,,"Recent Period (Phase 6/7): AD 1000-Present ""Phase 6/7 (AD 1000-Present): The most recent ceramic assemblages at Tombouze were not discovered during the excavations at either TBZ1 and TBZ2. However a number were recovered as surface finds during the intensive survey of the region. The Phase 6/7 ceramics (Phase 6 belonging to the time before the introduction of the tobacco pipe to West Africa in 1591) Phase 7 belonging to the time after 1591 which coincides with the general decline of historic Timbuktu are comprised of stamped and stabbed plastic designs. They do not have the fine fabric observed in the Early Period. They do not have the complex painted geometric designs of the Middle Period and none of the red slipped and burnished surface treatments of the Late Period. Moreover the rim styles are completely different and are often very constricted small and with heavily thickened rims.""",,,,,,,,,,,,,,,,,,,,,,,,,
Timbuktu,,,,,,Timbuktu pre-historic phase,,,,,,,"""the prehistoric period is considered to end in the eighth century AD with the rise of the Ghana Empire and the influx of Islam from the north.""",,,,,,,,,,,,,,,,,,,,,,,,,
,,,,,,Timbuktu medieval,,,,,,,~200 CE - ~1700 CE,,,,,,,,,,,,,,,,,,,,,,,,,
,,,,,,Timbuktu post medieval,,,,,,,~1700 CE - ~ 1900CE,,,,,,,,,,,,,,,,,,,,,,,,,
Malian Lakes Region,MLR,,,,"Date range: ~250CE - ~1200 CE. Description: "" the proposed chronology suggests a long occupation of the MLR between the first millennium BC and second millennium AD"".",Malian Lakes Region early phase,,,,,,,"Description: ""The Early assemblage between 500 BC and AD 200 was characterized by unslipped sand-tempered roulette-impressed pottery recovered from Fati3. This variety is common to Late Stone Age/Early Iron Age sites thoughout the Sahara and Sahel. Park (2012) found this type in Tombouze phase 1 between 500-400 BC and AD 120-330. Mauny collected several examples from an unnamed site 800m east of Goundam (IFAN-SO-52-39) and Tondiarou (IFAN-MAL-55-48) presumably from basal levels. Several thick-rimmed vessels with simple roulette impressions along the inetrior lip and exterior resemble the Faïta Facies indentified in the Méma (MacDonald et al. 2003) and the Bandiagara escarpment (Bedaux & Lange 1983).""",,,,,,,,,,,,,,,,,,,,,,,,,
,,,,,,Malian Lakes Region middle phase,,,,,,,"Description: ""he Middle assemblage from approximately AD 200-1000 was the most diverse and widepsread having been recovered from Fati4 Fati6 Fati7 and Fati9. Everted rim vessels with ribbing/channelling and red slip were the most numerous examples. These vessels were also burnished in small but significant numbers. Rocovered at both Gao Ancien and Tombouze these are characteristic of assemblage dating to the second half of the fisrt millenium AD (Insoll 2000; Park 2012). Other burnished wares with geometric comb impressions with a 'checkerboard' pattern of slipped and unslipped areas from the Ghourma Rharous Middle assemblage have been found around Lake Fabuibine (IFAN-MAL-55-39-4). Triangular or arced comb impressions over red burnished surfaces have been found at Djim-Djim (IFAN-MAL-55-45) El Oualadji and Killi (Lebeuf & Paques 1970: 28) and in the Gourma-Rharous (McIntosh & McIntosh 1985). These burnished comb-impressed sherds are potentially examples of the terminal Middle phase as they have been elsewhere dated to the turn of the second millennium AD (McIntosh & McIntosh 1985: 35).""",,,,,,,,,,,,,,,,,,,,,,,,,
,,,,,,Malian Lakes region recent phase,,,,,,,"Description: ""Recent assemblage ceramics were recovered in low numbers from sites Fati6 Fati8 and Fati9. Red-slipped simple open and everted rims as well as beaded rims closely resemble those of the Recent assemblage found in the Timbuktu region defined by McIntosh and McIntosh (1985). Examples include stabbing fingernail impressions and braided roulettes. Although not recovered during the survey tobacco pipes have often been associated with Recent assemblage ceramics in other regions at sites corresponding to modern villages. The limited presence of these ceramics in the Gorbi Valley may be evidence that the region was sparsely inhabited possibly in decline during the sixteenth century. For this reason this phase has been dated to AD 1000–1600.""",,,,,,,,,,,,,,,,,,,,,,,,,
Tongo Maare Diabal tradition,TMD,Gourma,,,"Description: ""The site of Tongo Maaré Diabal (TMD) is a habitation mound of approximately 3 to 4.5 m in elevation and 9 ha in extent. TMD was occupied from 500 CE to 1150 CE and is thus contemporary with a major expansion of urbanism in the Middle Niger as well as being situated on the periphery of the two largest known West African polities of the era: Ghana/Wagadu (c.AD 400–1100) and Kawkaw/Gao (c.AD 700–1100) """,Tongo Maare Diabal A facies (ceramic),,,,,,,,,,,,,,,,,,,,,,,,,,,,,,,,
,,,,,,Tongo Maare Diabal B facies (ceramic),,,,,,,,,,,,,,,,,,,,,,,,,,,,,,,,
Bandiagara tradition,Dogon Country,,,,,Bandiagara Cliff tradition,,,,,,,,Toloy phase 1,,,,,,,"~800 BCE - ~10 CE. ""Description: sherds trapped in granary walls two terminus post quem dates of 800 BC – 10 AD""",,,,,,,,,,,,,,,,,
,,,,,,,,,,,,,,Early Tellem phase,Tellem phase 2,Tellem phase 3,,,,,"Description: ""ritual funerary ceramics four dates on bone of 1030–1430 AD""",,,,,,,,,,,,,,,,,
,,,,,,,,,,,,,,Tellem phase 4,,,,,,,,,,,,,,,,,,,,,,,,
,,,,,,Bandiagara Plateau tradition,,,,,,,,,,,,,,,,,,,,,,,,,,,,,,,,
,,,,,,Dogon,,,,,,,13th century AD - present,,,,,,,,,,,,,,,,,,,,,,,,,
,,,,,,Pre-Dogon,,,,,,,7–13th century AD,,,,,,,,,,,,,,,,,,,,,,,,,
Bronze Age (Eastern Africa),,,,,,Bronze Age (Northern Ethiopia),,,,,,,,Aksumite culture,,,,,,,The Aksumite Culture has a ceramic tradition which is widespread in central Tigray. It begins with an early phase which dates before the political unit which we know from written sources. The ceramic tradition of central Tigray (c. 1000 BC–AD 700) is represented by several sites around Yeha and Aksum (Michels 2005; Sernicola 2008). This region has been more extensively investigated and a reasonably solid cultural sequence has been outlined from the combined results of the stratigraphic sequence of the ceramics radiocarbon dating of almost fifty charcoal samples cross-dating on fragments of foreign vases and glass artefacts and coins.,Classic Askumite phase,Aksumite 2,,,,,,Classic Aksumite phase ceramic assemblages are characterized by round basins with a ledge rim and foot-rings globular jars with high neck small bowls with foot-rings and a ledge rim often decorated with vertical corrugations alternating with bands of incised diamonds.,Endybis,Daku,,,,King of Aksumite prior to mid-6th century AD,,,
,,,,,,,,,,,,,,,,,,,,,,Early Aksumite phase,Askumite 1,,,,,,The Early Aksumite phase (c. 50 BC–AD 150). The palaces at Aksum show a progressive increase in size from this period. In the Early Aksumite phase the shaft tombs were covered by stone platforms and were associated with carefully carved stelae. There is a continuity in material culture (particularly ceramics and funerary stelae) between the Proto-Aksumite and Early Aksumite phases at Aksum. Finally imported artefacts mainly glass vessels and beads from Aksum point to contacts with Egypt Gaul India and Nubia in the Early Aksumite phase. Early Aksumite ceramic assemblages are generally characterised with orange basins with a ledge rim and foot-rings footwashing basins square basins with architectural decorations globular jars with a high neck small bowls with foot-rings and a ledge rim and cups with a small vertical strap handle sometime decorated with vertical corrugations on the whole surface of bowls and jars.,GDR,Gadarat,,,,The earliest incontrovertible and dateable mention of an Askumite King dates to about 150years later and occurs not in Askum itself but from Addi Gelamo in the eastern highlands of Tigray. GDR (Ge'ez inscription) or GDRT (inscriptions from southern Arabia) = GDR king of Askum. An estimated date of this inscription is given to c. 200 AD.Phillipson (2012) suggests that the Aksumite Kingdom may have developed by the end of the 2nd century AD.,,,
,,,,,,,,,,,,,,,,,,,,,,Middle Aksumite phase,Aksumite 3,,,,,,Period between the mid-4th and the early-7th centuries AD saw Askum florescence under Christian rule. Middle Aksumite phase ceramic assemblages are characterized by cups with a ledge rim open bowls and basins sometime decorated with a cross.,Kaleb,LZN,,,,King of Aksumite prior to mid-6th century AD,,,
,,,,,,,,,,,,,,,,,,,,,,Late Aksumite phase,Aksumite 4,,,,,,Byzantine and Aksumite Empires maintained close contact. Domestic pottery assemblages characterized by well-fired pink ware and decorated with Christian crosses.,,,,,,,,,
,,,,,,,,,,,,,,,,,,,,,,Proto-Aksumite phase,Northern Horn Aksum 4th Century BC,,,,,,The period immediately prior to the emergence of the Aksumite Kingdom. Material evidence of this period including ceramics and funerary monuments are already Aksumite in style but have distinctive traits from later Aksumite ones. This includes stone platforms associated with stelae and pit graves. In the Later Proto-Aksumite phase the monoliths become larger in size. Proto-Aksumite ceramics are characterized by very fine and hard farbrics mostly orange ware with decoration being rare.Flaked stone tool industry continues to be present along with evidence of domestic livestock including cattle sheep and goats and Near Eastern domestic crops including emmer wheat free-threshing wheat barley lentil and linseed/flax and with less certainty the Ethiopian/Eritrean domesticated crop of tef (t'ef). Included in this time phase is the presence of imported glass beads with possible origins to Ptolemaic Egypt. It was also during this time period which saw the increase of Egyptian activity on the African Red-Sea coast. The Ptolemaic dynasty of Macedonian-descended Kings who ruled Egypt from the end of the 4th century BC actively sought African war elephants mounting expeditions along the Red Sea for that purpose.Funerary evidence suggests contacts with the Kingdom of Kush (Napata/Meroe) in the Middle Nile Valley of Suday. Iron and bronze (although not in frequency) indicate links with Meroitic and Post-Meroitic Kingdoms of the late 1st Millennium BC and mid-1st Millennium AD. The origins of the Aksumite Kingdom might be traced directly back to this phase particularly at Beta Giyorgis hill. Debate exists over the end of the Proto-Aksumite period. Fattovich (2010) suggests at 40 BCE end date and Phillipson (2012) suggests at date of around 120 BCE.,,,,,,,,,
,,,,,,,,,,,,,,Pre-Aksumite period,Pre-Aksumite,Northern Horn Aksum 9th - 4th Centuries BC,Ethio-Sabaean Kingdom,,,,"Definition 1: Between the 9th and 4th centuries BC before Aksumite civilisation arose architecture inscriptions and material culture in the highlands of the Northern Horn attest religious practices of southern Arabian affinity. Non-elite settlements including at sites Mai Temenai SembelMai Chiot Ona Gudo Kidane Mahre and Giyorgis Hill to name a few are indicative of a strong continuity from earlier times. Sites include pottery flaked stone artefacts and farming economy with architecture (stone built homesteads) deriving from local inspiration. Elite settlements also occur mostly in the form of temples. These mostly served religious functions and built typically of the Sabaean Style of southern Arabia. Inscribed stonework dedicated to Almaqah (southern Arabia moon god) are also present. Stelae are also found sometimes associated with grave shafts or tombs which continue to be present until Christian times. In terms of material culture pottery was hand-made modestly decorated or undecorated. Tall flared mouth vessels (sometimes referred to as 'Torpedo-shaped' vessels or 'Form 4100 Jars' are present. Copper and copper-alloy is often found as objects mostly linked to personal adornment. As yet there is limited evidence for copper working apart from one site Hara Hot north of Asamara.Iron is absent during this period. Subsistence has been attributed mainly to pastoralism and cultivation in the form of cattle sheep and goats as well as emmer wheat barley and less confidently with tef (t'ef). There are few 'Group 1' type inscriptions otherwise referred to as 'Sabaean Inscriptions' with most inscriptions belonging to 'Group II' or 'Old Ethiopic'. Based on inscriptions it has been tentatively suggested that the earliest kingdoms developed in the Northern Horn came from Askum-Yeha region. Polities were mostly localised short-lived and non-inclusive. (Source: D.W. Phillipson. 2012. Foundation of an African Civilisation: Askum & the Northern Horn 1000 BC - AD 1300. Suffolk James Currey).Definition 2: The ceramic tradition of central Tigray (c. 1000 BC–AD 700) is represented by several sites around Yeha and Aksum (Michels 2005; Sernicola 2008). This region has been more extensively investigated and a reasonably solid cultural sequence has been outlined from the combined results of the stratigraphic sequence of the ceramics radiocarbon dating of almost fifty charcoal samples cross-dating on fragments of foreign vases and glass artefacts and coins. Two main periods of cultural development have been distinguished: the Pre-Aksumite Period (c. 1000/900–400/300 BC) and the Aksumite Period (c. 50 BC–AD 700)""",Early Pre-Aksumite phase,,,,,,,An early phase of the Pre-Aksumite Period characterized by the presence of red–orange bowls and jars red–orange bowls with a grey rim light orange ‘amphorae’ and jars and dark red jars and ‘bottles’.,Da'amat Kingdom,Dmt Kingdom,Daamat Kingdom,Dmt Kingdom,D'MT,Polity established linking the highland areas of Tigray and Eritrea and South Arabia. By the latter part of the first millennium BCE the South Arabian-influenced kingdom had disappeared.,,,
,,,,,,,,,,,,,,,,,,,,,,Middle Pre-Aksumite phase,,,,,,,The Middle Pre-Aksumite phase (c. 700/600–400 BC) is characterized by red–orange bowls and jars sometime with a grey rim dark red jars with a long neck black topped bowls and basins light orange jars and brown jars.,,,,,,,,,
,,,,,,,,,,,,,,,,,,,,,,Late Pre-Aksumite phase,,,,,,,Definition 1: Late Pre-Aksumite Ceramics are haracterized by red–orange bowls and red-brick jars with a cylindrical neck. Definition 2: The Late Pre- Aksumite phase (c. 400/300 BC) characterized by red–orange bowls and red-brick jars with a cylindrical neck.,,,,,,,,,
,,,,,,Bronze Age (Sudan),,,,,,,A broader term applied from the Eurasian Three Age System to Sudan (due to connections with Egypt along the Nile). Characterised primarily by the presence of bronze metallurgy as well as other changes variable on specific subregions. Dates given are widest possible for whole area - they vary across regions. 3700BCE - 1450BCE.,Bronze Age (Lower Nubia),,,,,,,"A broader term for the ""Bronze Age"" period within Lower Nubia generally split into the ""A-Group"" and ""C-Group"" cultural phases - the formerly defined ""B-Group"" phase has been since called into question. 3700BCE - 1550 BCE",A-Group (Lower Nubia),,,,,,,"The first cultural phase generally recognised for the Bronze Age of Lower Nubia. Cultivated various domestic plants and maintained domesticated sheep goats and cattle as well as hunting gathering and fishing. Some pottery styles similar to both Egypt in the North and to Upper Nubia in the South as well as a distinct ""eggshell ware"". Most excavation so far has focused on burials with the period particularly characterised by flexed position burials with varying grave goods. Group suddenly disappears shortly after the unification of Egypt and there is limited evidence for occupation of the area before the C-Group is visible. 3700-2800BC",Classic A-Group (Lower Nubia),Middle A-Group (Lower Nubia),,,,A sub-period of the A-Group as based mainly on the chronology of Egyptian artefacts found within A-Group assemblages (as a result of which it is problematic and unclear). The Classic/Middle A-Group is contemporary with Naqada IId2-IIIa2. 3250BCE - 3150BCE,,,
,,,,,,,,,,,,,,,,,,,,,,,,,,,,,,Early A-Group (Lower Nubia),,,,,A sub-period of the A-Group as based mainly on the chronology of Egyptian artefacts found within A-Group assemblages (as a result of which it is problematic and unclear). The Early A-Group is contemporary with later Naqada I and Naqada IIb IIc and IIdi. 3700BCE - 3250BCE,,,
,,,,,,,,,,,,,,,,,,,,,,,,,,,,,,Terminal A-Group (Lower Nubia),Late A-Group (Lower Nubia),,,,A sub-period of the A-Group as based mainly on the chronology of Egyptian artefacts found within A-Group assemblages (as a result of which it is problematic and unclear). The Late/Terminal A-Group is contemporary with Naqada IIa2 and Dynasties 0 1 and 2. 3150BCE - 2800BCE,,,
,,,,,,,,,,,,,,,,,,,,,,C-Group (Lower Nubia),,,,,,,C-Group people were pastoralists in Lower Nubia with a distinct material culture most conspicuous through cemeteries pots and decorated bodies. They are believed to have formed an identity in contrast to contemporary Egyptians and were occupied by the Egyptians from 1937-1725BCE. They appear to have accultured to Egyptians at the end of this period. 2500BCE - 1500BCE,Early C-Group (Lower Nubia),,,,,A sub-period of the C-Group (after Török) as based on historical association with Egyptian dynasties (the 6th-8th of the Old Kingdom and the 2nd intermediate period) and the subperiods of Kerma (part of Early Kerma). 2500BCE - 2050BCE,,,
,,,,,,,,,,,,,,,,,,,,,,,,,,,,,,Middle C-Group (Lower Nubia),,,,,A sub-period of the C-Group (after Török) as based on historical association with Egyptian dynasties (the 11th-early 13th of the Middle Kingdom) and the subperiods of Kerma (Middle Kerma). 2050BCE - 1750BCE,,,
,,,,,,,,,,,,,,,,,,,,,,,,,,,,,,Late C-Group (Lower Nubia),,,,,A sub-period of the C-Group (after Török) as based on historical association with Egyptian dynasties (the developed 13th of the Middle Kingdom and the 2nd Intermediate Period) and the subperiods of Kerma (the first part of Classic Kerma). 1750BCE - 1550BCE,,,
,,,,,,,,,,,,,,Bronze Age (Upper Nubia),,,,,,,"A broader term for the ""Bronze Age"" period within Upper Nubia generally defined by the Kerma culture and its precursor the Pre-Kerma. The Kerma (although possibly not the Pre-Kerma) is also defined as part of a broader Kingdom of Kush the first polity referred to as such but due to the discontinuity between this Kingdom and the later Kingdom of Kush centred around Napata and Meroe they have been defined separately here. 3500BCE - 1450 BCE.",Pre-Kerma,,,,,,,The Pre-Kerma is a cultural period in Upper Nubia preceding the Kerma civilisation and with many similar characteristics. It also has some similarities to the A-Group of Lower Nubia especially regarding pottery.,Early Pre-Kerma,Pre-Kerma Early Phase,,,,First period of Kerman culture. Territorial authority seemingly divided but with Kerma itself as leading power. May have been the period during which the great Deffufa was built at Kerma (Bonnet 2004). Also known as Kerma Ancien.,,,
,,,,,,,,,,,,,,,,,,,,,,,,,,,,,,Middle Pre-Kerma,Pre-Kerma Middle Phase,,,,Second period of Kerman culture. Kerma town is greatly expanded during this time reflecting its importance as a major centre. Also known as Kerma Moyen or very occasionally Old Kush II.,,,
,,,,,,,,,,,,,,,,,,,,,,,,,,,,,,Recent Pre-Kerma,,,,,The development of the pottery style continues in the Recent Pre-Kerma. The pottery is similiar to the Middle Pre-Kerma. It is polished has a black top und it is rippled limited to the rim. Additionally there is a geometric incised pattern. The artefacts show similiarities to sites between the second and the fourth cataracts.,,,
,,,,,,,,,,,,,,,,,,,,,,Kingdom of Kerma,Kerma,,,,,,Definition 1: The kingdom of Kerma is a political entity which dominated Upper Nubia from ca. 2500 to 1500 BC. Its political centre is the city of Kerma which has extensive fortification and ritual buildings. Egypt conquers the kingdom of Kerma in the 18th dynasty after several campaigns. Around 1500 BC Kerma is destroyed and its burial ground is deserted. Definition 2: A culture based around the site of Kerma (named after a modern village in the same location) generally regarded as a precursor to the later Kingdom of Kush. It has multiple sub-periods. The central site of Kerma was eventually destroyed in the 15th century BC.,Classic Kerma,,,,,Third period of Kerman culture simultaneous with rise of First Empire of Kush. Also known as Kerma Classique.,,,
,,,,,,,,,,,,,,,,,,,,,,,,,,,,,,Early Kerma,Kerma Ancien I,,,,First period of Kerman culture. Territorial authority seemingly divided but with Kerma itself as leading power. May have been the period during which the great Deffufa was built at Kerma (Bonnet 2004). Also known as Kerma Ancien.,,,
,,,,,,,,,,,,,,,,,,,,,,,,,,,,,,Middle Kerma,Kerma Ancien II,,,,Second period of Kerman culture. Kerma town is greatly expanded during this time reflecting its importance as a major centre. Also known as Kerma Moyen or very occasionally Old Kush II.,,,
,,,,,,,,,,,,,,,,,,,,,,,,,,,,,,Late Kerma,Post-Classic Kerma,,,,Late Kerma is a period of transition where the culture of Kerma disappears after Nubia was conquered by Egypt.,,,
,,,,,,,,,,,,,,,,,,,,,,Kingdom of Kush,Kushite,,,,,,An independent kingdom native to Kush (Nubia) emerging after the end of the Egyptian New Kingdom occupation in the Middle Nile Region and existing as a political unit until the AD 5th century.,Napatan,Napata,,,,Period of Kushite dynasty in which the kings of Kush were buried at Napata on the Fourth Cataract. The first part of this period during the 25th Dynasty in Egypt is distinct in a variety of ways from the rest of this period and so is sometimes considered not part of the Napatan period but as it sometimes is it is included within this period.,Early Napatan period,,Sudan Lower Wadi Howar Gala Abu Ahmed fortress
,,,,,,,,,,,,,,,,,,,,,,,Kushite Kingdom,,,,,,,post Meroitic,Post-Meroitic,,,,"A transitionary period between the Meroitic kings when the later ""Medieval"" kingdoms of Sudan (Makuria Nobatia Alodia) were being established where there is less direct evidence for significant centralised power.",Alodia (Central Sudan),Alwa,A kingdom in southern Central Sudan centering on Soba near the Nile confluence. Southernmost of the 'Nubian' kingdoms. Also known in Arabic as ‘Alwa’
,,,,,,,,,,,,,,,,,,,,,,,,,,,,,,,,,,,,Makuria (Upper Nubia),,A kingdom centred on Old Dongola in the Dongola Reach in Upper Nubia which became dominant over the rest of Nubia from around the 7th to 14th centuries AD. Located in the middle of the ‘Nubian’ kingdoms.
,,,,,,,,,,,,,,,,,,,,,,,,,,,,,,,,,,,,Nobatia,,A kingdom in Lower Nubia established around the 3rd century AD. Northernmost of the 'Nubian' kingdoms. Later it was conquered by Makuria in the 7th century AD.
,,,,,,,,,,,,,,,,,,,,,,,,,,,,,,Meroitic,Meroe,,,,The Meroitic period at times also called the Meroitic Dynasty of Kingdom was born from the political consequences of the organisation of the exotic trade between Lower Nubia and Egypt after the latter acquired control over Lower Nubia between the First and Second Cataracts. The Egyptian occupation of Lower Nubia and the organisation of the trade route along the Nile contributed to the development of the settlement chain in the Nile Valley north and south of the Second Cataract. The Meroitic period starting with Arkamaniqo's reign is characterized by a proportionate development of the kingdom as a whole and not only its southern regions. Many changes and developments happened during this period notably the move of the royal burial site from the region of Napata to that of Meroe city and the development of the Meroitic hieroglyphs.,,,
Medieval (Eastern Africa),,,,,,Medieval (Ethiopia),,,,,,,Archaeology increasingly attests the complex and cosmopolitan nature of societies in medieval Ethiopia (c. seventh to early eighteenth centuries AD). Four religious traditions are relevant to this theme: Islam Judaism. Christianity and Indigenous religions. Ethiopia's medieval archaeology is much less well known than the prehistory of the country.,Gondarene period,,,,,,,Characterised by its Gondarene architecture and castles.,,,,,,,,,,,,,,,,,
,,,,,,,,,,,,,,Jesuit presence (Ethiopia),,,,,,,Jesuit missions in Medieval Ethiopia,,,,,,,,,,,,,,,,,
,,,,,,,,,,,,,,Medieval Christian (Ethiopia),,,,,,,Christianity has tended to dominate narratives of medieval Ethiopia because of its long history and links with the Solomonic Dynasty which reigned from the late thirteenth century. A further factor was its unique character: Ethiopian Christianity developed its own distinctive Indigenous traditions that attracted external attention. Christianity was extended into the countryside in the late fifth century by the arrival of monks from the Eastern Mediterranean. Lalibela is an important site.,,,,,,,,,,,,,,,,,
,,,,,,,,,,,,,,Medieval Islamic (Ethiopia),,,,,,,Muslim polities developed in Ethiopia. The state of Shewa c. AD 896/897–1285 for example was centred to the north-east of modern Addis Ababa. It was absorbed by the Ifāt Sultanate which gave way in 1420 to the Sultanate of Adal. A strong regional Islamic identity developed in Ethiopia.,Sultanate of Adal (Harar),,,,,,,Harar was the capital of the sultanate of Adal the last of the three major Islamic Sultanates that existed in medieval Eastern Ethiopia.,,,,,,,,,
,,,,,,,,,,,,,,,,,,,,,,Sultanate of Ifat (Harar),,,,,,,The Sultanate of Ifat was a medieval Sunni Muslim state between the late 13th century and early 15th century. Led by the Walashma dynasty it absorbed the Sultanate of Shewa.,,,,,,,,,
,,,,,,,,,,,,,,,,,,,,,,Sultanate of Shewa (Harar),Sultanate of Shoa (Harar),,,,,,The Shewa sultanate was one of the oldest documented Muslim states in the Harar region.,,,,,,,,,
,,,,,,,,,,,,,,Solomonic Dynasty,Ethiopian Empire,,,,,,,,,,,,,,,,,,,,,,,
,,,,,,,,,,,,,,Zagwe Dynasty,,,,,,,,,,,,,,,,,,,,,,,,
,,,,,,Medieval (Sudan),,,,,,,"A period in which the Middle Nile was ruled by 2-3 major kingdoms all of which had converted to Christianity by the late 6th century AD. While the term ""Medieval"" draws arguably problematic parallels to Europe and the Middle East and the term ""Christian"" is somewhat reductive and ignores the part of this period where these kingdoms were not primarily Christian the two are the only major terms used to refer to this period.",Nobatia,,,,,,,A kingdom in Lower Nubia established around the 3rd century AD. Northernmost of the 'Nubian' kingdoms. Later it was conquered by Makuria in the 7th century AD.,,,,,,,,,,,,,,,,,
,,,,,,,,,,,,,,Kingdom of the Blemmeyes,,,,,,,Group inhabiting Eastern Sudan roughly contemporary with Nobatia. Known from Egyptian texts that mention them and visible in the archaeological record.,,,,,,,,,,,,,,,,,
,,,,,,,,,,,,,,Medieval Nubia,,,,,,,"A period in which the Middle Nile was ruled by 2-3 major kingdoms all of which had converted to Christianity by the late 6th century AD. While the term ""Medieval"" draws arguably problematic parallels to Europe and the Middle East and the term ""Christian"" is somewhat reductive and ignores the part of this period where these kingdoms were not primarily Christian the two are the only major terms used to refer to this period.",,,,,,,,,,,,,,,,,
,,,,,,,,,,,,,,,,,,,,,,Christian Kingdoms of Nubia,,,,,,,,,,,,,,,,
,,,,,,,,,,,,,,,,,,,,,,Classic Christian Period (Nubia and Sudan),,,,,,,The term covers the period in Nubia and Sudan from AD 850-1100. It is subdivided into an earlier and a later phase designated Classic Christian Period I (AD 850-1000) and Classic Christian Period II (AD 1000-1100) respectively.,,,,,,,,,
,,,,,,,,,,,,,,,,,,,,,,Early Christian Period (Nubia and Sudan),,,,,,,The term covers the period in Nubia and Sudan from AD 550-850. It is subdivided into an earlier and a later phase designated Early Christian Period I (AD 550-700) and Early Christian Period II (AD 700-850) respectively.,,,,,,,,,
,,,,,,,,,,,,,,,,,,,,,,Kingdom of Dotawo,,,,,,,A small Christian kingdom based at Jebel Adda whose rulers until c.1365 were lesser kings under broader rule of the kingdom of Makuria.,,,,,,,,,
,,,,,,,,,,,,,,,,,,,,,,Late Christian Period (Nubia and Sudan),,,,,,,The term covers the period in Nubia and Sudan from AD 1100-1400. It is subdivided into and earlier and later phase designated Late Christian Period I (AD 1100-1300) and Late Christian Period II (AD 1300-1400) respectively.,,,,,,,,,
,,,,,,,,,,,,,,,,,,,,,,Terminal Christian Period (Nubia and Sudan),,,,,,,The term covers the period in Nubia and Sudan from AD 1400-1500.,,,,,,,,,
Medieval (Senegal and Gambia),,,,,,,,,,,,,,,,,,,,,,,,,,,,,,,,,,,,,,
Later Islamic period (Sudan),,,,,This period is the era of the last great Islamic Empires. The Ottoman Empire which had started as a small Turkic state in Anatolia in the early fourteenth century emerged in the second half of the fifteenth century as a major military and political force. The Ottomans conquered Constantinople in 1453 and the Mamluk Empire in 1517. They dominated much of Anatolia the Balkans the Near East and North Africa until the dissolution of the Ottoman Empire after World War I. The Safavids who established Shia Islam as the dominant faith of Iran ruled from 1501–1722 and were the greatest dynasty to emerge from Iran. The other great dynasty that oversaw a remarkable artistic and architectural output was the Mughals. Founded by Babur the Mughals (c. 1526–1858) ruled over the largest Islamic state in the Indian subcontinent.,Ottoman presence (River Nile),,,,,,,Parts of Northern Sudan were occupied by the Ottoman Empire from the 1560s mainly forts along the Nile,Eyalet of Habes,,,,,,,The area of the Red Sea coast particularly around the long-lasting coastal trading towns of Suakin and Masawwa was conquered over the 16th century CE by the Ottomans and administered from across the Red sea as part of the Eyalet of Habes/Habesh beginning in the mid 16th century. 1517CE - 1880CE,,,,,,,,,,,,,,,,,
,,,,,,,,,,,,,,Turkiyya,Ottoman Sudan,Egyptian Sudan,,,,,In 1820 Muhammad Ali conquered much of the rest of Sudan - the Ottomans had previously only conquered parts of Northern Sudan and the Red Sea coast. 1820CE - 1880CE,,,,,,,,,,,,,,,,,
Post-Medieval (Eastern Africa),,,,,,Post-Medieval (Nubia),,,,,,,After the disintegration of Makuria the North of Sudan was ruled by various separate small feudal principalities which over time mostly converted from Christianity to Islam. These principalities continued to exist until the Ottoman conquest in 1820 and their rulers were often called Danaqla after the important city of Dongola. Similar events also occurred in the South although beginning slightly later after the disintegration of Alodia/Alwa and ending earlier with their coalescence under the 'Abdallab and then the Funj Sultanate. 1300CE - 1820C,Abdallab (Nubia),,,,,,,The various Arab tribal federations in post-Alodia central and southern Sudan were united by 'Abdallah Jamma in the late 15th century CE before soon after being conquered by the Funj people from further south in the 16th century CE. 1475CE - 1504CE,,,,,,,,,,,,,,,,,
,,,,,,,,,,,,,,Funj Sultanate,Sultanate of Senna,Sultanate of Sinnar,Funj Empire,Blue Sultanate,,,The Islamic sultanate of Funj (also given various other names) was founded in central and southern Sudan (around their capital of Sinnar/Sennar) in the 16th century CE seemingly by a federation of people from further south along the Nile referred to as the Funj. While coexisting with the Ottoman empire for a significant amount of time the sultanate was ultimately conquered by Ottoman/Egyptian forces in 1820 after a period of decline. 1504CE - 1821CE.,,,,,,,,,,,,,,,,,
,,,,,,,,,,,,,,Kingdom of Kokka,,,,,,,Post-Medieval possibly Christian kingdom about which very little is known.,,,,,,,,,,,,,,,,,
,,,,,,Post-medieval (Ethiopia),,,,,,,Archaeology of the post-medieval period in Ethiopia (including of the colonial period late Ethiopian Empire etc.),,,,,,,,,,,,,,,,,,,,,,,,,
,,,,,,Post-Medieval (Sudan),,,,,,,After the disappearance of the medieval Nubian kingdoms the following 500 years saw new kingdoms arise across the region the most important of which were the Funj Sultanate of Sinnar and the Sultanate of Darfur. Between and around these other smaller polities were developing for example in parts of Kordofan as well as in parts of southern Sudan. Within many riverine areas even if nominally controlled by the Funj local leadership was commonly in the hands of ‘tribal’ leaders often known as meks. As elsewhere within Sudanic Africa these kingdoms often had wide horizons they and their peripheries were increasingly tied into large-scale trading networks while also sharing wide ranging cultural ties forged through the spread of Islam. Use more specific type where known.,,,,,,,,,,,,,,,,,,,,,,,,,
Segou tradition,Bamana Segou tradition,Segoukoro tradition,,,"Description: ""This tradition has been recovered from every site associated by (p.39) oral tradition with the historical state of Segou. Its range of rim forms is limited (only everted thickened rims and pot lids) and its range of decoration is almost entirely different from Pre-Segovian assemblages. Likewise the paste of the Segou pottery tradition though also of tempered grog is relatively coarse with the common addition of small lateritic pebbles."" Date range: 1600 CE - 1861CE.",Segou Empire,,,,,,,~1700 CE - 1861 CE,,,,,,,,,,,,,,,,,,,,,,,,,
Mossi kingdom,,,,,"13–19th c. AD. ""These kingdoms expanded from the Niger River to the White Volta Basin. Mossi warriors exercised pressure on the Dogon of the Plain in the 15th century and controlled the territory up to today’s border of Mali and Burkina Faso causing the retreat of the Dogon to the Cliff.""",,,,,,,,,,,,,,,,,,,,,,,,,,,,,,,,,
Maroccan period,,,,,1591 CE - 1618 CE,,,,,,,,,,,,,,,,,,,,,,,,,,,,,,,,,
Taqali Kingdom (Kordofan),,,,,A kingdom in the Kordofan region active from the 19th to early 20th century.,,,,,,,,,,,,,,,,,,,,,,,,,,,,,,,,,
Anglo-Egyptian (Sudan),,,,,Colonial period where the British and the Egyptian Khedive established joint sovereignty over Sudan as outlined in the Condominium Agreement of 1899.,,,,,,,,,,,,,,,,,,,,,,,,,,,,,,,,,
Colonial and resistence period (Eastern Africa),,,,,,Italian colonial period (Ethiopia),,,,,,,Italian colonisation of Ethiopia. Outposts from the period have been studied.,,,,,,,,,,,,,,,,,,,,,,,,,
Colonial and Resistance period (West Africa),,,,,,,,,,,,,,,,,,,,,,,,,,,,,,,,,,,,,,
Colonial and Resistance period (Southern Africa),,,,,,,,,,,,,,,,,,,,,,,,,,,,,,,,,,,,,,
Historical period (Eastern Africa),,,,,,Independent states in modern Darfur,,,,,,,The period prior to 1916 when Darfur was ruled by various independent polities believing to have originated in the 12th Century CE (although this beginning is less clear). 1100CE - 1916CE,Daju Kingdom,,,,,,,"The first state in modern Darfur attested to by historical and oral sources. Believed to have been pagan. The earliest reference to a polity in the area are from 1154CE by al-Idrisi; O'Fahey estimates the ""Daju hegemony"" may have begun around this point in the 12th century CE. 1100CE - 1550CE",,,,,,,,,,,,,,,,,
,,,,,,,,,,,,,,Darfur Sultanate,Keira Fur Sultanate,,,,,,"The state in Darfur which displaced the preceding Tunjur and lasted (excluding the period of Ottoman occupation) until its final conquest by the British Empire. Ruled by the Fur people (which is the origin of the term ""Darfur"" meaning ""Land of the Fur"" in Arabic) specifically the Keira dynasty. Its foundation is unclear but at the earliest happened in the early 17th century CE (O'Fahey estimates the mid-17th century CE). 1600CE - 1916CE",,,,,,,,,,,,,,,,,
,,,,,,,,,,,,,,Tunjur Sultanate,,,,,,,The second state in modern Darfur attested to by historical and oral sources which conquered or in some other way displaced the preceding Daju. May have been founded by Arabs arriving from further North or East. The earliest historical reference to the polity is in 1550 but O'Fahey believes it may have been founded somewhat earlier. It was displaced by the Keira dynasty of the Fur people in probably by the mid-17th century CE possibly earlier. 1500CE - 1650CE.,,,,,,,,,,,,,,,,,
Historical period (Southern Africa),,,,,,,,,,,,,,,,,,,,,,,,,,,,,,,,,,,,,,
Historical period (West Africa),,,,,,Historical period (Senegal),,,,,,,Sites dating from this period can be found all over Senegal. But the most archaeologically rich are the sites of Gorée Diouboye Fort de Sénoudébou and Tata Almamy. A number of other sites in eastern Senegal (Toumboura Fete Sylla Pouindi and Koussa) and in the historic landscapes of the Petite côte de l'atlantique (Little Atlantic Coast).,Fulaadu phase VB (ceramic),,,,,,,The material culture specific to this period is found almost everywhere in Senegal. Ceramics one of the most characteristic materials are generally poorly made. The pastes were coarse and the finishes sketchy. Pottery therefore tends towards stylistic and decorative simplicity. The edges are generally simple and the lips are often flattened. Decorations are rare.,,,,,,,,,,,,,,,,,
,,,,,,,,,,,,,,Kare,,,,,,,This is the period of the emergence of the Fulani group.,,,,,,,,,,,,,,,,,
,,,,,,,,,,,,,,Late Kaabu (ceramic),,,,,,,The material culture specific to this period is found almost everywhere in Senegal. Ceramics one of the most characteristic materials are generally poorly made. The pastes were coarse and the finishes sketchy. Pottery therefore tends towards stylistic and decorative simplicity. The edges are generally simple and the lips are often flattened. Decorations are rare.,,,,,,,,,,,,,,,,,
,,,,,,,,,,,,,,Tomboura phase VC,,,,,,,This phase is characterised by the opening up of historic sites to the products of the Atlantic trade which are associated with local ceramics. Also the sites often reveal processes of recomposition of spaces and the habitat is increasingly fortified.,,,,,,,,,,,,,,,,,
,,,,,,,,,,,,,,Tonteko (ceramic),,,,,,,The material culture specific to this period is found almost everywhere in Senegal. Ceramics one of the most characteristic materials are generally poorly made. The pastes were coarse and the finishes sketchy. Pottery therefore tends towards stylistic and decorative simplicity. The edges are generally simple and the lips are often flattened. Decorations are rare.,,,,,,,,,,,,,,,,,
Post-Cessation (Sudan),,,,,Post-colonial period of Sudan - marked by cessation of South Sudan in 2011.,,,,,,,,,,,,,,,,,,,,,,,,,,,,,,,,,
No information,Not specified,,,,Concept to be used when information pertaining to a chronological timeframe for a given site has not been provided or detailed in the original record (Alt. Not specified).,,,,,,,,,,,,,,,,,,,,,,,,,,,,,,,,,
Other,,,,,Concept to be used when term is not listed in the vocabulary.,,,,,,,,,,,,,,,,,,,,,,,,,,,,,,,,,
Not applicable,,,,,,,,,,,,,,,,,,,,,,,,,,,,,,,,,,,,,,
