Hierarchy 1 en,Hierarchy 1 alternative en ,Hierarchy 1 alternative en .1,Hierarchy 1 fr,Hierarchy 1 description en,Hierarchy 1 description fr,Hierarchy 1 source en
Abandoned structure,Abandoned structures,,Structure abandonnée,/,,
Administrative,,,Administrative,/,,
Agriculture,,,Agriculture,"Category: Term
 Definition: The cultivation of domesticated crops. The
 invention of agriculture occurred in the Near East during the
 Neolithic period (8500–4300 BCE).","Catégorie : Terme
 Définition : La culture de plantes domestiquées. L'invention de l'agriculture s'est produite au Proche-Orient au cours de la période néolithique (8500-4300 avant J.-C.).","KIPFER B.A., Encyclopedic Dictionary of Archaeology, 2000, p. 21"
Alluvial deposit,Alluvial deposits,,Dépôt alluvial,"Alluvium
 Synonyms or Related Words: Alluvial deposit; Alluvion
 Category: Geology Definition: The detrital material (clay, gravel, organic mate-
 rial, sand, silt, soil) eroded, transported, and deposited by
 rivers and streams. It is very fertile and was used by early
 farmers. Though the largest areas of alluvium are flood plains and deltas, it may also occur where a river overflows its banks and is an important constituent of shelf deposits.
 KIPFER B.A., Encyclopedic Dictionary of Archaeology, 2000, p. 35
 A general term for sediment deposited by rivers, including that on the
 river bed, along its margins, across its floodplain, and in an estuary, if it has
 one. Alluvium tends to be rich in organic matter and may contain
 archaeological material. The onset of periods of rapid alluviation may also
 have the effect of sealing old land surfaces under the alluvium.
 DARVILL T., Concise Dictionary of Archaeology, 2003, p. 31/1096","Alluvium
 Synonymes ou mots apparentés : Dépôt alluvial ; Alluvion
 Catégorie : Géologie Définition : Les matériaux détritiques (argile, gravier, matières organiques, sable, limon, sol) érodés, transportés et déposés par les rivières et les ruisseaux. Il est très fertile et a été utilisé par les premiers agriculteurs.
 Bien que les plaines d'inondation et les deltas constituent les plus grandes zones d'alluvions, on peut également les trouver là où une rivière déborde de ses berges et elles constituent un élément important des dépôts de plateau.
 
 Terme général désignant les sédiments déposés par les rivières, y compris ceux qui se trouvent sur le
 lit du fleuve, le long de ses marges, dans sa plaine d'inondation et dans un estuaire, s'il en a un. Les alluvions ont tendance à être riches en matière organique et peuvent contenir du matériel archéologique.
 L'apparition de périodes d'alluvionnement rapide peut également avoir pour effet de sceller d'anciennes surfaces terrestres sous les alluvions.","Alluvium : KIPFER B.A., Encyclopedic Dictionary of Archaeology, 2000, p. 35
 DARVILL T., Concise Dictionary of Archaeology, 2003, p. 31/1096"
Altar,Altars,,,A block or surface used to make sacrifices or offerings in a religious context,,
Amphitheatre,Amphitheatres,,Amphithéâtre,"Category: Structure
 Definition: A large-scale Roman arena open to the elements
 and surrounded by tiers of seats. They were constructed for
 exhibiting gladiatorial and other public spectacles (military
 displays, combats, and wild beast fights) to the populace. The
 earliest were oval and built of wood, later changing to stone
 construction. Rome’s Colosseum has tiered galleries 2–3
 stories in height and has provision for covering the arena with
 shades to protect against rain or sun. Roofing of so wide an
 expanse was beyond Roman technology. The arena of the
 Colosseum had a false timber floor, below which there was a
 labyrinth of service corridors. The animal cages were situated
 here, linked with pretensioned lifts and automatic trapdoors so
 that participants and animals could be sent up to the floor of the
 arena with speed and precision. Somehow Roman engineers
 staged the grand opening by flooding the arena for a full-scale
 sea battle. Amphitheatres accommodated a great number of
 spectators (possibly more than 50,000 at the Colosseum). The
 Romans derived their ideas from the classic Greek theater and
 stadium and the model was widely copied throughout the
 Roman Empire. It could be erected on any terrain and set inside
 an urban center. An early example of the Republican period is
 at Pompeii the Colosseum is of the Imperial model. The for-
 tress of Caerlon and the towns of Caerwent, Cirencester, Col-
 chester, Dorchester, Richborough, and Wroxeter are some
 British places which had amphitheatres.
 KIPFER B.A., Encyclopedic Dictionary of Archaeology, 2000, p. 44
 A Roman building of elliptical form, open to the elements, with an
 arena surrounded by tiers of seats. Public spectacles were held in the arena. 
 DARVILL T., Concise Dictionary of Archaeology, 2003, p. 35/1096","Catégorie : Structure
 Définition : Une arène romaine à grande échelle ouverte aux éléments et entourée de gradins. Elles étaient construites pour présenter des spectacles de gladiateurs et d'autres spectacles publics (démonstrations
 militaires, combats et combats de bêtes sauvages) à la population.
 Les plus anciens étaient ovales et construits en bois, puis en pierre de construction.
 Le Colisée de Rome possède des galeries étagées de 2-3
 étages de hauteur et il est prévu de couvrir l'arène avec des
 shades pour se protéger de la pluie ou du soleil. La couverture d'une si grande
 étendue était au-delà de la technologie romaine. L'arène du
 Colisée était dotée d'un faux plancher en bois, sous lequel se trouvait un
 labyrinthe de couloirs de service. Les cages des animaux étaient situées ici
 reliées par des ascenseurs à prétention et des trappes automatiques pour que
 les participants et les animaux puissent être envoyés au sol de l'arène avec rapidité et précision.
 D'une manière ou d'une autre, les ingénieurs romains
 ont mis en scène la grande ouverture en inondant l'arène pour une véritable
 bataille navale. Les amphithéâtres accueillaient un grand nombre de
 spectateurs (peut-être plus de 50 000 au Colisée).
 Les Romains se sont inspirés des théâtres et des stades grecs classiques et le modèle a été largement copié dans tout l'Empire romain.
 Il pouvait être érigé sur n'importe quel terrain et installé à l'intérieur
 d'un centre urbain. Un exemple précoce de la période républicaine est
 à Pompéi ; le Colisée est du modèle impérial. La forteresse de Caerlon et les villes de Caerwent, Cirencester, Colchester, Dorchester, Richborough, et Wroxeter sont quelques
 lieux britanniques qui possédaient des amphithéâtres.
 
 Bâtiment romain de forme elliptique, ouvert aux éléments, avec une arène entourée de gradins.
 Les spectacles publics étaient organisés dans l'arène.","KIPFER B.A., Encyclopedic Dictionary of Archaeology, 2000, p. 44
 DARVILL T., Concise Dictionary of Archaeology, 2003, p. 35/1096"
Ancestral hall,Ancestral halls,,Salle des ancêtres (lieu de mémoire?),/,/,
Anchorage,Anchorages,,,"An area of water offshore where watercraft can anchor, generally identified archaeologically by the prescence of anchors on the seafloor and/or listed as such in ancient sources and charts",,
Ancient route,Ancient routes,,,,,
Animal pen,Animal pens,,,An enclosure specifically for the keeping of animals,,
Animal shed,Animal sheds,,,,,
Animal wash,Animal washes,,,,,
Antenna monument ,Antenna monuments,,,"A key defining characteristic of V-type features is that their extensions are very lowrelief, comprising elongated pavements, often bounded by kerb stones",,
Anthill,Anthills,,,,,
Anthill burial,Anthill burials,,"""Sépulture fourmilière"" ??","Category: Structure
 Definition: human burial into an anthill or termite mound.","Catégorie : Structure
 Définition : enterrement humain dans une fourmilière ou une termitière.",
Apiary,Apiaries,,,,,
Aqueduct,Aqueducts,,,"Artifical, man-made channel or bridge, designed to carry/convey water across long distances and obstacles",,
Artefact scatter,Artefact scatters,,Dispersion d'artefacts,"Artifact
 Synonyms or Related Words: Artefact
 Category: Artifact
 Definition: Any object (article, building, container, device,
 dwelling, ornament, pottery, tool, weapon, work of art)
 made, affected, used, or modified in some way by human
 beings. It may range from a coarse stone or a needle to a
 pyramid or a highly technical accomplishment – and these objects are used to characterize or identify a people, culture, or stage of development. The most common artifacts are pieces of broken pottery, stone chips, projectile points, and
 tools. The environment may play a part in the nature of an
 artifact if it has been seriously altered by man through fire,
 house and road construction, agricultural practices,
 etc. Therefore, the line is sometimes hard to draw between
 a natural object and one used by man, but there is no doubt
 when it can be shown that man shaped it in any way, even if
 only accidentally in the course of use. Artifacts are individ-
 ually assignable to ceramic, lithic, metal, or organic, or other
 lesser-used categories. A sociotechnic artifact is a tool that is
 used primarily in the social realm. A technomic artifact is a
 tool that is used primarily to deal with the physical
 environment.
 KIPFER B.A., Encyclopedic Dictionary of Archaeology, 2000, p. 92
 Any object which has been modified, fashioned, or manufactured
 according to a set of humanly imposed attributes, including tools, weapons,
 ornaments, utensils, houses, buildings, etc. Artefacts are the basic
 components of material culture.
 DARVILL T., Concise Dictionary of Archaeology, 2003, p. 63/1096","Artefact
 Synonymes ou mots apparentés : Artefact
 Catégorie : Artifact
 Définition : Tout objet (article, bâtiment, récipient, dispositif, habitation, ornement, poterie, outil, arme, œuvre d'art) fabriqué, affecté, utilisé ou modifié d'une manière ou d'une autre par des êtres humains. Il peut s'agir d'une pierre grossière ou d'une aiguille, d'une pyramide ou d'une réalisation hautement technique - et ces objets sont utilisés pour caractériser ou identifier un peuple, une culture ou un stade de développement. Les artefacts les plus courants sont les morceaux de poterie brisée, les éclats de pierre, les pointes de projectiles et les outils.
 L'environnement peut jouer un rôle dans la nature d'un artefact s'il a été sérieusement altéré par l'homme à travers le feu, la construction de maisons et de routes, les pratiques agricoles,
 etc. Par conséquent, la frontière est parfois difficile à tracer entre un objet naturel et un objet utilisé par l'homme lorsqu'il peut être démontré que l'homme l'a façonné d'une manière ou d'une autre, ne serait-ce que même si ce n'est qu'accidentellement au cours de son utilisation. 
 Les artefacts sont individuellement attribuables à la céramique, la lithique, le métal, l'organique, ou d'autres catégories moins utilisées.
 Un artefact sociotechnique est un outil qui est utilisé principalement dans le domaine social. Un artefact technomique est un outil utilisé principalement dans le domaine physique.
 
 Tout objet qui a été modifié, façonné ou fabriqué selon un ensemble de règles imposées par l'homme, y compris les outils, les armes, les ornements, les ustensiles, les maisons, les bâtiments, etc. Les artefacts sont les composants de base de la culture matérielle.","KIPFER B.A., Encyclopedic Dictionary of Archaeology, 2000, p. 92
 DARVILL T., Concise Dictionary of Archaeology, 2003, p. 63/1096"
Ballast,Ballasts,,,"Heavy material (e.g. rocks or stones), placed in a ship/boat to maintain its stability",,
Banda,Bandas,,,A banda is a constructed shade or booth,,
Bank,Banks,,,,,
Baobab tree,Baobab trees,,,,,
Baptistery,Baptisteries,,,,,
Barbican,Barbicans,,,,,
Barn,Barns,,,,,
Barracks,,,Caserne,,,"KIPFER B.A., Encyclopedic Dictionary of Archaeology, 2000, p. 137"
Barrage,Barrages,Dam,,"Artificial barrier constructed across a body of water, e.g. river, lake, estuary, designed to prevent flooding, aid irrigation or control water supply, access and flow",,
Barrow,Barrows,,Tertre,"barrow (tumulus) Generic term for the vari-
 ously shaped earth and rubble mounds used to
 cover and mark burials in prehistoric Europe; where
 the covering is of heaped stones it is more precise to
 use the term cairn, while ‘tumulus’, although some-
 times interpreted as synonymous with barrow, is
 best used to embrace both categories of monument
 as well as the occasional ancient mound with no
 apparent burial (such as the greatest European
 tumulus, Silbury Hill, near Avebury in Wiltshire,
 southern England). Barrow building in prehistoric
 Europe may be broadly divided into three phases:
 (1) The large barrows of the Early to Middle
 Neolithic, which follow various regional styles.
 These mounds usually covered a wooden mortuary
 house or megalithic chambers, housing the remains
 of multiple bodies. The barrows are often sub-
 rectangular, such as the Kujuvian barrows of
 Poland or the earthern long barrows of southern
 Britain; however, many circular examples also exist.
 Barrows and cairns covered many tombs of
 megalithic construction.
 (2) The numerous, and usually smaller, circular
 barrows of the Bronze Age, which usually housed
 individual primary burials and accompanying grave goods (e.g. bush barrow), although secondary
 burials were often later dug into the mound. In
 Britain, barrows were constructed in a variety of
 shapes: simple bowl barrows are the most common
 shape, often with a ditch and/or bank; bell barrows,
 often associated with the richer barrows of
 the Wessex culture, have a berm between the
 mound and the ditch surrounding it; disc, pond and
 saucer barrows occur more rarely. In Central
 Europe, there is a limited number of very rich buri-
 als in the Early Bronze Age, while the TUMULUS
 COMPLEX of the Middle Bronze Age is character-
 ized by barrow construction. In Eastern Europe, the
 Bronze Age was marked by a series of mound (or
 ‘kurgan’) building cultural complexes known as the
 PIT GRAVE, CATACOMB GRAVE and TIMBER GRAVE
 CULTURES.
 (3) A smaller number of large and richly
 furnished princely tumuli, usually circular, began
 to be constructed in the Iron Age (such as the late
 Hallstatt tombs of VIX and HOCHDORF), and
 barrows continued to be erected in the early
 medieval period – for example, burials of the
 SUTTON HOO type.
 RJA
 SHAW, JAMESON, A Dictionary of Archaeology, p. 109
 Barrow
 Synonyms or Related Words: Barrow cemetery; Burial
 cairn; Burial mound; Tumulus
 Category: Feature
 Definition: A round or elongated mound of earth or stones
 used in early times to cover one or more burials; a grave
 mound. The mound is often surrounded by a ditch, and the
 burials may be contained within a cist, mortuary enclosure,
 mortuary house, or chamber tomb. There are two types, the
 long (elongated) and the round barrow (also known as
 tumuli). The former were built in the Late Stone Age, the
 latter in the Bronze Age, though burial under a round mound
 was occasionally practiced during the Roman, Anglo-Saxon,
 and Viking periods.. The long barrow was a tribal or family
 burial vault built of stone slabs, some weighing many tons,
 and covered with earth or stones. The large, round barrows
 were often communal. They are often found in prehistoricsites in Britain – earthen (or unchambered) long barrows from
 the Early and Middle Neolithic (Windmill Hill Culture).
 Other long barrows were constructed over megalithic tombs
 of gallery grave types. Most of the British round barrows
 incorporate circles of stakes. Bowl barrows – simple round
 mounds, often surrounded by a ditch – were the most com-
 mon form, used throughout the Bronze Age and sporadically
 also in the Iron Age. The Wessex Culture of the southern
 English Early Bronze Age was characterized by special types
 of barrows: bell, disk, saucer, and pond barrows. Bell barrows
 have relatively small mounds and a berm or gap between the
 mound and the ditch; disk barrows are very small mounds in
 the center of a circular open space, surrounded by a ditch;
 saucer barrows are low disk-like mounds occupying the entire
 space up to the ditch; while the oddly named pond barrows are
 not mounds at all, but circular dish-shaped enclosures
 surrounded by an external bank. The related term “cairn” is
 used to describe a mound constructed exclusively of stone.
 Barrow burials occur also in Roman and post-Roman times:
 one of the most famous of all barrows in Britain is that
 covering the Anglo-Saxon boat burial at Sutton Hoo.
 KIPFER B.A., Encyclopedic Dictionary of Archaeology, 2000, p. 138
 barrow [MC].
 General term used to describe a mound of earth and stone heaped up to
 cover one or more burials. Burial beneath a barrow is one of the most
 enduring traditions of burial practice in Europe, and is also found in many
 other parts of the world. Many different kinds of barrow can be recognized
 on the basis of shape, construction detail, date, position, and relationships to
 other things. Round, long, oval, and square forms are the most common
 styles found. Round barrows in England are often called tumuli; those made
 almost entirely of stone in upland regions are termed CAIRNS. See also
 KURGAN, SQUARE BARROW, LONG BARROW, BANK BARROW,
 OVAL BARROW, ROUND BARROW, FANCY BARROW, POND
 BARROW.
 DARVILL T., Concise Dictionary of Archaeology, 2003, p. 94/1096","Tertre (tumulus) Terme générique désignant les monticules de terre et de gravats de formes variées utilisés pour recouvrir et marquer les sépultures en Europe préhistorique; où la couverture est constituée de pierre amoncelées, il est plus précis d'utiliser le terme ""cairn"", tandis que le terme ""tumulus"", bien que parfois interprété comme un synonyme de ""tertre"", est mieux utilisé pour englober les deux catégories de monuments, ainsi que l'occasionnel ancien monticule sans sépulture apparente (comme le plus grand tumulus européen, Silbury Hill, près d'Avebury dans le Wiltshire,
 dans le sud de l'Angleterre). La construction de tumulus dans l'Europe préhistorique peut être divisée en trois phases :
 (1) Les grands tumulus du Néolithique ancien et moyen, qui suivent différents styles régionaux.
 Ces tumulus recouvraient généralement une maison mortuaire en bois
 ou des chambres mégalithiques, abritant les restes de plusieurs corps.
 Les tumulus sont souvent sub-rectangulaires, comme les tumulus kujaviens de la Pologne
 ou les longs tumulus de terre du sud de la Grande-Bretagne, mais il existe également de nombreux exemples circulaires.
 Les tumulus et les cairns recouvraient de nombreuses tombes de
 construction mégalithique.
 (2) Les nombreux et généralement plus petits tumulus circulaires de l'Âge du Bronze, qui abritaient généralement des sépultures primaires individuelles et les objets funéraires qui les accompagnent (par exemple, le Bush Barrow), bien que les sépultures secondaires aient souvent été creusées plus tard dans le monticule. En Grande-Bretagne, les tumulus ont été construits dans une variété de formes : les tumulus à cuvette simple sont la forme la plus courante, souvent avec un fossé et/ou un talus ; les tumulus en forme de cloche, souvent associés aux tumulus les plus riches de la culture Wessex ont une berme entre le monticule et le fossé qui l'entoure ; les tumulus en forme de disque, d'étang et de soucoupe sont plus rares.
 En Europe centrale, on trouve un nombre limité de tumulus très riches au début de l'Âge du Bronze, tandis que le complexe tumulus de l'Âge du Bronze moyen est caractérisé par la construction d'un tertre.
 En Europe de l'Est, l'Âge du Bronze est marqué par une série de monticules (ou ""kurgan"") construction de complexes cuturels connus comme des cultures tombes fosses, tombes catacombes et tombes à charpente.
 (3) Un nombre plus restreint de grands tumulus princiers richement meublés, généralement circulaires, ont commencé à être construits à l'Âge du Fer (comme les tombes tardives de Hallstatt à Vix et Hochdorf), et les tumulus ont continué à être érigés au début de la période médiévale - par exemple, les sépultures du type Sutoon Hoo.
 
 Barrow
 Synonymes ou mots apparentés : Cimetière de tumulus ; Cairn funéraire
 cairn ; Monticule funéraire ; Tumulus
 Catégorie : Caractéristique
 Définition : Un monticule rond ou allongé de terre ou de pierres utilisé dans les temps anciens pour recouvrir une ou plusieurs sépultures; un tertre funéraire. Le monticule est souvent entouré d'un fossé, et les sépultures peuvent être contenues dans une ciste, une enceinte mortuaire, une maison mortuaire ou une tombe à chambre. Il en existe deux types, le long (allongé) et le tertre rond (également connu sous le nom de tumulus). Les premiers ont été construits à la fin de la période LSA, les seconds à l'Âge de Bronze, bien que l'inhumation sous une butte ronde a été occasionnellement pratiquée pendant les périodes romaine, anglo-saxonne, et viking. Le tertre long était une voûte funéraire tribale ou familiale construit en dalles de pierre, certaines pesant plusieurs tonnes, et recouvert de terre ou de pierres. Les grands tertres ronds étaient souvent communautaires. On les trouve souvent dans les sites préhistoriques de Grande-Bretagne - des tumulus longs en terre (ou non encastrés) du du Néolithique ancien et moyen (culture de Windmill Hill).
 D'autres longs tertres ont été construits au-dessus de tombes mégalithiques des types de tombes à galerie. La plupart des tertres ronds britanniques intègrent des cercles de pieux. Les tertres en forme de cuvette - de simples monticules ronds, souvent entourés d'un fossé - étaient la forme la plus commune, utilisée tout au long de l'Âge du Bronze et sporadiquement également à l'Âge du Fer. La culture du Wessex, dans le sud de l'Angleterre au début de l'Âge du Bronze était caractérisée par des types de tertre : les tertre à clochettes, à disques, à soucoupes et à mare. Les tumulus en forme de cloche ont des monticules relativement petits et une berme ou un espace entre le monticule et le fossé ; les tumulus en forme de disque sont de très petits tertres au centre d'un espace ouvert circulaire, entouré d'un fossé ; les tumulus en soucoupe sont des monticules bas en forme de disque qui occupent tout l'espace jusqu'au fossé ; tandis que les tumulus, étrangement nommés tumulus mare, ne sont pas du tout des monticules, mais des enceintes circulaires en forme de disque entourés d'un talus extérieur. Le terme apparenté ""cairn"" est est utilisé pour décrire un monticule construit exclusivement en pierre.
 Les sépultures en tumulus apparaissent également à l'époque romaine et post-romaine :
 l'un des plus célèbres de tous les tumulus de Grande-Bretagne est celui qui
 couvrant l'enterrement de bateau anglo-saxon à Sutton Hoo.","SHAW, JAMESON, A Dictionary of Archaeology, p. 109
 KIPFER B.A., Encyclopedic Dictionary of Archaeology, 2000, p. 138
 DARVILL T., Concise Dictionary of Archaeology, 2003, p. 94/1096"
Basilica (Roman),Basilicas (Roman),,,"A Roman building used as a courthouse or for other official, public activities or events, usually with one apsed end. Not to be used for churches",,
Basin,Basins,Tank,,"A man-made receptacle for holding liquids, often associated with agricultural processing (e.g. oil or wine). This includes cupmarks/cupholes",,
Bath-house,Bath-houses,,,"A building designed for the purpose of bathing/washing, but can also house various other activities related to health, entertainment, or religion",,
Battlefield,Battlefields,,Champ de bataille/terrain de bataille,"Battlefield Archaeology
 Category: Branch
 Definition: The scientific study of a cultural landscape on
 which a military action or battle occurred. This may
 include both “bounded” battlefields where troop disposi-
 tions, numbers and the order of battle are known from
 textual records, and also from undocumented evidence of
 conflict.","Archéologie des champs de bataille
 Catégorie : Branche
 Définition : L'étude scientifique d'un paysage culturel sur lequel s'est déroulée une action militaire ou une bataille. Il peut s'agir des champs de bataille ""délimités"", où la disposition des troupes, leur nombre et l'ordre de bataille sont connus grâce à des documents textuels, mais aussi grâce à des preuves non documentées du conflit.","KIPFER B.A., Encyclopedic Dictionary of Archaeology, 2000, p. 145"
Bazina,Bazinas,,,"Bazinas are monuments whose perimeter is constructed of dry stone courses, producing a wall-like appearance. Small auxiliary towers are optional. They may occur to East of other monument types. They commonly point about North to South in a straight or curving line",,
Beehive,Beehives,,,,,
Bi-lobial enclosure,Bi-lobial enclosures,,,,,
Bone scatter,Bone scatters,,Dispersion d'os,"Bone
 Category: Fauna
 Definition: The connective tissues of the body, consisting
 of crystallite minerals and collagen. After death, the proteins slowly decompose and the remaining mineral is subject to solution in acid soil conditions. Bones are preserved on a
 wide variety of archaeological sites. From early prehistory,
 the bones, horns, or antlers of animals man hunted or kept
 provided him with a vital source of raw material for
 constructing artifacts. There are many types of bone. There
 are a variety of relative age determination techniques appli-
 cable to bone material, including measurements of the
 depletion of nitrogen (bone dating) and the accumulation
 of fluorine and uranium.","Os
 Catégorie : Faune
 Définition : Tissus conjonctifs de l'organisme, constitués de minéraux cristallins et de collagène.
 Après la mort, les protéines se décomposent lentement et le minéral restant est soumis à la
 solution dans des conditions de sol acide. Les os sont conservés sur une
 grande variété de sites archéologiques. Depuis les débuts de la préhistoire,
 les os, les cornes ou les bois des animaux que l'homme chassait ou élevait
 lui fournissaient une source vitale de matière première pour l'élaboration des artefacts. Il existe de nombreux types d'os. 
 Il existe une variété de techniques de détermination de l'âge relatif appliquées à la matière osseuse, notamment les mesures de la de l'appauvrissement en azote (datation des os) et de l'accumulation de fluor et d'uranium.","KIPFER B.A., Encyclopedic Dictionary of Archaeology, 2000, p. 184"
Boulder,Boulders,,Rocher,"A rock size that is a subdivision of gravel clasts, 256 mm or larger in diameter (Wentworth-Udden classification)","Boulder
 Catégorie : Géologie
 Définition : Une taille de roche qui est une subdivision de gravier
 de 256 mm de diamètre ou plus (classification de Wentworth-Udden).","KIPFER B.A., Encyclopedic Dictionary of Archaeology, 2000, p. 190"
Boulder burial,Boulder burials,,,Burial inside hollow boulder sealed by rock wall or cairn.,,
Boundary,Boundaries,Barrier,,"A linear feature designed to mark the edge of a territory or to control the movement of people and animals across the landscape; can be a continuous wall or ditch, or a series of boundary markers. This definition includes clausurae",,
Bridge,Bridges,,,"A structure designed to enable one to cross over a barrier or obstacle, such as a body of water, chasm, etc.",,
Building,Buildings,,Bâtiment,"A structure with walls and a roof enclosing an area, but for which no specific purpose can definitely be identified",,
Building complex ,Building complexes,,,,,
Bunker,Bunkers,,,"A structure designed to protect people or objects/materials from attacks, such as bombing etc.",,
Burial,Burials,,Sépulture (MT),"Category: Feature Definition: A round or elongated mound of earth or stones
 used in early times to cover one or more burials; a grave
 mound.
 Burial
 Category: Term
 Definition: Inhumation or cremation – the laying of a body
 in the ground, in a natural or artificial chamber, or in an urn
 after burning. In collective burial, a single chamber is used for
 more than one corpse. A primary burial is one for which a
 burial monument such as a barrow was erected. The term
 secondary burial is used for the practice of collecting the
 bones of a skeleton after the flesh has decayed, and placing
 them in some form of ossuary. In fractional burial, only some
 of the bones are so collected and interred. Archaeologists can
 learn a great deal about prehistoric societies by studying
 skeletons and the way they were buried. In some cultures,
 bodies were buried stretched out; in others they were placed in
 the ground in a fetal, or flexed position. In still other societies,
 the dead were exposed on platforms or in charnel houses, then
 when the flesh had decayed or been scavenged, the
 disarticulated bones were made into a bundle and buried. Sometimes bodies were cremated and the remains buried.
 Goods interred with a burial give many clues to the social
 position of the person and their culture and the study of bones
 can reveal sex, age, and information about nutrition and
 disease. The earliest deliberate burial of their dead was that
 of Neanderthal man of Paleolithic times 100,000 years ago.
 They were buried in the cave in which the family continued to
 live. Food and tools were buried with them, proof of the belief
 in an afterlife. Neolithic man buried his dead in the long
 barrow, a communal tomb. Inhumation was followed by
 cremation in the Late Bronze Age.
 KIPFER B.A., Encyclopedic Dictionary of Archaeology, 2000, p. 206-207
 burial site [Ge].
 A place where human communities deliberately interred their dead,
 either as inhumations or cremations. Such sites may or may not be
 elaborated with markers or other kinds of monumental construction. Many
 different kinds of burial rites have been identified from archaeological
 evidence, but four forms of inhumation are especially recurrent through
 many periods over wide areas: extended burial where the corpse is stretched
 out, arms to the sides; flexed burial where the corpse is lying slightly to one
 side with knees slightly bent; crouched burial where the corpse is lying on
 its side with the legs brought up underneath, knees bent, as if asleep; and
 contracted burial where the corpse is lying on its side with the legs and
 arms against the chest coiled up into the foetal position. See also ""prone burial"" and ""supine burial"".
 DARVILL T., Concise Dictionary of Archaeology, 2003, p. 140/1096","Catégorie : Définition Caractéristique : Un monticule rond ou allongé de terre ou de pierres utilisé dans les temps anciens pour recouvrir une ou plusieurs sépultures. ""grave mound"" = tumulus.
 Sépulture
 Catégorie : Terme
 Définition : Inhumation ou crémation - la déposition d'un corps
 dans le sol, dans une chambre naturelle ou artificielle, ou dans une urne
 après avoir été brûlé. Dans le cas d'une sépulture collective, une seule chambre est utilisée pour
 plus d'un cadavre. Une sépulture primaire est une sépulture pour laquelle un
 monument funéraire tel qu'un tumulus a été érigé. Le terme de sépulture secondaire est utilisé pour la pratique consistant à collecter les os d'un squelette après la décomposition de la chair, et les placer
 dans une sorte d'ossuaire. Dans l'inhumation fractionnée, seuls certains
 des os sont collectés et enterrés. Les archéologues peuvent
 apprendre beaucoup de choses sur les sociétés préhistoriques en étudiant
 les squelettes et la façon dont ils ont été enterrés. Dans certaines cultures,
 les corps étaient enterrés étendus ; dans d'autres ils étaient placés dans
 le sol en position fœtale, ou fléchie. Dans d'autres sociétés encore,
 les morts étaient exposés sur des plateformes ou dans des charniers, puis
 lorsque la chair était décomposée ou avait été récupérée, les os désarticulés étaient rassemblés en un paquet et enterrés. Parfois, les corps étaient incinérés et les restes enterrés.
 Les biens qui accompagnent une sépulture donnent de nombreux indices sur la position sociale de la personne, sa culture et sa religion et l'étude des os peut révéler le sexe, l'âge et des informations sur l'alimentation et les maladies. Le plus ancien enterrement délibéré de leurs morts était celui
 de l'homme de Neandertal de l'époque paléolithique, il y a 100 000 ans.
 Ils étaient enterrés dans la grotte dans laquelle la famille continuait à
 vivre. De la nourriture et des outils étaient enterrés avec eux, preuve de la croyance
 à une vie après la mort. L'homme néolithique enterrait ses morts dans des ""long barrow"" (long tumulus), une tombe commune. L'inhumation a été suivie par la crémation à la fin de l'âge du bronze.
 
 site funéraire [Ge].
 Un lieu où les communautés humaines ont délibérément enterré leurs morts,
 sous forme d'inhumation ou de crémation. Ces sites peuvent ou non être
 élaborés avec des marqueurs ou d'autres types de constructions monumentales. De nombreux
 différents types de rites funéraires ont été identifiés à partir de preuves archéologiques, mais quatre formes d'inhumation sont particulièrement récurrentes à travers de nombreuses périodes et sur de vastes territoires : l'inhumation prolongée, où le corps est étendu, les bras sur les côtés ; l'inhumation fléchie où le corps est légèrement couché sur le côté, les genoux légèrement pliés ; l'inhumation accroupie, où le corps est couché sur le côté, les jambes ramenées sous le corps, les genoux pliés, comme s'il était endormi ; l'enterrement contracté, où le corps est allongé sur le côté, les jambes et les bras contre la poitrine, enroulé en position fœtale. Voir également ""l'enterrement sur le ventre"" et ""l'enterrement sur le dos"" (See also ""prone burial"" and ""supine burial"")","KIPFER B.A., Encyclopedic Dictionary of Archaeology, 2000, p. 206-207
 DARVILL T., Concise Dictionary of Archaeology, 2003, p. 140/1096"
Burial architecture,Burial architectures,,Architecture funéraire,/,/,
Burial assemblage,Burial assemblages,,Assemblage de sépultures (MT),/,/,
Burial chamber,Burial chambers,,Terre de sépulture (MT),/,/,
Burial ground,Burial grounds,,Lieu de sépulture,/,/,
Burial mound,Burial mounds,,Monticule funéraire(MT),"Category: Feature Definition: A large artificial hill of earth and stones built or
 placed over the remains of the dead at the time of burial.","Catégorie : Définition Caractéristique : Une grande colline artificielle de terre et de pierres construite ou
 placée sur les restes des morts au moment de l'enterrement.",Encyclopedic dictionary of archaeology (Barbara Ann Kipfer)
Burial pillars,Burial pillars,,Piliers de sépulture(MT),/,/,
Burial pit,Burial pits,,,,,
Burial platform,Burial platforms,,Plateforme funéraire,/,/,
Burial site,Burial sites,,Lieu d'inhumation (MT),"A place where human communities deliberately interred their dead, either as inhumations or cremations.","Un lieu où les communautés humaines ont délibérément enterré leurs morts, sous forme d'inhumation ou de crémation.","Concise Oxford Dictionary of Archaeology (Darvill, Timothy)"
Burial vault,Burial vaults,,Caveau/coffre funéraire,"A burial which in some way includes a vault, defined as a form of roofing in stone or brick using the principle of gravity to lock
 the materials together.",,"Concise Oxford Dictionary of Archaeology (Darvill, Timothy)"
Burned soil,Burned soils,,,,,
Burnt area,Burnt areas,,,,"Zone characterized by the presence of ashy deposits, charcoal, colour differences etc., which would indicate exposure to fire. This term should be used when the area CANNOT be stricly defined as Kiln(s)/Forge/Furnace or Hearth(s)/Oven(s)",
Butchering,Butcherings,,,Site de dépeçage,"Butchering sites are spots with smaller density of remains, absence of those elements usually discarded at kill sites (e. g., skulls), a lower frequency of articulated elements, and lack of complete skeletons.","Les sites de boucherie sont des endroits où la densité des restes est plus faible, où les éléments habituellement rejetés dans les sites de mise à mort (par exemple, les crânes) sont absents, où la fréquence des éléments articulés est plus faible et où les squelettes complets sont absents."
Butchering site ,Butchering sites,,Site de dépeçage,"Butchering sites are spots with smaller density of remains, absence of those elements usually discarded at kill sites (e. g., skulls), a lower frequency of articulated elements, and lack of complete skeletons.","Les sites de boucherie sont des endroits où la densité des restes est plus faible, où les éléments habituellement rejetés dans les sites de mise à mort (par exemple, les crânes) sont absents, où la fréquence des éléments articulés est plus faible et où les squelettes complets sont absents.",www.worldhistory.biz
Boulder burial,,,,,,
Cache,Caches,,Cache/cachette,"Category: Artifact Definition: A collection of similar items and/or ecofacts that
 are deliberately hidden for future use. Caches are often discovered
 in burials or in caves and usually consist of ceremonial
 and ritual objects or emergency food supplies.","Catégorie : Définition Artefact : Une collection d'articles similaires et/ou d'écofacts qui
 sont délibérément cachés pour être utilisés ultérieurement. Les caches sont souvent découvertes dans des sépultures ou des grottes et consistent généralement en objets rituels ou en provisions alimentaires d'urgence.",Encyclopedic dictionary of archaeology (Barbara Ann Kipfer)
Cairn,Cairns,,Cairn,"Category: Feature Definition: A pyramid of rough stones, raised for a memorial
 or mark of some kind, usually over a burial but also as a
 landmark or monument.","Catégorie : Définition Caractéristique : Une pyramide de pierres brutes, érigée pour un mémorial
 ou une marque quelconque, généralement au-dessus d'une sépulture mais aussi comme un point de repère ou monument.",Encyclopedic dictionary of archaeology (Barbara Ann Kipfer)
Cairn cemetery,Cairn cemeteries,,,,,
Cairn (antenna),Cairns (antenna),,,"Tumulus from which extend paved arms of uniform width, similar to V-type but with elongated rather than round tumulus.",,
Cairn (axle-shape/propellor),Cairns (axle-shaped/propellor),,,Elongated monument tapering to point at each end of its long axis.,,
Cairn (basket-handle),Cairns (basket-handle),,,Elongated monument tapering to point at each end of its long axis.,,
Cairn (concentric rings),Cairns (concentric rings),,,Form of construction varies considerably with size and shape of stones/pebbles used.,,
Cairn (crater),Cairns (crater),,,,,
Cairn (crescent ),Cairns (crescent),,,May face East or West in some areas.,,
Cairn (crescent with tails),Cairns (crescent with tails),,,Regular crescent whose arms are extended by linear stone arrangements,,
Cairn (drum),Cairns (drum),,,,,
Cairn (goulet - type 1),Cairns (goulet - type 1),,,"Tumulus on pavement from which corridor emerges before curving back to form enclosures; tumulus at edge of monument, at narrow end. Bears some resemblance to Keyhole monuments but some key systematic differences. Goulets have a single perimeter that curves back towards the narrow end of the monument in two parallel lines, giving the appearance of two ‘wings’. Type 1 goulets have a narrow end and a wide end, with the former being located nearer the tumulus or platform.",,
Cairn (goulet - type 2),Cairns (goulet - type 2),,,"In Type 2 goulets, the enclosures generally are more circular, without the narrowing at one end as in a Type 1 goulet (Plate 7b). In contrast with a Type 1 goulet, in which the tumulus (if present) is adjacent to the perimeter of the monument at its narrower end, in Type 2 goulets the tumulus is situated some distance inside the perimeter, near but not at the centre of the monument",,
Cairn (heel-shaped - flat-topped),Cairns (heel-shaped - flat-topped),,,Tumulus with a top that has mostly-horizonal profile. Gentle concave exedra is characteristic of the front face.,,
Cairn (heel-shaped - mound-shaped/tumular),Cairns (heel-shaped - mound-shaped/tumular),,,Similar to a particularly wide cresent. A gentle concave exedra is characteristic of the front face.,,
Cairn (interrupted ring),Cairns (interrupted ring),,,"An articulated monument, with a generally east oriented opening in the outer perimeter ,usually composed of a tumulus surrounded by two rings of stones, the outer being elliptical and the inner circular in shape, centred on the western focalpoint of the ellipse. A sort of corridor runs along the major axis of the outer ring up to the tumulus, andthis gives to the monument the aspect of a keyhole. Opening has also been recorded between East. and South.",,
Cairn (marker),Cairns (markers),,,,,
Cairn (mounded crescent),Cairns (mounded crescent),,,"Tumulus with short extensions, shaped like a pastrycroissant. May face East-West. Often sited on a hillock.",,
Cairn (paved crescent),Cairns (paved crescent),,,Paved area from which extend paved extensions; tumulus near centre.,,
Cairn (rectangle),Cairns (rectangles),,,"Formed of a rough pattern of small stones. Some single Rings are very similarly constructed, barely rising above ground level. The Rectangle appears rare.",,
Cairn (with (short) lines of orthostats),Cairns (with short lines of orthostats),,,"Usually rough, low cairn, with 3-5 ft long at slabs erected at a tangent to its perimeter.",,
Camp (temporary), Camps (temporary),,,A temporary habitation locale,,
Canal,Canals,,,"An artifical waterway constructed for the purposes of cutting across a drainage divide, making access or movement of water or vessels between two drainage basins possible or conveying water and/or ships inland",,
Canoe,Canoes,,,"Small narrow open boat, typically with pointed ends and generally propelled by paddle or sometimes sail",,
Caravanserai,Caravanserais,Khan,,"A building located along a road for receiving travellers, comprising a central courtyard lined on one or more sides by ranges of rooms",,
Cargo vessel,Cargo vessels,,,Any watercraft whose main function is the transport of goods or cargo,,
Carnivorous pastoralism,,,,,,
Carved stone,Carved stones,,,,,
Castle,Castles,,Chateau,"Category: Structure Definition: A medieval European structure, generally the residence of a king or a lord of the territory.","Catégorie : Définition Structure : Structure européenne médiévale, généralement la
 résidence d'un roi ou d'un seigneur du territoire.",Encyclopedic dictionary of archaeology (Barbara Ann Kipfer)
Cattle pen,Cattle pens,,Enclos à bétail/Parc à bestiaux,An enclosure within which animals are kept.,Un enclos dans lequel les animaux sont gardés.,"Concise Oxford Dictionary of Archaeology (Darvill, Timothy)"
Cave,Caves,,Grotte,"Liberally interpreted in archaeological usage to mean any kind of natural hollow, enlarged fissure, cavern, or chamber within a body of rock that could have been or was used by people in the past.","Interprété librement dans l'usage archéologique pour signifier tout type de creux naturel, de fissure élargie, de caverne ou de chambre dans un corps de roche qui aurait pu être ou a été utilisé par des personnes dans le passé.","Concise Oxford Dictionary of Archaeology (Darvill, Timothy)"
Cave burial,Cave burials,,Sépulture dans une grotte,"Inhumation or cremation – the laying of a body in the ground, in a natural cave.","Inhumation ou crémation - le dépôt d'un corps dans le sol, dans une grotte naturelle.","Adapted from KIPFER B.A., Encyclopedic Dictionary of Archaeology, 2000"
Cave settlement,Cave settlements,,,,,
Cemetery,Cemeteries,,Cimetière,Any group of two or more separate or substantive graves.,Tout groupe de deux ou plusieurs tombes distinctes ou substantielles.,"Concise Oxford Dictionary of Archaeology (Darvill, Timothy)"
Ceramic scatter,Ceramic scatters,,Dispersion de céramique,"Ceramic materials found distributed over
 the ground surface or brought to the topsoil by cultivation
 and derived from disturbed archaeological features or
 ceramics originally dropped, placed, or abandoned on the
 ground and over time has stayed in the topsoil.","Matériaux céramiques trouvés répartis sur la surface du sol ou apportés à la couche arable par les cultures
 et provenant d'éléments archéologiques perturbés ou céramique déposée, placée ou abandonnée à l'origine sur le sol et qui, au fil du temps, est restée dans la couche arable.","KIPFER B.A., Encyclopedic Dictionary of Archaeology, 2000"
Cesspit,Cesspits,,,,,
Channel,Channels,,,Man-made dug/altered linear feature constructed for the purposes of controlling the movement and flow of water,,
Chapel,Chapels,,,Building used for Christian worship,,
Chapel monument,Chapel monuments,,,,,
Chasm,Chasms,Gouffre,,,https://dictionary.cambridge.org/fr/dictionnaire/anglais/chasm,"""a very deep, narrow opening in rock, ice, or the ground"""
Choucha/chouchet,Choucha/chouchets,"Bazina, Drum Monuments, Drum Tombs",,,,
Church,Churches,,,,,
Cinerarium,Cineraria,,Lieu de crémation,"A place for depositing the ashes of the dead after cremation. Also, a niche in a tomb for holding an urn of ashes
 or a sarcophagus.","Lieu où l'on dépose les cendres des défunts après la crémation. Également, une niche dans une tombe pour contenir une urne de cendres ou un sarcophage.","KIPFER B.A., Encyclopedic Dictionary of Archaeology, 2000"
Chera/cherani,,,,Where a body was laid as permission was sought from the Elders to bury it,,
Chiza/kiza,,Altar,,"Equivalent to an altar, identified site for special prayer, especially",,
Cistern,Cisterns,,Citerne,Large underground water storage facility.,Grande installation souterraine de stockage d'eau.,underground water structures or reserviors constructed to collect and store runoff water or rain water for use during periods of drought and/or low water availability. They were usually contructed with an impenetrable impermeable/waterproof? lining to prevent the water from flowing out of the structure.
Citadel,Citadels,,,,,
City,Cities,,"Cité, ville, métropole","In archaeology this term is used to refer to a social and political unit
 which consisted of a major urban centre and its hinterland, and which had
 achieved a high degree of autonomy and a clear identity. The hinterland
 might contain other cities or large settlements. A city-state had its own
 government and was not subject to any outside authority.","En archéologie, ce terme est utilisé pour faire référence à une unité sociale et politique
 qui se composait d'un grand centre urbain et de son arrière-pays, et qui avait
 atteint un haut degré d'autonomie et une identité claire. L'arrière-pays
 pouvait contenir d'autres villes ou de grandes agglomérations. Une cité-État avait son propre
 gouvernement et n'était soumise à aucune autorité extérieure.","Concise Oxford Dictionary of Archaeology (Darvill, Timothy)"
City/town bastion,City/town bastions,,,,,
City/town gate,City/town gates,,,,,
City wall,City walls,,Mur de la ville(MT),/,/,
Clay structure,Clay structures,,Structure en argile/terre,/,/,
Clearance pile,Clearance piles,,,"A pile of stones created through the clearing of land, most often for agricultural purposes",,
Clearnace,Clearances,,,,,
Colonial building,Colonial buildings,,Bâtiment colonial,,,
Colonial outpost,Colonial outposts,,Avant-poste colonial,"A place especially a small group of buildings or a town, that represents the colonial authority and their interests, business or company that is far away.","Un lieu, notamment un petit groupe de bâtiments ou une ville, qui représente l'autorité coloniale et ses intérêts, une entreprise ou une société éloignée.",Adapted from: https://dictionary.cambridge.org/dictionary/english/outpost
Colonial statue,Colonial statues,,Statue coloniale,A three-dimensional representation deriving from colonial administration.,Une représentation tridimensionnelle issue de l'administration coloniale.,"Adapted from:KIPFER B.A., Encyclopedic Dictionary of Archaeology, 2000"
Colonnaded street,Colonnaded streets,,,A street or road which has been monumentalised by the addition of columns that run for all or part of its length.,,
Column,Columns,Obelisk,,"Upright pillar, can be freestanding, or used as support features in a building",,
Complex enclosure,Complex enclosures,,,,,
Composite monument,Composite monuments,,,Structure in which multiple monument types are combined.,,
Construction debris,Construction debris (same singular/plural),,,,,
Construction trench,Construction trenches,,,,,
Copper production,,,Zone de production de cuivre/fourneaux,,"La séparation du métal du minerai, généralement par chauffage dans un foyer ou un four. Il s'agit d'un processus majeur dans le travail des métaux, produisant le métal utilisable pour la fabrication d'objets.
 Après la fonte, le cuivre peut être coulé et le fer peut être
 forgé. La principale réaction chimique lors de la fusion de la plupart des
 minerais utilisés dans l'Antiquité est celle de la réduction d'un oxyde métallique.
 Si le minerai n'était pas déjà sous forme d'oxyde, il serait alors converti
 par un processus préliminaire. Un contrôle minutieux de la quantité d'air
 entrant dans le fourneau était nécessaire pour réussir
 la fonte. Les vestiges du processus de fusion comprennent des lingots, des
 scories, des tuyères, des foyers contenant des scories et des cendres, et des fours plus sophistiqués.","KIPFER B.A., Encyclopedic Dictionary of Archaeology, 2000"
Copper production furnace,,,Zone de production de cuivre/fourneaux,"Copper smelting furnaces are of notable diversity in design and size. One group is made up of slag tapping tall shaft furnaces, reaching a height of 1.75 metres equipped with at least four tuyère ports, were documented ethnographically in Central Africa amongst Sanga people, who produced copper at a large-scale until the nineteenth century (Bisson 1997). Another group is that of non-slag tapping, short shaft furnaces with a single tuyère port entrance, employed in the northern parts of South Africa (van der Merwe & Scully 1971; Grant & Huffman 2007). Another group is that of simple bowl furnaces without clay superstructures were used for copper smelting during the seventeenth century AD in eastern Botswana (Huffman et al. 1995). The number and form of the tuyères varied, from flared clay pipes to hollowed out anthills and tubes
 fashioned out of stone (Miller & van der Merwe 1994a).","La séparation du métal du minerai, généralement par chauffage dans un foyer ou un four. Il s'agit d'un processus majeur dans le travail des métaux, produisant le métal utilisable pour la fabrication d'objets.
 Après la fonte, le cuivre peut être coulé et le fer peut être
 forgé. La principale réaction chimique lors de la fusion de la plupart des
 minerais utilisés dans l'Antiquité est celle de la réduction d'un oxyde métallique.
 Si le minerai n'était pas déjà sous forme d'oxyde, il serait alors converti
 par un processus préliminaire. Un contrôle minutieux de la quantité d'air
 entrant dans le fourneau était nécessaire pour réussir
 la fonte. Les vestiges du processus de fusion comprennent des lingots, des
 scories, des tuyères, des foyers contenant des scories et des cendres, et des fours plus sophistiqués.",https://discovery.ucl.ac.uk/id/eprint/1380278/1/1380278_Thondhlana_Thesis.pdf
Coprolite,Coprolites,,Coprolite,"Human or animal excrement (faeces) preserved usually by desiccation,
 fossilization, or in waterlogged conditions.","Excréments humains ou animaux (fèces) conservés généralement par dessiccation, fossilisation, ou dans des conditions de saturation en eau.","Concise Oxford Dictionary of Archaeology (Darvill, Timothy)"
Corbeille,Corbeilles,,,"The defining feature of a corbeille is a circular or subcircular perimeter constructed from fl at stones or slabs embedded in the ground and usually angled outwards. Di Lernia et al. (2013) have excavated 26 corbeilles on the Messak Settafet (Libyan Fezzan) and published
radiocarbon dates from 17 of these features, demonstrating that (along with tumuli, stone platforms and stone rings) they were associated with the ritual slaughter of large animals, predominantly cattle, and the interment of their remains, during the middle to late 6th millennium BP. Some of these monuments, including corbeilles, incorporate or are associated with standing stones on which cattle have been engraved (di Lernia 2006; di Lernia and Gallinaro 2010; di Lernia et al. 2013).",,
Court/courtyard,Courts/courtyards,,Cour,An unroofed area that is completely or mostly enclosed by the walls of a large building.,Une zone sans toit qui est complètement ou en grande partie fermée par les murs d'un grand bâtiment.,"KIPFER B.A., Encyclopedic Dictionary of Archaeology, 2000"
Cremation,Cremations,,,,,
Cremation cemetery,Cremation cemeteries,,Cimetière de crémation,"An area used for the burial or scattering of cremated human remains. In
 some cases such cemeteries are represented by scatters of cremation-filled
 pits.","Une zone utilisée pour l'enterrement ou la dispersion des restes humains incinérés. Dans certains cas, ces cimetières sont représentés par des fosses remplies de crémations.","Concise Oxford Dictionary of Archaeology (Darvill, Timothy)"
Cremation pit,Cremation pits,,,,,
Cairn (crossbar arrangement/gate),Cairns (crossbar arrangements/gates),,,"A complex arrangement of cairns and/or walls which form the shape of a 'gate', i.e. 2 or more long parallel walls/arrangement of cairns, bounded at both ends by a more substantial wall/group of cairns",,
Cult statue,Cult statues,,,The statue of a god or goddess. Such statues were housed with great dignity in temples.,La statue d'un dieu ou d'une déesse. De telles statues étaient logées avec une grande dignité dans les temples.,"KIPFER B.A., Encyclopedic Dictionary of Archaeology, 2000"
Cult temple,Cult temples,,Cultuelle,"A temple for worship of a god with images of deities, andwhere the followers worshipped daily. The cult temple
 achieved its most highly developed form in the great sanctuaries
 erected over many centuries at Thebes – especially the Luxor
 Temple, started by Amenhotep III of the Eighteenth Dynasty.","Un temple pour le culte d'un dieu avec des images de divinités, et où les adeptes se rendent quotidiennement au culte. Le temple de culte a atteint sa forme la plus développée dans les grands sanctuaires érigés au cours de plusieurs siècles à Thèbes, en particulier le temple de Louxor commencé par Amenhotep III de la dix-huitième dynastie.","KIPFER B.A., Encyclopedic Dictionary of Archaeology, 2000"
Cultivation marks,Cultivation marks,,,,,
Cultivation terrace,Cultivation terraces,,,,,
Cultural,Cultural sites,,,,,
Cultural landscape,Cultural landscapes,,Paysage culturel,"Cultural properties that represent combined works of nature and of human beings illustrating the evolution of human society and settlement over time, under the influence of the physical constraints and/or opportunities presented by their natural environment and of successive social, economic and cultural forces, both external and internal, (WHCOperational Guidelines, 2008:86).","Biens culturels qui représentent des œuvres combinées de la nature et des êtres humains illustrant l'évolution de la société et de l'habitat humains au fil du temps, sous l'influence des contraintes et/ou des opportunités physiques présentées par leur environnement naturel et des forces sociales, économiques et culturelles successives, tant externes qu'internes, (WHCOperational Guidelines, 2008:86).","Adapted from Operational Guidelines, 2008:86)."
Cup and ring marked stone,Cup-and-ring marked stones,,,,,
Cup marked stone,Cup-marked stones,,,,,
Cupules,Cupules,,Cupules,"Small cup-shaped marks deliberately pecked out of a rock surface. Their purpose and symbolism is not known, although there are some suggestions that in Scandinavia at least they are female signs. Also known as pits, dots, and cup-marks in rock-art studies.","Il s'agit de petites marques en forme de coupelle creusées délibérément dans la surface d'une roche. Leur but et leur symbolisme ne sont pas connus, bien que certains suggèrent qu'en Scandinavie au moins, il s'agit de signes féminins.
 Également connues sous le nom de puits, points et marques en forme de coupe dans les études sur l'art rupestre.","KIPFER B.A., Encyclopedic Dictionary of Archaeology, 2000"
Customs post,Customs posts,,Poste de douane/Poste frontière,/,/,
Dam,Dams,,,,,
Death pits,Death pits,,Puits de la mort,,,"Adapted from: KIPFER B.A., Encyclopedic Dictionary of Archaeology, 2000 and Wikipedia"
Debitage scatter,Debitage scatters,,Site de débitage,"The waste by-products – chips or debris – resulting from the manufacture of stone tools, found in large quantities in a tool-making area. Study of debitage can reveal a good deal about techniques used by knappers. Certain waste ﬂakes have a characteristic appearance and indicate the tools that were made or prepared at a site even when the tools themselves are absent.","Les déchets résiduels - copeaux ou débris - résultant de la fabrication d'outils en pierre, trouvés en grande quantité dans une zone de fabrication d'outils. L'étude des débitage peut révéler beaucoup de choses sur les techniques utilisées par les tailleurs. Certains déchets éclats ont un aspect caractéristique et indiquent les outils qui ont été fabriqués ou préparés sur un site, même en l'absence des outils eux-mêmes.","KIPFER B.A., Encyclopedic Dictionary of Archaeology, 2000"
Defence,Defensive sites,,Défense,"A fortiﬁed place or position prepared for defensive or protective purposes and usually surrounded by a ditch, rampart, and parapet. Forts were ﬁrst built on hilltops, from late Neolithic to Roman times. Even farmhouses had earth-works of ditch, rampart, and wooden stockade built against raiding parties. At ﬁrst, stockades were built on hilltops without massive earthworks. The origins of fortiﬁcation in the Greek and Roman world were probably inﬂuenced by eastern Mediterranean civilizations and were in the major cities of the Greek Bronze Age. In ancient days, fortiﬁcations hindered the best attacking troops for months and even years.","Un lieu ou une position fortiﬁée préparée à des fins défensives ou protectrices et généralement entourée d'un fossé, d'un rempart et d'un parapet. Les forts ont d'abord été construits aux sommets des collines, de la fin du Néolithique à l'époque romaine. Même les fermes avaient des terrassements de fossé, de rempart et de palissade en bois construits contre les attaques. D'abord, les palissades étaient construites sur les sommets des collines sans terrassements massifs. Les origines de la fortiﬁcation dans le monde grec et romain ont probablement été inﬂuencées par les civilisations de la Méditerranée orientale et se trouvaient dans les grandes villes de l'Âge du Bronze grec. Dans l'Antiquité, les fortiﬁcations gênaient les meilleures troupes attaquantes pendant des mois, voire des années.","KIPFER B.A., Encyclopedic Dictionary of Archaeology, 2000"
Desert camp,Desert camps,,,,,
Dhow,Dhows,,,A sailing vessel characteristic of the Arabian peninsula and eastern Indian Ocean with 1 or more masts and lateen sails,,
Diffi,Diffis,,Diffi,"A type of fortified house, recognised as a distinctive feature of the Middle Nubian landscape occurring mainly in areas south of the Batn al-Hajar. Some clearly have the capability of serving defensive purposes, but they also show considerable variety in form and construction techniques.","Un type de maison fortifiée, reconnu comme un élément distinctif du paysage de la Nubie moyenne, qui se trouve principalement dans les zones situées au sud du Batn al-Hajar. Certaines ont clairement la capacité de servir à des fins défensives, mais elles présentent également une grande variété de formes et de techniques de construction.","(adapted from Osman and Edwards 2012: The Archaeology of a Nubian Frontier: Survey on the Nile Third Cataract, Sudan"
Ditch/moat,Ditches/moats,,Fossé,"A common feature of archaeological sites in association with defensive structures, as a means of drainage, or as a construction trench. A ditch was usually dug outside the walls offorts, fortresses, and so on, as part ofthe defenses, and was often ﬁlled with water.","Une caractéristique commune des sites archéologiques en association avec des structures défensives, comme moyen de drainage, ou comme tranchée de construction. Un fossé était généralement creusé à l'extérieur des murs des forts, des forteresses, etc., dans le cadre de défenses, et était souvent rempli d'eau.","KIPFER B.A., Encyclopedic Dictionary of Archaeology, 2000"
Divisional ikhanda,Divisional ikhandas,,"Ikhanda divisionnaire
 Ikhanda",A military settlement found among the Zulu associated with the regional administration of the kingdom. Possibly also found among other northern Nguni groups,Un établissement militaire trouvé chez les Zulu et associé à l'administration régionale du royaume. On le trouve peut-être aussi chez d'autres groupes Nguni du nord.,
Dolmen,Dolmens,,Dolmen,"In antiquity (especially in France), a word for a megalithic tomb consisting of orthostats and capstone or for megalithic chamber tombs in general. This was usually a stone structure consisting of upright columns supporting a slab roof and known from Neolithic times. In English archaeological literature “dolmen” should be used only for tombs whose original plan cannot be determined or for tombs of simple unspecialized types which do not ﬁt into the passage grave or gallery grave categories; it is also used for relatively small, closed megalithic chambers, such as the dysser of Scandinavia.","Dans l'Antiquité (notamment en France), mot désignant une tombe mégalithique composée d'orthostates et de chapiteaux ou les tombes à chambre mégalithique en général. Il s'agissait généralement d'une structure en pierre composée de colonnes dressées verticalement supportant un toit en dalles et connue depuis le Néolithique. Dans la littérature archéologique anglaise, ""dolmen"" ne doit être utilisé que pour les tombes dont le plan d'origine ne peut être déterminé ou pour les tombes de types simples non spécialisés qui ne rentrent pas dans les catégories des tombes à passage ou des tombes à galerie ; il est également utilisé pour les chambres mégalithiques fermées relativement petites, comme les dysser de Scandinavie.","KIPFER B.A., Encyclopedic Dictionary of Archaeology, 2000"
Domestic,Domestic sites,,Domestique,"Activities and facilities associated with ancient households or houses, a social unit comprised of those living together in the same dwelling.","Activités et installations associées aux anciens ménages ou maisons, une unité sociale composée de personnes vivant ensemble dans le même logement.","Adapted from: KIPFER B.A., Encyclopedic Dictionary of Archaeology, 2000"
Double concentric settlement,Double concentric settlements,,Installation/établissement concentrique double,/,/,
Double enclosure,Double enclosures,,,,,
Drain,Drains,,,,,
Drystone-walled settlement,Drystone-walled settlements,,Établissement à murs de pierres sèches,"Term applied by Shona speakers in Zimbabwe (country) to many stone-built enclosures located in southern Africa. It would be the court or house of a chief (mambo) and built on a hill. More than 1000 are known, including the major site of Great Zimbabwe near Masvingo, in south-central Zimbabwe.","Terme appliqué par les locuteurs Shona du Zimbabwe (pays) à de nombreuses enceintes construites en pierre situées en Afrique australe. Il s'agirait de la cour ou de la maison d'un chef (mambo), construite sur une colline. Plus de 1000 sont connues, dont le site majeur du Grand Zimbabwe près de Masvingo, dans le centre-sud du pays.","Adapted from: KIPFER B.A., Encyclopedic Dictionary of Archaeology, 2000"
Dung (vitrified),Vitrified dung deposits,,,,,
Dung deposit,Dung deposits,,Dépôt de fumier,/,/,
Dung pit,Dung pits,,,,,
Dwelling,Dwellings,,,,,
Earthwork,Earthworks,,,,,
Economic,Economic sites,,Economique,"The structure of economic life in a country, area, or period; the provisioning of human society with food, water, shelter, etc.","La structure de la vie économique dans un pays, une région ou une période ; l'approvisionnement de la société humaine en nourriture, eau, abri, etc.","KIPFER B.A., Encyclopedic Dictionary of Archaeology, 2000"
Education,Educational sites,Athletics Building,,"A structure or complex (including areas of land) for education and/or athletic training, e.g. school, gymansium",,
Elite residence,Elite residences,,Résidence d'élite,"Residence for a group or class of persons deemed to be in some way superior, as by virtue of position or education,
 and exercise much power or inﬂuence.","Résidence d'un groupe ou d'une classe de personnes jugées supérieures d'une certaine manière, comme en vertu de leur position ou de leur éducation, et qui exercent beaucoup de pouvoir ou d'inﬂuence.","Adapted from: KIPFER B.A., Encyclopedic Dictionary of Archaeology, 2000"
Embankment,Embankments,,Remblai,"A term synonymous with rampart, an earthwork built to defend a site, such as a fort. It was the mound ofearth on the inner side ofthe ditch or an elongated bank, often forming an enclosure.","Terme synonyme de rempart, ouvrage de terre construit pour défendre un site, tel qu'un fort. Il s'agissait d'un monticule de terre situé à l'intérieur d'un fossé ou d'un talus allongé, formant souvent une enceinte.","Adapted from: KIPFER B.A., Encyclopedic Dictionary of Archaeology, 2000"
Emplacement,Emplacements,Foxhole,,Man-made locale prepared for positioning weapons/artillery/tanks,,
Enclosed tumulus/tumuli,Enclosed tumuli,,,"A singular enclosure at a much larger scale than seen in most places. In the west of Mali, and particularly within the Tessalit region, enclosures are seen on a particularly large scale (≤1.5 ha), perhaps serving as venues for ceremonial gatherings and seasonally housing entire communities. May be fortified with ring ditches, and/or reinforced with acacia abatis.
",,
Enclosed villages,Enclosed villages,,,,,
Enclosing wall,Enclosing walls,,Mur d'enceinte,"A wall creating a boundary and defining an area of land. There is enormous variety in the shape, size, and scale of enclosures, as well as in their situation, context, and date. They do, however, seem to represent an extremely widespread human instinct to create boundaries around many of the spaces that they use.","Un mur créant une frontière et définissant une zone de terre. Il existe une énorme variété dans la forme, la taille et l'échelle des enceintes, ainsi que dans leur situation, leur contexte et leur date. Ils semblent toutefois représenter un instinct humain extrêmement répandu, celui de créer des limites autour de nombreux espaces qu'ils utilisent.","Adapted from: KIPFER B.A., Encyclopedic Dictionary of Archaeology, 2000"
Enclosure,Enclosures,,Enceinte,"One of the most frequently encountered forms of archaeological site: an area of land which is bounded and defined by some kind of earthwork, fence, wall, or defensive work. There is enormous variety in the shape, size, and scale of enclosures, as well as in their situation, context, and date. They do, however, seem to represent an extremely widespread human instinct to create boundaries around many of the spaces that they use.","L'une des formes les plus fréquentes de site archéologique : une zone de terrain délimitée et définie par une sorte de terrassement, de clôture, de mur ou d'ouvrage défensif. Il existe une énorme variété de forme, de taille et d'échelle des enceintes, ainsi que de situation, de contexte et de date. Ils semblent toutefois représenter un instinct humain extrêmement répandu, celui de créer des limites autour de nombreux espaces qu'ils utilisent.","Concise Oxford Dictionary of Archaeology (Darvill, Timothy)"
Engraved rock art site,Engraved rock art sites,,Site d'art rupestre gravé,"See Rock Art. In prehistoric art, the term ""engraving"" usually refers to a drawing made by a sharp tool, lithic flake or sharpened stone on the wall, floor or ceiling of a cave.","Voir ""Rock Art"". Dans l'art préhistorique, le terme ""gravure"" désigne généralement un dessin réalisé à l'aide d'un outil tranchant, d'un éclat lithique ou d'une pierre taillée sur la paroi, le sol ou le plafond d'une grotte.","http://www.visual-arts-cork.com/prehistoric/engravings.htm#:~:text=In%20prehistoric%20art%2C%20the%20term,%2C%20Cussac%20and%20Trois%2DFreres."
Excavated site,Excavated sites,,Fouille,"Only lists excavation types, i.e. area excavaion, arbitary excavation etc. see Kipfer.","N'énumère que les types d'excavation, c'est-à-dire l'excavation de surface, l'excavation arbitraire, etc. voir Kipfer.",
Extant structure,Extant structures,,Structure existante,/,/,
Farm,Farms,,,"An area of land, associated buildings and features which is specifically allocated for the use of agriculture/arboriculture/animal rearing. This resource interpretation refers to the entire farm complex, rather than any individual farm buildings.",,
Farm building,Farm buildings,,,"An building(s) specifically allocated for the use of agriculture/arboriculture/animal rearing. This resource interpretation refers to a specific building/buildings that are being used for these practices, rather than an entire farm complex and the land associated with the farm.",,
Fence,Fences,,,,,
Field,Fields,,,,,
Field boundary,Field boundaries,,Limite de champ,"Lynchet' came up on the searches, which is similar?",,
Field system,Field systems,,,A complex of field boundaries forming a coherent and discrete unit,,
Fingo,Fingos,Charm,,"Sacred protective magical medicine or charm supposedly brought
with each group from Singwaya and buried in a pot at the Kaya to
protect the community from natural and human external
calamities.",,
Fish pond,Fish ponds,,,Constructed or rock-cut pond or reservoir used to stock fish for aquaculture,,
Fish trap,Fish traps,Weir,,Standing structure or device used to catch fish,,
Fishery,Fisheries,,,,,
Fishing site,Fishing sites,,,,,
Floodplain site,Floodplain sites,,Site de plaine inondable,"Floodplain is one word. Definition for flodplain (without site): A landform created by deposits in a river valley
 that floods. As the flood waters recede, the suspended sediment is deposited as alluvium and causes slow vertical accretion.
 Floodplains are often made up of secondary features such as individual flood basins, abandoned channels, secondary flood channels, tributary stream courses, and natural levees. They are prime agricultural land and archaeological deposits may be well preserved in the subenvironments","Définition pour plaine d'inondation (sans site) : Forme de terrain créée par les dépôts dans une vallée fluviale qui est en crue. Lorsque les eaux de crue se retirent, les sédiments en suspension se déposent sous forme d'alluvions et provoquent une lente accrétion verticale.
 Les plaines d'inondation sont souvent constituées de caractéristiques secondaires telles que des bassins d'inondation individuels, des canaux abandonnés, des canaux d'inondation secondaires, des cours d'eau tributaires et des levées naturelles.
 Ce sont des terres agricoles de premier choix et les dépôts archéologiques peuvent être bien préservés dans les sous-environnements.",Encyclopedic dictionary of archaeology (Barbara Ann Kipfer)
Flooring,Floorings,Mosaic,,Man-made horizontal surface; can be created (e.g. a beaten earth floor) or laid (e.g. a mosaic).,,
Forge,Forges,,Forge/forger,"The dictionary word is 'forging': In metalworking, the heating of a metal to soften it and then working it by hammering. It is a process used for
 the working of iron and steel after smelting. Though copper and other metals can be worked cold with occasional annealing this is not a suitable procedure for iron and steel. Forging involves the heating of the bloom to red heat and hammering. This would be carried out on a flat anvil with a hammer to remove impurities and the remains of slag. The resulting bars of iron could then be thinned down and hammered into shape again continuously heating the iron and hammering while red-hot. During the forging process iron can be bent flanges or other features introduced or sheet metal produced.","Le mot du dictionnaire est ""forger"" : Dans le travail des métaux, le chauffage d'un métal pour le ramollir, puis le travailler par martelage. C'est un procédé utilisé pour le travail du fer et de l'acier après la fonte. Bien que le cuivre et d'autres métaux puissent être travaillés à froid avec un recuit occasionnel, ce procédé ne convient pas au fer et à l'acier. Le forgeage implique le chauffage de l'ébauche à la chaleur rouge et le martelage. Cette opération s'effectue sur une enclume plate avec un marteau pour éliminer les impuretés et les restes de scories. Les barres de fer ainsi obtenues peuvent ensuite être amincies et mises en forme par martelage, en chauffant continuellement le fer et en le martelant à chaud. Au cours du processus de forgeage, le fer peut être plié, des brides ou d'autres caractéristiques peuvent être introduites ou des feuilles de métal peuvent être produites.",Encyclopedic dictionary of archaeology (Barbara Ann Kipfer)
Fort,Forts,,Fort,"A fortified place or position prepared for defensive
 or protective purposes and usually surrounded by a ditch,
 rampart, and parapet. Forts were first built on hilltops, from
 late Neolithic to Roman times. Even farmhouses had earthworks
 of ditch, rampart, and wooden stockade built against
 raiding parties. At first, stockades were built on hilltops without
 massive earthworks. The origins of fortification in the
 Greek and Roman world were probably influenced by eastern
 Mediterranean civilizations and were in the major cities of the
 Greek Bronze Age. In ancient days, fortifications hindered the
 best attacking troops for months and even years.","Un lieu ou une position fortifiée préparée à des fins défensives ou de protection et généralement entouré d'un fossé, d'un rempart et d'un parapet. Les forts ont d'abord été construits au sommet des collines, de la fin du Néolithique à l'époque romaine.
 Même les fermes avaient des terrassements de fossés, de remparts et de palissades en bois pour se protéger des attaques. Au début, les palissades étaient construites au sommet des collines sans terrassements massifs. Les origines de la fortification dans le monde grec et romain ont probablement été influencées par les civilisations méditerranéennes orientales et se situaient dans les grandes villes de l'âge du bronze grec.
 Dans l'Antiquité, les fortifications gênaient les meilleures troupes attaquantes pendant des mois, voire des années.",Encyclopedic dictionary of archaeology (Barbara Ann Kipfer)
Fortified city/town,Fortified cities/towns,,ville fortifiée,"""Town defences not only provided protection against attack, they also formed barriers which permitted control of movement to and from the town; in addition, one of the most important functions of town gates was as customs posts where tolls were collected."" 
 
 ""A fortified town has strong walls that can be defended against enemies.""","""Les défenses de la ville ne fournissaient pas seulement une protection contre les attaques, elles formaient également des barrières qui permettaient de contrôler les mouvements vers et depuis la ville ; en outre, l'une des fonctions les plus importantes des portes de la ville était de servir de postes de douane où les péages étaient perçus.""",
Fortified village,Fortified villages,,,,,
Fortress,Fortresses,,,,,
Fountain,Fountains,,,A man-made structure from which a jet or stream of water issues; includes monumental nymphaea,,
Funerary,Funerary sites,,Funéraire,"there is only definition for: funeral pot, funeral urn, funerary complex, funerary cone, funerary monumner, funerary offering, funerary cult, mask, rites, texts and beaker",,
Funerary building,Funerary buildings,,,,,
Funerary enclosure,Funerary enclosures,,,,,
Funerary pillar,Funerary pillars,,,,,
Funerary platform,Funerary platforms,,,,,
Furnace,Furnaces,,Fourneau,"Shaft furnace: A tall slender structure in the form of an upright tube or chimney open
 at the top with a combustion area or hearth at the bottom. There is an
 arrangement at the base of the furnace to control the flow of air into the
 hearth, usually by using natural draught or bellows. The draw created by the
 chimney section of the hearth allows a strong flow of air and very high
 temperatures to be achieved.","Fourneau à cuve : structure haute et mince en forme de tube vertical ou de cheminée ouverte au sommet avec une zone de combustion ou un foyer à la base.
 Il existe un dispositif à la base du four pour contrôler le flux d'air dans le foyer, généralement en utilisant le tirage naturel ou des soufflets. Le tirage créé par la cheminée de la sole permet d'obtenir un fort débit d'air et des températures très élevées.","Concise Oxford Dictionary of Archaeology (Darvill, Timothy)"
Furnace remains,Furnace remains,Furnace rubble,,,,
Galley,Galleys,,,"A watercraft propelled mainly or entirely by multiple sets of oars, and sometimes by sail",,
Gasr,Gasrs,Qasr,Gasr ou Qasr,See fort or castle,Voir Fort,
Gate sites,Gate sites,,,,,
Gateway,Gateways,Arch,,A structure which specifically designates and/or formalises a liminal space or marks an intersection (e.g. Tetrapylon),,
Gathering area,Gathering areas,,,"An open-air space intended for public assemblies and/or events (e.g. Forum, Agora etc.)",,
Glass working,Glass-working sites,,Site de verrerie,glass working (two words) no definition but comes up as examples of sites where it is present,,
Glass workshop,Glass workshops,,,,,
Gorge,Gorges,,,,,
Gotani,Gotanis,,,The place of oaths and trials and some ceremonies are held here with no necessity of going further into the forest,,
Government offices,Government offices,,Bureaux du gouvernement,/,,
Grain bin,Grain bins,,Corbeille à grain = silo à grain ?,"word is 'grain-bin' in dictionary, but no definition",,
Granary,Granaries,,Grenier,"Getty: granaries: ""Storehouses or other repositories for grain, especially after it has been threshed or husked; sometimes also used to store corn."" (http://vocab.getty.edu/resource/getty/search?q=granary&luceneIndex=Brief&indexDataset=Any&_form=%2F)
 only see 'raised granary': Wooden, brick, or stone-built structure used for storing grain or other
 crops built on stilts or legs of some kind to raise it off the ground. This
 allows the grain to be kept drier through the circulation of air below the
 floor and to be better protected from vermin. In England, medieval raised
 granaries were supported on mushroom-shaped staddle stones","""grenier surélevé"" : Structure en bois, en brique ou en pierre utilisée pour stocker le grain ou d'autres cultures, construite sur des pilotis ou des pieds pour la soulever du sol. Cela permet au grain de rester plus sec grâce à la circulation de l'air sous le plancher et d'être mieux protégé de la vermine.
 En Angleterre, les greniers médiévaux surélevés étaient soutenus par des pierres d'assise en forme de champignon.","Concise Oxford Dictionary of Archaeology (Darvill, Timothy)"
Grave,Graves,Tombe,Tombe,"A place of burial for a dead body, typically a hole dug in the ground and marked by a stone or mound.","Lieu de sépulture d'un corps mort, généralement un trou creusé dans le sol et marqué par une pierre ou un monticule.",Encyclopedic dictionary of archaeology (Barbara Ann Kipfer)
Grave marker,Grave markers,,,,,
Grave slab,Grave slabs,,,,,
Graveboard,Graveboards,,,,,
Gravestone,Gravestones,,,,,
Grave yard,,,,,,
Great lsigodlo,Great isigodlos,,Grand Isigodlo,A collection of enclosures (between 2 or 3) found at Zulu capitals directly asscociated with rule authority,"Une collection d'enceintes (entre 2 ou 3) trouvées dans les capitales zouloues, directement associées à l'autorité du souverain.",
Groove marks,Groove marks,,,,,
Grove,Groves,Garden,Bosquet,a group of trees planted close together,un groupe d'arbres plantés à proximité les uns des autres,https://dictionary.cambridge.org/
Gunda buche wall/s,Gunda buche walls,,Tradition Gunda Buche,/,/,
Habitation,Habitations,,Habitation,"Places where people lived, whether permanently or temporarily. They may be constructed dwellings, or possibly a cave or rock-shelter. Habitation sites need not be defended or otherwise enclosed, although many are. Many will be directly associated with other kinds of sites, for example burial grounds and field systems.","Lieux où les gens vivaient, de façon permanente ou temporaire. Il peut s'agir d'habitations construites, de grottes ou d'abris sous roche. Les sites d'habitation n'ont pas besoin d'être défendus ou autrement fermés, bien que beaucoup le soient. Beaucoup sont directement associés à d'autres types de sites, par exemple les cimetières et les systèmes de champs.","Concise Oxford Dictionary of Archaeology (Darvill, Timothy)"
Hafir,Hafirs,Hafir,/,/,,"An artificially constructed water catchment basin with a circular earthen wall and diameters of between 70-250 m and heights of up to 7 m. Adapted to semi-desert conditions, the hafirs catch the water during the rainy season to have it available for several months during the dry season to supply drinking water, irrigate fields and water cattle. They have been used in central Sudan from time immemorial.
 Man-made depressions intended to catch and hold runoff wadis' water; for example Wadi es Sufra in the Butana. Hafirs are a common feature of the Keraba and Butana, the areas east and southeast of Meroe, and of the Sahel area of the Sudan, and are still being constructed and used extensively today."
Hamlet,Hamlets,,,,,
Hearth,Hearths,,"Foyer, cheminée, âtre","Any place where a pit was dug and a fire built, sometimes identified by charcoal, baked earth, ash, discoloration, or an outline of stones or clay footing. The site of an open domestic fire might have served as kiln or oven. Hearths often appear in one layer of soil after another as an archaeologist digs down through a site, and they are an indication of a succession of camps or habitations. Charcoal from a hearth can be dated by the radiocarbon method. Baked clay in a hearth can be dated by the paleomagnetic method. Burnt earthen rims may provide oxidized material for archaeomagnetic dating. The hearth is often centrally located and has a variety of shapes and sizes.","Tout endroit où une fosse a été creusée et où un feu a été fait, parfois identifié par du charbon de bois, de la terre cuite, des cendres, une décoloration ou un contour de pierres ou de terre battue. L'emplacement d'un feu domestique ouvert peut avoir servi de four ou de fourneau. Les foyers apparaissent souvent dans une couche de sol après l'autre lorsque l'archéologue creuse un site, et ils sont une indication d'une succession de camps ou d'habitations. Le charbon de bois d'un foyer peut être daté par la méthode du radiocarbone. L'argile cuite dans un foyer peut être datée par la méthode paléomagnétique. Les rebords de terre brûlée peuvent fournir du matériel oxydé pour la datation archéomagnétique. L'âtre est souvent situé au centre et a une variété de formes et de tailles.",Encyclopedic dictionary of archaeology (Barbara Ann Kipfer)
Henge,Henges,,,,,
Hieroglyphs,Hieroglyphs,,Hiéroglyphes,"From the Greek literally meaning ‘sacred signs’, the term is used to describe ancient Egyptian writing and also other scripts, for example Mayan, with pictographic or ideographic symbols.","Du grec signifiant littéralement ""signes sacrés"", le terme est utilisé pour décrire l'écriture égyptienne ancienne ainsi que d'autres écritures, par exemple mayas, comportant des symboles pictographiques ou idéographiques.","Concise Oxford Dictionary of Archaeology (Darvill, Timothy)"
Hilltop site/hillfort,Hilltop sites/hillforts,,,,,
Hippodrome,Hippodromes,,,"An oblong structure designed primarily for racing, but also other sporting activities, primarily in the Greek/Roman world",,
Historic building,Historic buildings,Historical building,Bâtiment historique,"Synonym;Listed building, Definition: a building of great historical or artistic value that has official protection to prevent it from being changed or destroyed.","Synonyme;Bâtiment classé, Définition : un bâtiment de grande valeur historique ou artistique qui bénéficie d'une protection officielle pour éviter qu'il ne soit modifié ou détruit.",https://dictionary.cambridge.org/
Historic town,Historic towns,,ville historique,,,
Historic village,Historic villages,,village historique,,,
Hospital,Hospitals,,,,,
Hostelry,Hostelries,,,"A public place for where drinks (and food) are served, like an inn or pub",,
House,Houses,,Maison,"a building that people, usually one family, live in.","un bâtiment dans lequel vivent des personnes, généralement une famille.",https://dictionary.cambridge.org/
Hunting,Hunting areas,,,,,
Hunting blind,Hunting blinds,,Affût de chasse (= A place where one posts oneself to watch for game during a hunt); is it that ?,/,/,
Hunting site,Hunting sites,,,,,
Hut,Huts,,Hutte,"a small, simple building, usually consisting of one room","un petit bâtiment simple, généralement constitué d'une seule pièce",https://dictionary.cambridge.org/
Hut platform,Hut platforms,,Plateforme de la hutte ?,"A flat area created to form the foundation of a dwelling, especially on sloping ground, made by cutting back into the slope at the back, creating a terrace in front.","Espace plat créé pour former la fondation d'une habitation, notamment sur un terrain en pente, réalisé en coupant dans la pente à l'arrière, créant une terrasse à l'avant.",Encyclopedic dictionary of archaeology (Barbara Ann Kipfer)
Hypogeum,Hypogea,Hypogaeum,Hypogée,"A rock-cut underground chamber or vault, often used for a series of inhumations. They are a principal part of Egyptian architecture of every period.","Une chambre ou une voûte souterraine taillée dans la roche, souvent utilisée pour une série d'inhumations. Elles constituent une partie importante de l'architecture égyptienne de toutes les périodes.",Encyclopedic dictionary of archaeology (Barbara Ann Kipfer)
Indeterminate,,,Indéterminé or Indéterminable,"not measured, counted, or clearly known","non mesuré, non comptés ou clairement connus",https://dictionary.cambridge.org/
Industrial,,,Industriel,"in or related to industry, or having a lot of industry and factories, etc.","dans ou en relation avec l'industrie, ou ayant beaucoup d'industries et d'usines, etc.",https://dictionary.cambridge.org/
Industrial area,Industrial areas,,Zone industrielle,/,/,https://dictionary.cambridge.org/
Inscription(s),Inscriptions,,Inscription(s),"A set of words or pictographic images cut into the surface of a block of
 stone, ceramic panel, metal plate, or some other kind of durable material in
 order to record some kind of event or dedication.","Un ensemble de mots ou d'images pictographiques gravés sur la surface d'un bloc de pierre, d'un panneau de céramique, d'une plaque de métal ou d'un autre type de matériau durable afin d'enregistrer un événement ou une dédicace.","Darvill, Timothy. Concise Oxford Dictionary of Archaeology. OUP Oxford, 2008."
Inselberg top site,Inselberg top sites,,occupation sur un Inselberg,/,/,
Iron production,,,Zone de production de fer/fourneaux,"The direct process of iron-making is a technique of smelting iron ore in a furnace with charcoal and limestone to produce a spongy, low-carbon form of iron known as a bloom. This ductile material can be forged into tools and weapons. The indrect process of iron-making is a technique of smelting iron ore in a furnace at a very high temperature to yield a molten, high-carbon form of iron. The high-carbon content makes it too brittle for most direct uses, so it must undergo a secondary process, oxidization, to make it more ductile. It can then be forged into weapons and tools. The indirect process of iron-making was developed in China early in the first millennium BC. The Chinese made iron artifacts, heating blooms in a fire and hammering the red-hot metal to produce the desired objects; iron made in this way is known as wrought iron.",,
Iron production area,Iron production areas,,Zone de production de fer/fourneaux,/,/,"Any archaeological site that was primarily used for smelting iron from its ore in a furnace or the secondary process of smithing and forging tools. An iron smelting area can be recognized by its distinctive location (e.g. western side of an anthill, boulder or hill, particularly in East and southern Africa), metallurgical debris such as furnace rubble, tuyeres, anvil heads, slag and charcoal."
Iron production furnace,Iron production furnaces,Fourneau de réduction du fer (Ad),"The furnace is an internal combustion furnace (semi-open structure) used to transform iron ore (hematite, limonite, etc.) into metallic iron either by direct or indirect reduction. Three major iron smelting furnaces were used in the Iron Age of sub-Saharan Africa, ranging from the natural draught driven tall shaft to the forced draught powered lowshaft and bowl furnaces.","Le fourneau est un four à combustion interne (structure semi-ouverte) utilisé pour transformer le minerai de fer (hématite, limonite, etc.) en fer métallique par réduction directe ou indirecte. Trois principaux fours de fusion du fer étaient utilisés à l'âge du fer en Afrique subsaharienne, allant du haut fourneau à tirage naturel au bas fourneau et au fourneau à cuvette à tirage forcé.",https://onlinelibrary.wiley.com/doi/full/10.1111/arcm.12013,"Le fourneau est un four à combustion interne (structure semi-ouverte) qui sert à transformer le minerai de fer (hématite, limonite, etc.) en fer métallique soit par la réduction directe ou indirecte."
Irrigation,Irrigation systems,,,,,
Isigodlo,Isigodlos,,Isigodlo,A section of a military settlement associated with royal authority,Une section d'un établissement militaire associée à l'autorité royale,https://dsae.co.za/entry/isigodlo/e03354
Isolated find,Isolated finds,,Découverte isolée,a physical location of past human activity consisting of one or very few artifacts in a location that is interpreted as not representing patterned human behavior.,un emplacement physique d'une activité humaine passée consistant en un ou très peu d'artefacts dans un endroit qui est interprété comme ne représentant pas un comportement humain structuré.,https://www.lawinsider.com/dictionary/isolated-find
Kaya,Kayas,Settlement,,"The traditional homestead clearing encircled by the forest / a
forested area of ancient Mijikenda settlement",,
Kerb burial,Kerb burials,Islamic tomb,,"Monument outlined by kerb stones with or without interior stones and of low relief. Often Islamic in nature. Described by BANI (1994) as monument of rectangular plan totally enclosed by low wall. 3–5m × 0.7–1.2m, containing a pit burial.",,
Keyhole monument,Keyhole monuments,,,"Often confused with Goulets, Keyhole monuments have an inner and outer enclosure giving them the appearance of a cairn surrounded by two concentric circles or ellipses. May include a number of intrusive tumuli and/or other later structures, sometimes the stone taken from the keyhole itself. Keyhole monuments exhibit greater relief than goulets, with raised enclosure perimeters. In a keyhole monument, the outer perimeter tends to be complete, closing the end of the corridor. Keyhole monuments exhibit less pronounced asymmetry, and may be wider at the end housing the tumulus.",,
Khalwa,,,Khalwa,"Schools to teach Quran and related science in addition to Arabic and mathematics. The word is derived from an Arabic root indicating “seclusion in the wild,” much like Christian monks. The idea is that religious teachers sought to be alone in pursuit of mystics’ meditation. They would isolate themselves in a cell-like room, a cave, or even inside a baobab tree. Then, as Quran teaching and all literary education became associated with the fekki (sheikh) who practiced seclusion and asceticism in various ways, the word khalwa came to mean the Quran School (and a room for guests). Most of the khalwas during the Funj and the Turko-Egyptian periods in Sudan belonged to individuals or family groups that separated themselves from the moral struggle of tribal and intertribal life.","Les écoles enseignent le Coran et les sciences connexes en plus de l'arabe et des mathématiques. Le mot est dérivé d'une racine arabe qui indique la ""réclusion dans la nature"", à l'instar des moines chrétiens. L'idée est que les enseignants religieux cherchaient à être seuls pour poursuivre la méditation des mystiques. Ils s'isolaient dans une pièce semblable à une cellule, dans une grotte ou même à l'intérieur d'un baobab. Puis, comme l'enseignement du Coran et toute l'éducation littéraire ont été associés aux fekki (cheikh) qui pratiquaient la réclusion et l'ascétisme de diverses manières, le mot khalwa en est venu à désigner l'école coranique (et une chambre pour les invités). La plupart des khalwas des périodes funj et turco-égyptienne au Soudan appartenaient à des individus ou à des groupes familiaux qui se séparaient de la lutte morale de la vie tribale et intertribale.",adapted from Soghayroun 2020 -The Nilotic Sudan https://doi.org/10.1093/oxfordhb/9780199987870.013.16)
Kill site,Kill sites,,,,,
Kiln,,Forge,,"Structure designed for the processing/manufacture of pottery, lime or metal",,
Kite,Kites,,?,"a frame covered with cloth or plastic and joined to a long string, that you fly in the air when the weather is windy","un cadre recouvert de tissu ou de plastique et relié à une longue corde, que l'on fait voler dans les airs lorsque le temps est venteux.",https://dictionary.cambridge.org/dictionary/english/kite?q=Kite
Knapping,,,,,,
Knapping site,Knapping sites,"Area
 lithic production","Zone de taille
 Production lithique",/,/,
Kôm,,,,/,/,
Kraal,Kraals,,Kraal,"An enclosure, fold, or pen for domestic or other animals.","Une enceinte, un repli ou un enclos pour les animaux domestiques ou autres.",https://dsae.co.za/entry/kraal/e04089
Kraal deposit,Kraal deposits,,dépôt kraal ?,usually refers to dung remains found where domesticated animals were kept or penned,/,
Lake,Lakes,,,,,
Landing place,Landing places,,,Location where ships/boats can be beached to on/offload people and cargo,,
Large circle,Large circles,,,"A large circular or sub-circular enclosure, of 200+ m diameter",,
Latrine,Latrines,Toilet,,Fixed facilities to accommodate human bodily functions,,
Liberation monument,Liberation monuments,,Monument de la libération,/,/,
Lighthouse,Lighthouses,,,"A building, normally a tower, used for signalling ships and indicating the location of the shore",,
Lithic production,Lithic production sites,,,,,
Lithic scatter,Lithic scatters,,Dispersion lithique,"A common class of sites where tools were made
 or repaired, resulting in a large number of flakes (and typically
 few other artifacts) at a site.","Une classe commune de sites où les outils étaient fabriqués ou réparés, ce qui donne un grand nombre de éclats (et généralement peu d'autres artefacts) sur un site.","Kipfer, Barbara Ann. Encyclopedic dictionary of archaeology. Cham: Springer International Publishing, 2021"
Logboat,Logboats,,,A watercraft created by hollowing out the trunk of a tree,,
Madrasa complex,Madrasa complexes,,,A complex for Islamic learning,,
Managed site,Managed sites,,,An archaeological site or part thereof which is managed by an authorised body,,
Mangroves,Mangroves,,Mangroves,"a tropical tree, found near water, whose twisted roots grow partly above ground.","un arbre tropical, que l'on trouve près de l'eau, dont les racines tordues poussent en partie au-dessus du sol.",https://dictionary.cambridge.org/dictionary/english/mangrove?q=Mangroves
Manufacturing site,Manufacturing sites,,,/,/,
Market,Markets,,Marché,"A defined place where people periodically gather together at
 predetermined times for the purchase and sale of goods, livestock, services,
 or commodities of various kinds within the structure of a market economy.","Un lieu défini où les gens se rassemblent périodiquement à des moments prédéterminés pour l'achat et la vente de biens, de bétail, de services, ou de marchandises de toutes sortes dans le cadre d'une économie de marché.","Darvill, Timothy. Concise Oxford Dictionary of Archaeology. OUP Oxford, 2008."
Marketplace,Marketplaces,,,,,
Mausoleum,Mausolea,,,,,
Mbira/mbirani,Mbiras/mbiranis,,,Grave. Mbirani-graveyard in the Kaya,,
Meat feasting site,Meat feasting sites,,Site de festin de viande,/,/,
Megachurches,Megachurches,,Méga-églises,"church with an unusually large membership, esp. one preaching a conservative or evangelical form of Christianity and also offering a variety of educational and social activities.","église comptant un nombre inhabituellement élevé de membres, en particulier une église prêchant une forme conservatrice ou évangélique de christianisme et offrant également une variété d'activités éducatives et sociales.",https://www.oed.com/view/Entry/115861?redirectedFrom=Megachurches#eid37591737
Megalithic feature,Megalithic features,,,"A feature primarily composed of of large, monolithic stones of unknown/indeterminate form/arrangement",,
Megalithic site,Megalithic sites,,Site mégalithique,"Megalithic Art
 Synonyms or Related Words: Stone art
 Category: Artifact
 Definition: Neolithic engravings found on megalithic stones
 of chambered tombs and menhirs. Motifs include the concrete
 and the abstract. The art is associated with passage graves.
 Examples are Gavrinis, Knowth, and Newgrange. Megalithic
 art objects often suggest a highly developed cult of a spirit
 world connected with the remains of the dead.
 KIPFER, Encyclopedic Dictionary of Archaeology, p. 839
 Megalithic Culture
 Category: Term
 Definition: In India, an Iron Age culture of the south from
 the first millennium BC or earlier which lasted into the early
 first millennium AD. The grave forms include urn burials and
 various cist, pit, and rock-cut graves. Stone alignments are
 also associated and graves generally contain burnished black-
 and-red ware, iron tools, weapons, horse, and household
 equipment.
 KIPFER, Encyclopedic Dictionary of Archaeology, p. 840
 megalithic architecture [De].
 A rather obsolete term once applied to the design of Neolithic long
 barrows, other types of chambered tombs, and related monuments that
 utilized megaliths in their construction. As variations in the form of the
 structures have been recognized and explored, less attention has been given
 to the techniques used in their construction.
 Back - New Search
 megalithic art [Ge].
 General term for the styles of rock art found on component stones
 of passage graves and developed passage graves in
 northwest Europe, especially northern Spain, Brittany, Ireland, Wales,
 England, and Scotland. Some of the stones were decorated while part of the tomb, but others were clearly decorated prior to being used during the construction of the monument. Typical motifs include: spirals, lozenges,
 zig-zags, concentric circles, axe motifs, oxen, human breasts, and crook
 symbols.
 Back - New Search
 megalithic tomb [MC].
 A general term applied to chambered tombs in which massive blocks of
 stone (see MEGALITH) were used to create the walls and roof of passages
 and chambers. The term is often used generically for all kinds of stone-built
 chambered tombs, or loosely when the exact type of tomb is not known.
 Long barrow, passage grave, portal dolmen.
 DARVILL, Oxford Concise Dictionary of Archaeology, p. 582 et 583/1096","Art mégalithique
 Synonymes ou mots apparentés : Art de la pierre
 Catégorie : Artefact
 Définition : Gravures néolithiques retrouvées sur les pierres mégalithiques des tombes à chambres et des menhirs. Les motifs comprennent le concret et l'abstrait. L'art est associé aux tombes de passage.
 Les exemples sont Gavrinis, Knowth, et Newgrange. Les objets d'art mégalithiques suggèrent souvent un culte très développé d'un monde spirituel lié aux restes des morts.
 KIPFER, Dictionnaire encyclopédique d'archéologie, p. 839.
 La culture mégalithique
 Catégorie : Terme
 Définition : En Inde, une culture de l'Âge du Fer du sud à partir de du premier millénaire avant J.-C. ou plus tôt, qui a duré jusqu'au début du premier millénaire de notre ère.
 Les formes de sépultures comprennent des inhumations en urne et diverses cistes, fosses et tombes creusées dans la roche. Des alignements de pierres sont également associés et les sépultures contiennent des burnished black-and-red ware, des outils en fer, des armes, des chevaux et de l'équipement ménager.
 KIPFER, Dictionnaire encyclopédique d'archéologie, p. 840.
 architecture mégalithique [De].
 Terme plutôt obsolète qui s'appliquait jadis à la conception de longs tumulus néolithiques, d'autres types d'édifices à chambres et d'autres monuments apparentés qui utilisaient des mégalithes dans leur construction. Au fur et à mesure que les variations dans la forme des structures ont été reconnues et explorées, moins d'attention a été accordée aux techniques utilisées dans leur construction.
 Retour - Nouvelle recherche
 art mégalithique [Ge].
 Terme général désignant les styles d'art rupestre que l'on trouve sur les pierres constitutives
 des tombes de passage et des tombes de passage développées en Europe du Nord-Ouest, en particulier le nord de l'Espagne, la Bretagne, l'Irlande, le Pays de Galles,
 l'Angleterre et l'Écosse. Certaines de ces pierres ont été décorées alors qu'elles faisaient partie de la tombe, mais d'autres ont été clairement décorées avant d'être utilisées pour la construction du monument.
 Les motifs typiques sont les suivants : spirales, losanges, zig-zags, cercles concentriques, motifs de hache, bœufs, poitrines humaines et symboles de crosse.
 Retour - Nouvelle recherche
 tombe mégalithique [MC].
 Terme général s'appliquant aux tombes à chambres dans lesquelles des blocs massifs de
 blocs de pierre massifs (voir MÉGALITHE) ont été utilisés pour créer les murs et le toit des passages et des chambres. Le terme est souvent utilisé de manière générique pour tous les types de tombes à chambres construites en pierre ou de manière plus vague lorsque le type exact de tombe n'est pas connu.
 LONG BARROW tertre long, tombe passage, dolmen à portail.
 DARVILL, Oxford Concise Dictionary of Archaeology, p. 582 et 583/1096.","Megalithic Art : KIPFER, Encyclopedic Dictionary of Archaeology, p. 839
 Magalithic Culture : KIPFER, Encyclopedic Dictionary of Archaeology, p. 840
 Megalithic Art et Megalithic tomb : DARVILL, Oxford Concise Dictionary of Archaeology, p. 582 et 583/1096"
Megalithic site stone,Megalithic site stones,,Pierre de site mégalithique?,/,,These are megalithic monuments whose burial structures are marked out with stone blocks.
Megalithic site wooden,Megalithic site wooden structures,,Bois de site mégalithique?,/,,These are megalithic monuments whose burial structures are marked out with wood.
Megaliths,Megaliths,,Mégalithes,"megalithic From the early Neolithic onwards,
 megalithic (literally, ‘large stone’) architecture
 formed one of the most distinctive and enduring
 features of prehistoric European architecture. The
 term megalithic is applied to any prehistoric monument
 or building that makes use of very large,
 unshaped blocks of stone as a principal component
 – although earth, rubble, drystone and timber often
 form subsidiary materials. By contrast, when blocks
 are carefully shaped and fitted – in Mycenaean
 architecture, for example – the term cyclopean is
 preferred. (Stonehenge and the Maltese temples, built of carefully shaped stones but conventionally regarded as prime examples of egalithic design, are among the exceptions that
 prove this rule.)
 There are two key expressions of megalithic
 building: tomb-building in the Neolithic (discussed
 in this article), and the erection of
 ceremonial monuments in the Neolithic and the
 Bronze Age (see Stone circles). Megalithic
 tombs are known throughout much of northwestern
 and western Europe, particularly along the
 Atlantic seaboard. They are commonly grouped
 into key architectural forms such as passage grave, gallery graves and allées couvertes, with many regional variants such as
 the Boyne valley passage graves and Severncotswold
 gallery graves (Joussaume 1988
 provides a regional survey). Until the advent of
 radiocarbon dating, there were many attempts to
 trace the evolution of these regional styles through
 an inter-linked evolutionary tree, sometimes taken
 to begin in Iberia, Egypt or the Near East (see also
 DIFFUSIONISM). However, during the 1960s radiocarbon
 dates led archaeologists such as Colin
 Renfrew to suggest that the Breton tombs were
 among the earliest examples: the chronological
 sequences suggested by the diffusionary schemes
 thus became untenable, and it was suggested that
 megalithic construction might have been invented
 independently in several regions. The emphasis
 shifted to trying to understand why groups building
 megalithic structures were receptive to the idea
 of monumental architecture, rather than the construction
 of elaborate stylistic family trees.
 Such explanations have stressed the collective
 and (supposedly) egalitarian nature of many of the
 burials; the monumental effect of the building
 within the natural landscape; and the ‘legitimizing’
 symbolism of maintaining contact with dead ancestors.
 This suggests to many researchers that
 megalithic tombs were linked to concerns about
 establishing rights over agricultural land, and the
 reinforcement of social cohesion – perhaps in
 answer to pressure from neighbouring groups.
 Other analyses have thrown doubt on the egalitarian
 nature of burial in megalithic tombs (e.g. Bradley 1984), suggesting that some more elaborate tombs
 reveal signs of internal social competition. Various
 studies have also tried to link megalithic monuments
 to territories and to calculate local
 populations (notably Renfrew 1976).
 Another long-running theme within megalithic
 studies has been the attempt to identify ALIGNMENTS
 in the orientation of the covering barrows
 and architectural elements of the tombs. The roofbox
 of Newgrange is the most dramatic example
 of this, apparently aligned to allow winter sun to fill
 the chamber around the time of the winter solstice.
 More recently, studies (e.g. Hodder, 1992) have
 attempted to reveal the symbolism of Neolithic
 tombs as ‘houses for the dead’, while there have
 been renewed attempts to understand the ritual
 breaking of pottery, feasting and other activities that
 seem often to have taken place in the tomb forecourt.
 There have been suggestions, too, that the
 symbols and curvilinear designs of megalithic art
 found most notably on Breton and Irish passage
 tombs (surveyed by Shee Twohig, 1981) may
 be related to Shamanistic practices (Lewis-
 Williams, 1993).
 C. Renfrew: ‘Megaliths, territories and populations’,
 Acculturation and continuity in Atlantic Europe, ed. S. De
 Laet (Bruges, 1976), 198–220; C. Renfrew, ed.: The megalithic
 monuments of western Europe (London, 1981); E. Shee
 Twohig: The megalithic art of Western Europe (1981); R.
 Bradley: The social foundations of prehistoric Britain
 (London, 1984); R. Joussaume: Dolmens for the dead;
 megalith building throughout the world (London, 1988); I.
 Hodder: ‘Burials, houses, women and men in the
 European Neolithic’, Theory and practice in archaeology,
 ed. I. Hodder (London, 1992), 45–83; J.D. Lewis-
 Williams and T.A. Dawson: ‘On vision and power in the
 Neolithic: evidence from the decorated monuments’, CA
 34 (1993), 55–65.
 RJA
 SHAW, JAMESON, A Dictionary of Archaeology, p. 389-390
 Megalith
 Synonyms or Related Words: Megalithic (adj.)
 Category: Feature; Structure
 Definition: From the Greek megas “large” and lithos
 “stone,” the term for a large stone and also for structures or
 arrangements of large stones (menhirs, stone circles, and
 alignments). The term is especially used for the monuments
 of northern and western Europe from the Mesolithic period,
 such as Stonehenge and Carnac in France of the late Neolithic
 culture of western Europe. Such a stone was sometimes free-
 standing, sometimes part of a structure. The term could also
 refer to a large tomb which used megaliths to create passages
 and chambers in which burials of one or more people could be
 placed, such as the passage graves of Brittany. Some author-
 ities have used the term in a still wider sense to cover monu-
 ments built of Cyclopean masonry such as the Maltese
 Temples, the Nuraghi of Sardinia and the Navetas of Minorca.
 Various types of megalithic monuments have also been found
 in parts of Asia, Oceania, and Africa. The migration theories
 based on megalithic monuments are now discounted. It is now
 accepted that the practice of erecting these monuments arose
 independently in different times and places and for different
 reasons.
 KIPFER, Encyclopedic Dictionary of Archaeology, p. 839
 megalith [Ar].
 Literally, a big stone. Often applied as a general term to monuments of
 Neolithic and early Bronze Age date in northwest Europe which incorporate
 such stones into their construction: for example, chambered tombs, stone
 circles, and alignments as well as individual standing stones or menhirs.
 Also used as an abbreviated form of megalithic tomb.
 DARVILL, Oxford Concise Dictionary of Archaeology, p. 582/1096","mégalithique A partir du début du Néolithique,
 l'architecture mégalithique (littéralement, ""grande pierre"")
 constitue l'un des traits les plus distinctifs et les plus durables de l'architecture européenne préhistorique.
 Le terme mégalithique s'applique à tout monument ou bâtiment préhistorique qui utilise de très grands blocs de pierre non façonnés comme composant principal - bien que la terre, les moellons, la pierre sèche et le bois forment des matériaux secondaires. En revanche, lorsque les blocs
 sont soigneusement façonnés et ajustés, par exemple dans l'architecture
 Mycénienne, par exemple - le terme cyclopéen est préféré.
 (Stonhenge et le temple maltais, construits avec des pierres soigneusement façonnées mais conventionnellement
 considérés comme les meilleurs exemples de
 mégalithes, sont parmi les exceptions qui confirment cette règle).
 Il y a deux expressions clés de la construction mégalithique : la construction de tombes au Néolithique (discutée dans cet article), et l'édification de monuments cérémoniels au Néolithique et à l'Âge du Bronze (cf. Cercles de pierres). Les tombes mégalithiques sont connues dans une grande partie du nord-ouest et de l'ouest de l'Europe, en particulier le long du littoral atlantique. Elles sont généralement regroupées en formes architecturales clés telles que les tombes de passage, les tombes-galeries et les allées couvertes, avec de nombreuses variantes régionales telles que
 les tombes à passage de la vallée de la Boyne et les tombes à galerie de Severcotswold (Joussaume 1988 fournit une étude régionale). Jusqu'à l'avènement de la de la datation au radiocarbone, il y a eu de nombreuses tentatives pour retracer l'évolution de ces styles régionaux à travers d'un arbre évolutif interconnecté, parfois considéré comme l'Ibérie, l'Égypte ou le Proche-Orient (voir également le Diffusionisme). Cependant, au cours des années 1960, les datations au radiocarbone ont conduit des archéologues tels que Colin Renfrew de suggérer que les tombes bretonnes étaient parmi les plus anciennes : les séquences chronologiques suggérées par les schémas diffusionnistes ainsi devenues intenables, et il a été suggéré que
 la construction mégalithique pourrait avoir été inventée indépendamment dans plusieurs régions. L'accent a été mis sur la compréhension de la raison pour laquelle les groupes construisant
 des structures mégalithiques étaient réceptifs à l'idée de l'architecture monumentale, plutôt que la construction d'arbres généalogiques stylistiques élaborés.
 De telles explications ont souligné le caractère collectif et (supposément) égalitaire de beaucoup de sépultures, l'effet monumental de l'édifice dans le paysage naturel, et le symbolisme "" légitimant "" du maintien du contact avec les ancêtres morts.
 Cela suggère à de nombreux chercheurs que que les tombes mégalithiques étaient liées à des préoccupations concernant l'établissement de droits sur les terres agricoles, et le
 renforcement de la cohésion sociale - peut-être en réponse à la pression des groupes voisins.
 D'autres analyses ont jeté un doute sur la nature égalitaire de l'inhumation dans les tombes mégalithiques (par exemple Bradley 1984), suggérant que certaines tombes plus élaborées révèlent des signes de compétition sociale interne.
 Diverses études ont également essayé de relier les monuments mégalithiques à des territoires et de calculer les populations locales (notamment Renfrew 1976).
 Un autre thème récurrent dans les études mégalithiques est la tentative d'identifier les ALIGNEMENTS dans l'orientation des tumulus de couverture et des éléments architecturaux des tombes. La ""roofbox"" de NEWGRANGE en est l'exemple le plus spectaculaire, apparemment aligné pour permettre au soleil d'hiver de remplir la chambre au moment du solstice d'hiver.
 Plus récemment, des études (par exemple Hodder, 1992) ont tenté de révéler le symbolisme des tombes néolithiques en tant que que ""maisons des morts"", alors qu'il y a eu des tentatives renouvelées de comprendre le rituel de poterie, les festins et autres activités qui semblent avoir eu lieu sur le parvis des tombes.
 On a également suggéré que les symboles et les dessins curvilignes de l'art mégalithique que l'on retrouve notamment sur les tombes de passage bretonnes et irlandaises (étudiés par Shee Twohig, 1981) pourraient être liés à des pratiques shamaniques (Lewis-
 Williams, 1993).
 C. Renfrew : 'Megaliths, territories and populations',
 Acculturation et continuité en Europe atlantique, ed. S. De
 Laet (Bruges, 1976), 198-220 ; C. Renfrew, ed : The megalithic
 monuments mégalithiques d'Europe occidentale (Londres, 1981) ; E. Shee
 Twohig : The megalithic art of Western Europe (1981) ; R.
 Bradley : The social foundations of prehistoric Britain
 (Londres, 1984) ; R. Joussaume : Les dolmens des morts ;
 La construction des mégalithes à travers le monde (Londres, 1988) ; I.
 Hodder : "" Burials, houses, women and men in the European Neolithic
 European Neolithic', Theory and practice in archaeology,
 ed. I. Hodder (Londres, 1992), 45-83 ; J.D. Lewis-
 Williams et T.A. Dawson : 'On vision and power in the Neolithic : evidence from the decorated'.
 Neolithic : evidence from the decorated monuments', CA
 34 (1993), 55-65.
 RJA
 SHAW, JAMESON, A Dictionary of Archaeology, p. 389-390.
 Megalith
 Synonymes ou mots apparentés : Mégalithique (adj.)
 Catégorie : Caractéristique ; Structure
 Définition : Du grec megas ""grand"" et lithos ""pierre"".
 ""pierre"", le terme désigne une grande pierre ainsi que des structures ou des arrangements de grandes pierres (menhirs, cercles de pierres, etc.). Le terme est surtout utilisé pour les monuments
 d'Europe du Nord et de l'Ouest datant du Mésolithique, tels que Stonehenge et Carnac en France, de la culture néolithique tardive de l'Europe occidentale.
 Une telle pierre était parfois partie intégrante d'une structure. Le terme pouvait également faire référence à une grande tombe qui utilisait des mégalithes pour créer des passages et des chambres dans lesquels les sépultures d'une ou plusieurs personnes étaient enterrées, comme les tombes à passage de Bretagne. Certains auteurs ont utilisé le terme dans un sens encore plus large pour couvrir les monuments construits en maçonnerie cyclopéenne tels que les temples de Malte, les
 temples maltais, les Nuraghi de Sardaigne et les Navetas de Minorque.
 Divers types de monuments mégalithiques ont également été découverts
 dans certaines régions d'Asie, d'Océanie et d'Afrique. Les théories de la migration
 basées sur les monuments mégalithiques sont désormais écartées.
 Il est désormais admis que la pratique de l'érection de ces monuments est apparue
 indépendamment en différents lieux et époques et pour différentes
 raisons.
 KIPFER, Dictionnaire encyclopédique d'archéologie, p. 839.
 mégalithe [Ar].
 Littéralement, une grosse pierre. Souvent appliqué comme un terme général aux monuments du
 néolithique et du début de l'Âge du Bronze en Europe du Nord-Ouest, qui intègrent des
 de telles pierres dans leur construction : par exemple, les tombes à chambres, les cercles de pierres et alignements, ainsi que les pierres dressées individuelles ou menhirs.
 Également utilisé comme forme abrégée de tombe mégalithique.
 DARVILL, Oxford Concise Dictionary of Archaeology, p. 582/1096.","SHAW, JAMESON, A Dictionary of Archaeology, p. 389-390
 KIPFER, Encyclopedic Dictionary of Archaeology, p. 839
 DARVILL, Oxford Concise Dictionary of Archaeology, p. 582/1096"
Memorial arch,Memorial arches,,,,,
Metal reduction,Metal reduction sites,Processing workshop,Atelier de réduction/transformation de métal/fourneaux,/,/,
Metallurgical,Metallurgical sites,,Métallurgique,"Metallurgical Analysis
 Category: Technique
 Definition: The study of metals. Metal artifacts and the
 tools or waste products of their manufacture are examinedto reconstruct manufacturing processes, the source of raw
 materials, and the usage. This may be done by the various
 techniques of chemical analysis, or may involve metallo-
 graphic examination under a microscope. In the case of
 copper, bronze, and other nonferrous metals, such analysis
 may yield information about alloys, casting, cold-working,
 and annealing. For iron and steel, there may be informa-
 tion about forging, carburization, quenching, and
 tempering.","Analyse métallurgique
 Catégorie : Technique
 Définition : L'étude des métaux. Les artefacts métalliques et les outils ou déchets de leur fabrication sont examinés afin de reconstituer les processus de fabrication, la source des matières premières et l'utilisation.
 Cela peut être fait par les différentes techniques d'analyse chimique ou par un examen métallographique au microscope.
 Dans le cas du cuivre, du bronze et d'autres métaux non ferreux, cette analyse peut donner des informations sur les alliages, la fonte, le travail à froid et le recuit,
 Dans le cas du fer et de l'acier, on peut obtenir des informations sur le forgeage, la cémentation et la trempe et le revenu.","KIPFER, Encyclopedic Dictionary of Archaeology, p. 851-852"
Metallurgy and mining,Metallurgy and mining sites,,Métallurgique et Minier,"Metallurgy
 Category: Related field
 Definition: The art of working metals. Various techniques
 include annealing, repoussé, cire perdue, cold-working, cast-
 ing, forging, carburization, quenching, tempering, soldering,
 smelting, welding, and creation of alloys.
 KIPFER, Encyclopedic Dictionary of Archaeology, p. 852
 Mining
 Category: Geology
 Definition: The creation of a pit or excavation in the earth
 from which mineral substances are taken. The colonization of
 northern European plain and introduction of the plow in the
 third millennium BC first necessitated the mining of flint in
 order to produce supplies of stone to make axes for clearing
 forest. The first systematic mining in Classical times was
 carried out in silver mines of Athens.
 KIPFER, Encyclopedic Dictionary of Archaeology, p. 868
 metallurgy [De].
 Metalworking in all its aspects; the art of working metals.
 DARVILL, Oxford Concise Dictionary of Archaeology, p. 590/1096","Métallurgie
 Catégorie : Domaine connexe
 Définition : L'art de travailler les métaux. Les différentes techniques comprennent le recuit, le repoussé, la cire perdue, le travail à froid, le moulage, le forgeage, la cémentation, la trempe, le revenu, le brasage, la fusion, le soudage et la création d'alliages.
 
 Mines
 Catégorie : Géologie
 Définition : La création d'une fosse ou d'une excavation dans la terre
 d'où l'on extrait des substances minérales. La colonisation des plaines d'Europe du Nord et l'introduction de la charrue au troisième millénaire avant J.-C. ont d'abord nécessité l'exploitation du silex afin de produire des réserves de pierre pour fabriquer des haches destinées à défricher les forêts. La première extraction systématique à l'époque classique a eu lieu dans les mines d'argent d'Athènes.
 
 métallurgie [De].
 Le travail des métaux sous tous ses aspects ; l'art de travailler les métaux.","Metallurgy : KIPFER, Encyclopedic Dictionary of Archaeology, p. 852
 Mining : KIPFER, Encyclopedic Dictionary of Archaeology, p. 868
 Metallurgy : DARVILL, Oxford Concise Dictionary of Archaeology, p. 590/1096"
Midden,Middens,,Dépotoir concentré,"Midden
 Synonyms or Related Words: Kitchen midden
 Category: Feature
 Definition: Any large refuse heap, mound, or concentration
 of cultural debris associated with human occupation. The
 term includes such materials as discarded artifacts (e.g., bro-
 ken pots and tools), food remains, shells, bones, charcoal and
 ashes, – and may include the material in which the debris is
 encapsulated and modifications of this matrix. Midden debris
 usually contains decayed organic material, bonescrap, arti-
 facts (broken and whole), and miscellaneous detritus. Mid-
 dens are a valuable source of archaeological data. The long-
 term disposal of refuse can result in stratified deposits, which
 are useful for relative dating. Sometimes the midden is a
 dump or trash pile separate from the residential area, but
 more commonly among hunters and gatherers the houses
 are on top of the midden itself. Some of the largest shell
 middens were accumulated by shore-dwellers in Mesolithic
 Denmark.
 KIPFER, Encyclopedic Dictionary of Archaeology, p. 857
 midden [MC].
 Any heap of rubbish or occupation debris adjacent to a dwelling or
 other site. See also Shell midden
 DARVILL, Oxford Concise Dictionary of Archaeology, p. 592/1096","Dépotoir
 Synonymes ou mots apparentés : Décharge de cuisine
 Catégorie : Caractéristique
 Définition : Tout grand tas de déchets, monticule ou concentration de débris culturels associés à l'occupation humaine. Le terme inclut des matériaux tels que des artefacts mis au rebut (par exemple, des pots et des outils brisés), des restes de nourriture, des coquillages, des os, du charbon de bois et des cendres, et peut inclure le matériau dans lequel les débris sont encapsulés et les modifications de cette matrice. Les débris de tertres contiennent généralement de la matière organique en décomposition, des débris d'ossements, des artefacts (brisés et entiers) et divers détritus. Les dépotoirs sont une source précieuse de données archéologiques. L'élimination à long terme des déchets peut donner lieu à des dépôts stratifiés, qui sont utiles pour la datation relative. Parfois, le dépotoir est une est une décharge ou un tas d'ordures séparé de la zone résidentielle, mais le plus souvent, chez les chasseurs et les cueilleurs, les maisons se trouvent au-dessus du dépôt lui-même. Certains des plus grands dépôts de coquillages ont été accumulés par les habitants du littoral au Mésolithique.
 Danemark.
 
 terril [MC].
 Tout amas d'ordures ou de débris d'occupation adjacent à une habitation ou à un autre site.
 autre site. Voir aussi amas coquillier (shell midden)",Endroit circonscrit où sont déposés des objets hétéroclites ou de rebut.
Midden/ rubbish dump,Middens/rubbish dumps,,Dépotoir concentré,"Midden
 Synonyms or Related Words: Kitchen midden
 Category: Feature
 Definition: Any large refuse heap, mound, or concentration
 of cultural debris associated with human occupation. The
 term includes such materials as discarded artifacts (e.g., bro-
 ken pots and tools), food remains, shells, bones, charcoal and
 ashes, – and may include the material in which the debris is
 encapsulated and modifications of this matrix. Midden debris
 usually contains decayed organic material, bonescrap, arti-
 facts (broken and whole), and miscellaneous detritus. Mid-
 dens are a valuable source of archaeological data. The long-
 term disposal of refuse can result in stratified deposits, which
 are useful for relative dating. Sometimes the midden is a
 dump or trash pile separate from the residential area, but
 more commonly among hunters and gatherers the houses
 are on top of the midden itself. Some of the largest shell
 middens were accumulated by shore-dwellers in Mesolithic
 Denmark.
 KIPFER, Encyclopedic Dictionary of Archaeology, p. 857
 midden [MC].
 Any heap of rubbish or occupation debris adjacent to a dwelling or
 other site. See also Shell midden
 DARVILL, Oxford Concise Dictionary of Archaeology, p. 592/1096","Dépotoir
 Synonymes ou mots apparentés : Décharge de cuisine
 Catégorie : Caractéristique
 Définition : Tout grand tas de déchets, monticule ou concentration de débris culturels associés à l'occupation humaine. Le terme inclut des matériaux tels que des artefacts mis au rebut (par exemple, des pots et des outils brisés), des restes de nourriture, des coquillages, des os, du charbon de bois et des cendres, et peut inclure le matériau dans lequel les débris sont encapsulés et les modifications de cette matrice. Les débris de tertres contiennent généralement de la matière organique en décomposition, des débris d'ossements, des artefacts (brisés et entiers) et divers détritus. Les dépotoirs sont une source précieuse de données archéologiques. L'élimination à long terme des déchets peut donner lieu à des dépôts stratifiés, qui sont utiles pour la datation relative. Parfois, le dépotoir est une est une décharge ou un tas d'ordures séparé de la zone résidentielle, mais le plus souvent, chez les chasseurs et les cueilleurs, les maisons se trouvent au-dessus du dépôt lui-même. Certains des plus grands dépôts de coquillages ont été accumulés par les habitants du littoral au Mésolithique.
 Danemark.
 
 terril [MC].
 Tout amas d'ordures ou de débris d'occupation adjacent à une habitation ou à un autre site.
 autre site. Voir aussi amas coquillier (shell midden)","KIPFER, Encyclopedic Dictionary of Archaeology, p. 857
 DARVILL, Oxford Concise Dictionary of Archaeology, p. 592/1096"
Milch pastoralism,Milch pastoral sites,,,,,
Military settlement,Military settlements,,Installation militaire,/,/,
Mill (water), Mills (Water),,,A structure or building used for grinding/milling and fueled by water,,
Mill (wind), Mills (Wind),,,A structure or building used for grinding/milling and fueled by wind,,
Minaret,Minarets,,,"A tall, thin tower on or near a mosque from which people are called to pray",,
Mine,Mines,,Mine,"mine [MC].
 Any kind of excavation into the ground for the purpose of extracting
 some kind of raw material such as stone, metal ore, coal, or flint. The
 simplest mines are basically pits sunk into the ground to find or follow
 outcrops of the desired material; these can be described as open–cast mines
 . Lines of shallow extraction pits following surface outcrops of metal ore
 are known as rakes . Deeper, rather cylindrical holes may be described as
 simple shaft mines . Examples where the shaft is expanded at the bottom to
 maximize the area available for extracting a particular layer of material are
 known as bell pits . Shafts that provide access to a series of galleries that
 follow seams of material underground are known as galleried shaft mines .
 Pits that run horizontally into a hill slope or cliff following material into the
 slope are known as adits or drift mines . The techniques of mining
 developed steadily from Neolithic times onwards in most parts of the world,
 the use of fire-setting and stone mauls being the commonest way of
 extracting hard rocks until hardened iron or steel tools became available in later medieval times. The use of drills and explosives appears from the 18th century ad. In prehistoric times, soft rock such as gravel or chalk was
 excavated using bone and antler tools and stone and flint axes. The
 archaeology of mines and mining is often rather complicated because as
 well as the underground elements (which are often well preserved) there
 will be surface structures including spoil heaps, processing areas, working
 floors, a range of shelters and facilities, drainage works, and perhaps
 aqueducts, leats, reservoirs, and other water management works where
 water power was used or where material removed from the mine itself
 needed to be washed.","mine [MC].
 Tout type d'excavation dans le sol dans le but d'extraire une matière première telle que la pierre, le minerai métallique, le charbon ou le silex. Les mines les plus simples sont essentiellement des puits creusés dans le sol pour trouver ou suivre des affleurements du matériau désiré ; elles peuvent être décrites comme des mines à ciel ouvert. Les lignes de puits d'extraction peu profonds qui suivent les affleurements de minerai métallique sont appelées râteaux/andaineur. Les trous plus profonds et plutôt cylindriques peuvent être décrits comme des mines à puits simple. Les exemples où le puits est élargi au fond pour maximiser la surface disponible pour l'extraction d'une couche particulière de matériau sont connus sous le nom de puits en cloche. Les puits qui donnent accès à une série de galeries qui suivent des filons de matériaux souterrains sont connus sous le nom de mines à puits en galerie. Les puits qui s'enfoncent horizontalement dans la pente d'une colline ou d'une falaise en suivant le matériau dans la pente sont appelés adits ou drift. Les techniques d'exploitation minière se sont développées régulièrement à partir de l'époque néolithique dans la plupart des régions du monde, l'utilisation de l'allumage du feu et des maillots de pierre étant le moyen le plus commun pour extraire les roches dures jusqu'à ce que des outils en fer ou en acier durci soient disponibles à la fin de l'époque médiévale. L'utilisation de forets et d'explosifs apparaît à partir du 18e siècle. À l'époque préhistorique, les roches tendres telles que le gravier ou la craie étaient extraites à l'aide d'outils en os et en bois de cerf et de haches en pierre et en silex. L'archéologie des mines et de l'exploitation minière est souvent assez compliquée car, en plus des éléments souterrains (qui sont souvent bien préservés), il y aura des structures de surface, y compris des terrils, des zones de traitement, des étages de travail, une série d'abris et d'installations, des ouvrages de drainage, et peut-être des aqueducs, des fossés, des réservoirs et d'autres ouvrages de gestion de l'eau lorsque l'énergie hydraulique était utilisée ou lorsque les matériaux extraits de la mine devaient être lavés.","DARVILL, Oxford Concise Dictionary of Archaeology, p. 600-601/1096"
Mining,Mining sites,,,,,
Mission,Missions,,,,,
Mission station,Mission stations,,Poste de missionnaires,/,/,
Mji wa Garoni,Mji wa Garoni sites,,,"A small clearing called the Mji wa
Garoni in the forest not west of the gate where the most seniour Vaya Elders meet to
administer oaths and initiate new elders",,
Moat,Moats,,Douve,"Moat
 Category: Structure
 Definition: A deep, broad ditch, either dry or filled with
 water, that is dug and surrounds a castle, fortification, build-
 ing, or town, historically to provide it with a preliminary line
 of defense.
 KIPFER, Encyclopedic Dictionary of Archaeology, p. 874
 moat [Co].
 A deliberately constructed ditch or cutting filled with water that
 surrounds a structure or settlement. Moats are usually constructed to
 provide a measure of defence, drainage of the central area, and/or a supply
 of aquatic food resources such as fish and fowl.
 DARVILL, Oxford Concise Dictionary of Archaeology, p. 606/1096","Douves
 Catégorie : Structure
 Définition : Fossé large et profond, sec ou rempli d'eau, creusé et entourant un château, une fortification, un bâtiment ou une ville, historiquement pour lui fournir une première ligne de défense.
 
 fossé [Co].
 Fossé ou coupe délibérément construit et rempli d'eau qui entoure une structure ou un établissement. Les douves sont généralement construites par mesure de défense, le drainage de la zone centrale et/ou l'approvisionnement en ressources alimentaires aquatiques telles que les poissons et les volailles.","KIPFER, Encyclopedic Dictionary of Archaeology, p. 874
 DARVILL, Oxford Concise Dictionary of Archaeology, p. 606/1096"
Modern settlement,Modern settlements,,,,,
Monastery,Monasteries,,,,,
Monastic complex,Monastic complexes,,,A complex of building(s) used for Christian worship and education and to house a cloistered/monastic community; also includes convents,,
Monolith,Monoliths,,Monolithe,"Monolith
 Synonyms or Related Words: Menhir
 Category: Feature
 Definition: A single great stone often in the form of an
 obelisk, menhir, or column or in another form of monument
 or sculpture. The term also refers to any object formed of a
 single block of stone.
 KIPFER, Encyclopedic Dictionary of Archaeology, p. 884
 monolith [MC].
 A single, large, isolated stone, often shaped and usually standing
 upright. Synonymous with MENHIR in the Neolithic of northwest Europe.
 DARVILL, Oxford Concise Dictionary of Archaeology, p. 612/1096","Monolithe
 Synonymes ou mots apparentés : Menhir
 Catégorie : Caractéristique
 Définition : Une grande pierre unique, souvent sous la forme d'un obélisque, d'un menhir, d'une colonne ou d'un autre monument ou de sculpture. Le terme désigne également tout objet formé d'un seul bloc de pierre. 
 
 monolithe [MC].
 Une pierre unique, grande, isolée, souvent façonnée et généralement debout. Synonyme de MENHIR au Néolithique de l'Europe du Nord-Ouest.","KIPFER, Encyclopedic Dictionary of Archaeology, p. 884
 DARVILL, Oxford Concise Dictionary of Archaeology, p. 612/1096"
Monument with auxiliary towers,Monuments with auxiliary towers,,,"Monument (tumulus or bazina) with small auxilliary towers, generally arranged in a line or arc. In Niger: Tumulus or bazina surrounded by circle of stones marked to W by small cairn, to E by erected stones or, with a north–south aligned line of small cairns or towers, or a continuous ‘wall’, a few m to the east of the fi rst set; corbeille type burial chamber (BANI 1994).",,
Moro,Moros,,,"Meeting houseThe traditional meeting house or place in the Kaya where council
of elders discuss issues of community concerns. It may also be
used to refer to the subject or agenda to be discussed at the
meeting. In some Kayas a large hut or booth was erected for this
purpose in the centre of the village",,
Mortuarys (synonym for funerary),Mortuaries,,Mortuaire/Funéraire,"Mortuary Practice
 Category: Culture
 Definition: Ritual activity and preparation for disposal of a
 corpse.
 KIPFER, Encyclopedic Dictionary of Archaeology, p. 891
 
 Funerary Monument
 Category: Artifact
 Definition: In many cultures and civilizations the tomb was
 superseded by, or coexisted with, monuments or memorials to
 the dead. This foreshadowed a general revival of the Greek
 practice of erecting funerary monuments, rather than tombs,
 during the sixteenth century.
 KIPFER, Encyclopedic Dictionary of Archaeology, p. 507","La pratique mortuaire
 Catégorie : Culture
 Définition : Activité rituelle et préparation à l'élimination d'un cadavre.
 
 Monument funéraire
 Catégorie : Artéfact
 Définition : Dans de nombreuses cultures et civilisations, la tombe a été remplacée par des monuments ou des mémoriaux aux morts, ou a coexisté avec eux. C'est ainsi qu'au XVIe siècle, la pratique grecque consistant à ériger des monuments funéraires, plutôt que des tombes, a connu un regain d'intérêt général.","Mortuary Practice: KIPFER, Encyclopedic Dictionary of Archaeology, p. 891
 Funerary monument: KIPFER, Encyclopedic Dictionary of Archaeology, p. 507"
Mortuary enclosure,Mortuary enclosures,,,,,
Mortuary house,Mortuary houses,,,,,
Mosque,Mosques,,,,,
Mound,Mounds,,"Butte, monticule, tertre...","Mound
 Synonyms or Related Words: Tuft
 Category: Feature
 Definition: A gradual accumulation of debris upon which a
 continuously occupied settlement is built, or which is the
 by-product or remains of some activity. The term can mean
 (1) a constructed earthwork or fortification, especially one
 with a geometric or animal form (also called effigy mound),
 (2) a low, isolated, rounded natural hill, usually of earth, (3) a
 structure built by fossil colonial organisms, (4) prehistoric
 refuse heap consisting chiefly of the shells of edible mollusks
 (also called shell mound), or (5) an artificial construction
 commonly used for human burial (also called burial mound)
 or as a foundation for a temple or dwelling.
 
 Mound Architecture
 Category: Structure
 Definition: The use of elevated mounds of earth or stone as
 the foundation for buildings, platforms, temples, and pyra-
 mids, which were often made of adobe (mudbrick).
 KIPFER, Encyclopedic Dictionary of Archaeology, p. 894","Monticule
 Synonymes ou mots apparentés : Touffe
 Catégorie : Caractéristique
 Définition : Accumulation progressive de débris sur lesquels est construit un établissement occupé de manière continue, ou qui est le sous-produit ou les restes d'une activité quelconque. Ce terme peut signifier (1) un terrassement construit ou une fortification, en particulier une avec une forme géométrique ou animale (également appelé tertre à effigie), (2) une colline naturelle basse, isolée et arrondie, généralement en terre, (3) une structure construite par des organismes coloniaux fossiles, (4) un amas de déchets préhistoriques constitué principalement de coquilles de mollusques comestibles (également appelé amas coquillier), ou (5) une construction artificielle couramment utilisée pour l'enterrement humain (également appelé tumulus) ou comme fondation pour un temple ou une habitation.
 
 Architecture des tumulus
 Catégorie : Structure
 Définition : L'utilisation de monticules élevés de terre ou de pierre comme fondation pour des bâtiments, des plateformes, des temples, et des pyramids, qui étaient souvent faits d'adobe (brique de boue).","KIPFER, Encyclopedic Dictionary of Archaeology, p. 894"
Mriha,Mrihas,,,Brachystegia tree,,
Mwambane,Mwambanes,,,The starting point of a visit to the Kaya,,
Necropolis,Necropoleis,,Nécropole,"Necropolis
 Category: Term
 Definition: A cemetery or burial place, often near a town, the
 Greek word for city of the dead. It refers to Egyptian ceme-
 teries from all periods and includes the Valley of the Kings
 Giza and Saqqara. “Necropolis” normally describes large and
 important burial areas that were in use for long periods “cem-
 etery” smaller and more homogeneous sites; cemeteries may
 also be subdivisions of a necropolis.
 KIPFER, Encyclopedic Dictionary of Archaeology, p. 924
 necropolis [MC].
 An area of tombs, temples, and pathways which together amount to a
 ‘city of the dead’.
 DARVILL, Oxford Concise Dictionary of Archaeology, p. 646/1096","Necropolis
 Catégorie : Terme
 Définition : Un cimetière ou un lieu d'inhumation, souvent à proximité d'une ville, le mot grec signifiant ville des morts. Il se réfère aux cimetières égyptiens de toutes les périodes et inclut la Vallée des Rois Gizeh et Saqqara. ""Le terme ""nécropole"" décrit normalement de grandes et importantes zones d'inhumation qui ont été utilisées pendant de longues périodes ""cimetière"" sites plus petits et plus homogènes ; les cimetières peuvent aussi être des subdivisions d'une nécropole.
 
 nécropole [MC].
 Zone de tombes, de temples et d'allées qui, ensemble, constituent une ""ville des morts"".","KIPFER, Encyclopedic Dictionary of Archaeology, p. 924
 DARVILL, Oxford Concise Dictionary of Archaeology, p. 646/1096"
Neolithic station,Neolithic stations,,,,,
Nguni Military Settlement ,Nguni military settlements,Installation militaire,/,/,,A settlement form utilised by the northern Nguni Kingdoms that hosed memebers of the regimental system
Nomadic settlement,Nomadic settlements,,,,,
Non-specific features,Non-specific features,,Fonctions non spécifiques,/,/,
Nunnery,Nunneries,,,,,
Nyara/mwara,,,,"Designated path leading into and out of the Kaya through the
gates (mvirya). No other means of access was allowed and
deviation from the path or use of other tracks indicated enmity or
evil intent",,
Nyumba ya ngiriama,,,,"The official state house and is used to house all secret objects of
 the community.",,
Nyumba ya tutu,,,,Used to house specific secret objects of the community associated with the administration of oaths,,
Oasis,Oasiss,,,,,
Obelisk,Obelisks,,Obélisque,"From the Greek word meaning ‘spit’ or ‘dagger’, the term was applied to the long narrow shafts of stone, usually granite, with pyramidal-shaped tops set upright in pairs before the entrance to Egyptian temples. Old Kingdom examples are squat and closely relate to the pyramids. Later examples are taller and more slender. One of the best-known examples outside Egypt is Cleopatra's Needle on the Embankment in London. It once formed a pair with the obelisk now in Central Park, New York, and both were originally set before the temple at Heliopolis dedicated to Tuthmosis III, and also bear an inscription of Ramesses II.","Ce terme, qui vient du grec et signifie ""broche"" ou ""poignard"", s'applique aux longs et étroits fûts de pierre, généralement en granit, dont le sommet est de forme pyramidale et qui sont placés deux par deux devant l'entrée des temples égyptiens. Les exemples de l'Ancien Empire sont trapus et étroitement liés aux pyramides. Les exemples ultérieurs sont plus grands et plus élancés. L'un des exemples les plus connus en dehors de l'Égypte est l'Aiguille de Cléopâtre) ""Cleopatra's Needle"" sur l'Embankment à Londres. Il formait autrefois une paire avec l'obélisque qui se trouve aujourd'hui à Central Park, New York, et tous deux étaient à l'origine placés devant le temple d'Héliopolis dédié à Thoutmosis III, et portent également une inscription de Ramsès II.","Concise Oxford Dictionary of Archaeology (Darvill, Timothy)"
Occupation,,,,,,
Occupation mound,Occupation mounds,,Butte d'occupation,/,/,
Ohinga,Ohingni,,,,,
Official residence,Official residences,,Résidence officielle,/,/,
Open pan site,Open pan sites,,?,/,/,
Open-air,,Plein air,,,,
Open-air site,Open-air sites,,Site de plein-air,A term for any archaeological site not located within a cave or rock shelter.,Terme désignant tout site archéologique ne se trouvant pas dans une grotte ou un abri sous roche.,"A broad term referring to sites which are open to the air - whether it be ruins, objects found on the surface, etc."
Other,,,Autre,/,/,
Painting rock art site,Painting rock art sites,,Site d'art rupestre peint,/,/,
Palace,Palaces,,Palais,"A term derived from Middle English “palais,” from Old French, from Latin “palatium,” from “Palatium,” the Palatine Hill in Rome where the emperors’ residences were built. It is often the term for the official residence of a chief of state (as a monarch or a president).","Terme dérivé du moyen anglais ""palais"", du vieux français, du latin ""palatium"", de ""Palatium"", le mont Palatin à Rome où étaient construites les résidences des empereurs. Ce terme désigne souvent la résidence officielle d'un chef d'État (comme un monarque ou un président).",Encyclopedic dictionary of archaeology (Barbara Ann Kipfer)
Palaeochannel,Palaeochannels,,,,,
Palisade,Palisades,,Palissade,"A continuous wall or fence of stakes, especially
 for defense; a series of long strong stakes pointed at the top and set close with others as a defense. They were usually set in
 a continuous foundation trench or on the tops of vallums,
 embankments, or ramparts surrounding a fort.","Un mur ou une clôture continue de pieux, spécialement
 pour la défense ; une série de longs pieux solides, pointus au sommet et rapprochés les uns des autres comme moyen de défense. Ils étaient généralement placés dans
 une tranchée de fondation continue ou au sommet de vallums,
 des talus ou des remparts entourant un fort.",
Pass,Passes,,,,,
Pastoralist settlement,Pastoralist settlements,,,,,
Path,Paths,,,,,
Pen,Pens,,Enclos,An enclosure within which animals are kept.,Un enclos dans lequel les animaux sont gardés.,"Concise Oxford Dictionary of Archaeology (Darvill, Timothy)"
Petroglyphs,Petroglyphs,,Petroglyphes,"Any design, picture, or writing carved or chipped into a rock surface. The technique involved in producing the petroglyph usually was incising, carving, pecking, or pounding.","Tout dessin, image ou écriture gravé ou ébréché sur une surface rocheuse. La technique utilisée pour produire le pétroglyphe est généralement l'incision, la sculpture, le picage ou le martelage.",Encyclopedic dictionary of archaeology (Barbara Ann Kipfer)
Pier,Piers,Jetty/Breakwater/Mole,,"A structure projecting out into a body of water and used to protect a port/harbour and/or to dock, moor, load, and unload boats and ships, etc. Can be built on piles or fill",,
Pit,Pits,,"Fosse
 Puits (à définir)","An area (hole, shaft, cavity) dug out by humans for storage, food preparation, refuse disposal, etc. These include are storage pits/silos, rubbish dumps or “borrow pits,” and remains of pit dwellings. When left undisturbed by man, pits erode and fill, in a similar sequence to ditches. Frequently they have been used for waste disposal and contain large quantities of food debris and rubbish from hearths.","Une zone (trou, puits, cavité) creusée par l'homme pour le stockage, la préparation des aliments, l'élimination des déchets, etc. Il s'agit notamment de fosses/silos de stockage, de décharges ou de ""bancs d'emprunt"", et de vestiges d'habitations en fosse. Lorsqu'elles ne sont pas perturbées par l'homme, les fosses s'érodent et se remplissent, selon une séquence similaire à celle des fossés. Elles ont souvent été utilisées pour l'élimination des déchets et contiennent de grandes quantités de débris alimentaires et de déchets provenant de foyers.",Encyclopedic dictionary of archaeology (Barbara Ann Kipfer)
Pit Enclosure ,Pit enclosures,Fosse fortifiée,/,/,,"Similar to other pit structures, however, they are located on lower elevations and gentler slopes with the outer walling being significantly lower"
Pit falls,Pit falls,,Fosse (piège) trou de loup,/,/,
Pit structure,Pit structures,,Structure de la fosse (RH),A generic term is used to refer to either a split level or adjacent pit structure when it is not possible to differentiate between them.,Un terme générique est utilisé pour désigner une structure à niveaux différenciés ou à fosse adjacente lorsqu'il n'est pas possible de les différencier.,"Concise Oxford Dictionary of Archaeology (Darvill, Timothy)"
Pit trap,Pit traps,,,,,
Pit/mine,Pits/mines,Puits/mine,"mine [MC].
 Any kind of excavation into the ground for the purpose of extracting
 some kind of raw material such as stone, metal ore, coal, or flint. The
 simplest mines are basically pits sunk into the ground to find or follow
 outcrops of the desired material; these can be described as open–cast mines
 . Lines of shallow extraction pits following surface outcrops of metal ore
 are known as rakes . Deeper, rather cylindrical holes may be described as
 simple shaft mines . Examples where the shaft is expanded at the bottom to
 maximize the area available for extracting a particular layer of material are
 known as bell pits . Shafts that provide access to a series of galleries that
 follow seams of material underground are known as galleried shaft mines .
 Pits that run horizontally into a hill slope or cliff following material into the
 slope are known as adits or drift mines . The techniques of mining
 developed steadily from Neolithic times onwards in most parts of the world,
 the use of fire-setting and stone mauls being the commonest way of
 extracting hard rocks until hardened iron or steel tools became available in later medieval times. The use of drills and explosives appears from the 18th
 century ad. In prehistoric times, soft rock such as gravel or chalk was
 excavated using bone and antler tools and stone and flint axes. The
 archaeology of mines and mining is often rather complicated because as
 well as the underground elements (which are often well preserved) there
 will be surface structures including spoil heaps, processing areas, working
 floors, a range of shelters and facilities, drainage works, and perhaps
 aqueducts, leats, reservoirs, and other water management works where
 water power was used or where material removed from the mine itself
 needed to be washed.
 
 Pit
 An area (hole, shaft, cavity) dug out by humans for storage, food preparation, refuse disposal, etc. These include are storage pits/silos, rubbish dumps or “borrow pits,” and remains of pit dwellings. When left undisturbed by man, pits erode and fill, in a similar sequence to ditches. Frequently they have been used for waste disposal and contain large quantities of food debris and rubbish from hearths.","mine [MC].
 Tout type d'excavation dans le sol dans le but d'extraire une matière première telle que la pierre, le minerai métallique, le charbon ou le silex. Les mines les plus simples sont essentiellement des puits creusés dans le sol pour trouver ou suivre des affleurements du matériau désiré ; elles peuvent être décrites comme des mines à ciel ouvert. Les lignes de puits d'extraction peu profonds qui suivent les affleurements de minerai métallique sont appelées râteaux/andaineur. Les trous plus profonds et plutôt cylindriques peuvent être décrits comme des mines à puits simple. Les exemples où le puits est élargi au fond pour maximiser la surface disponible pour l'extraction d'une couche particulière de matériau sont connus sous le nom de puits en cloche. Les puits qui donnent accès à une série de galeries qui suivent des filons de matériaux souterrains sont connus sous le nom de mines à puits en galerie. Les puits qui s'enfoncent horizontalement dans la pente d'une colline ou d'une falaise en suivant le matériau dans la pente sont appelés adits ou drift. Les techniques d'exploitation minière se sont développées régulièrement à partir de l'époque néolithique dans la plupart des régions du monde, l'utilisation de l'allumage du feu et des maillots de pierre étant le moyen le plus commun pour extraire les roches dures jusqu'à ce que des outils en fer ou en acier durci soient disponibles à la fin de l'époque médiévale. L'utilisation de forets et d'explosifs apparaît à partir du 18e siècle. À l'époque préhistorique, les roches tendres telles que le gravier ou la craie étaient extraites à l'aide d'outils en os et en bois de cerf et de haches en pierre et en silex. L'archéologie des mines et de l'exploitation minière est souvent assez compliquée car, en plus des éléments souterrains (qui sont souvent bien préservés), il y aura des structures de surface, y compris des terrils, des zones de traitement, des étages de travail, une série d'abris et d'installations, des ouvrages de drainage, et peut-être des aqueducs, des fossés, des réservoirs et d'autres ouvrages de gestion de l'eau lorsque l'énergie hydraulique était utilisée ou lorsque les matériaux extraits de la mine devaient être lavés.
 
 Puits
 Une zone (trou, puits, cavité) creusée par l'homme pour le stockage, la préparation des aliments, l'élimination des déchets, etc. Il s'agit notamment de fosses/silos de stockage, de décharges ou de ""fosses d'emprunt"", et de vestiges d'habitations en fosse. Lorsqu'elles ne sont pas perturbées par l'homme, les fosses s'érodent et se remplissent, selon une séquence similaire à celle des fossés. Elles ont souvent été utilisées pour l'élimination des déchets et contiennent de grandes quantités de débris alimentaires et de déchets provenant de foyers.","DARVILL, Oxford Concise Dictionary of Archaeology, p. 600-601/1096",
Plantation,Plantations,,,,,
Platform,Platforms,,Plateforme,"In earthworks, a space that has been artificially levelled to receive a building.","En terrassement, un espace qui a été artificiellement nivelé pour recevoir un bâtiment","Concise Oxford Dictionary of Archaeology (Darvill, Timothy)"
Plough mark,Plough marks,,,,,
Ploughland,Ploughlands,,,,,
Pond,Ponds,,"étang, mare",/,/,
Pontoon,Pontoons,Mooring,,"A structure, object (e.g. post/chain/ring) or floating platform to which watercraft are secured (i.e moored)",,
Port,Ports,Harbour,,"A coastal location, ideally sheltered, where boats and ships can moor or dock",,
Portico,Porticoes,Stoa,,A covered building for walkway lined with columns,,
Post hole,Post holes,,Trou de poteau,"A hole dug or bored into the ground for holding an upright post. Once the post is installed, the remaining area of posthole is backfilled with earth and sometimes stronger packing material like stone. To archaeologists, postholes are the outline of a deteriorated post, indicating the former loca_x0002_tion of some structure. Even when the wood has decayed and the hole silted up, or the post has been extracted, the existence of a posthole can be recognized by differences between the color and texture of its fill and those of the earth into which it was dug. A pattern of postholes may provide the only evi_x0002_dence for the size and shape of houses and other wooden structures. They can reveal that a settlement was surrounded by a palisade and presumably had enemies.","Un trou creusé ou foré dans le sol pour accueillir un poteau vertical. Une fois le poteau installé, la zone restante du trou de poteau est remblayée avec de la terre et parfois un matériau de remplissage plus solide comme la pierre. Pour les archéologues, les trous de poteau sont le contour d'un poteau détérioré, indiquant l'ancien emplacement d'une structure. Même lorsque le bois s'est décomposé et que le trou s'est envasé, ou que le poteau a été extrait, l'existence d'un trou de poteau peut être reconnue par les différences entre la couleur et la texture de son remplissage et celles de la terre dans laquelle il a été creusé. Un ensemble de trous de poteau peut constituer la seule preuve de la taille et de la forme des maisons et autres structures en bois. Ils peuvent révéler qu'un village était entouré d'une palissade et qu'il avait probablement des ennemis.",Encyclopedic dictionary of archaeology (Barbara Ann Kipfer)
Pottery production,,,Aire de cuisson de poteries (Ad),/,/,
Pottery production site,,,Site de production de poterie,/,/,
Pottery scatter,Pottery scatters,,Dispersion de poterie,/,/,
Press,Presses,Press Element,,"Elements associated with presses, including orthostats, press beds, counterweights etc. **NB for counting purposes, estimate the number of presses this represents, not the number of individual elements.",,
Prison,Prisons,,,,,
Production/processing (agricultural),Production/processing (agricultural sites),,,"A structure or locale associated with the production or processing of agricultural goods and/or commodities, e.g. evidence for pressing, milling, threshing, etc., or where no more specific information is available. This does not include the growing of crops alone (cf. Farm).",,
Production/processing (animal/'kill site'),Production/processing (animal/kill sites),,,"A structure or locale associated with the production or processing of animals/animal products, e.g. butchers, tannery, fullonica",,
Production/processing (glass),Production/processing (glass sites),,,A structure or locale associated with the production or processing of glass,,
Production/processing (knapping floor/stone processing),Production/processing (knapping floors/stone processing sites),,,"A structure or locale associated with the production or processing of stone, e.g. knapping floor, sculpture workshops",,
Production/processing (metal),Production/processing (metal sites),,,A structure or locale associated with the production or processing of metal,,
Production/processing (pottery),Production/processing (pottery sites),,,A structure or locale associated with the production or processing of pottery,,
Production/processing (salt),Production/processing (salt sites),,,A structure or locale associated with the production or processing of salt,,
Production/processing (unclassified),Production/processing (unclassified sites),,,A structure or locale associated with production or processing of an unknown nature,,
Propellor,Propellors,,,,,
Pyramid,Pyramids,,Pyramide,"Strictly speaking, a square-based structure with four triangular sides tapering to a point, as represented in the large stone examples found in Egypt. The term is also used for step-sided structures of pyramidal form found in Egypt and elsewhere in the world. In Egypt pyramids were used as monumental tombs, whereas in Mesopotamia, Mesoamerica, and South America they were temple platforms. The Egyptian pyramids developed out of simple mud-brick mastaba tombs of the Archaic Period. During the Old Kingdom such tombs became more elaborate and bigger, and were increasingly built from stone. The earliest pyramid is the Step Pyramid of Sakkara. The largest and best-known pyramids are at Giza and were built by Cheops , Chephren , and Mykerinus in the 4th Dynasty. The Great Pyramid of Cheops has a base-side length of 230.4m and was originally 146.6m high. It is estimated that more than 2.5 million separate blocks of stone were used in its construction. Elaborate rituals accompanied the burial of a pharaoh in his pyramid, witnessed by the presence of elaborate temples connected to the pyramid itself.","A proprement parlé, il s'agit d'une structure carrée à quatre côtés triangulaires se terminant en pointe, comme le montrent les grands exemples en pierre trouvés en Égypte. Le terme est également utilisé pour les structures pyramidales à degrés que l'on trouve en Égypte et ailleurs dans le monde. En Égypte, les pyramides étaient utilisées comme tombes monumentales, tandis qu'en Mésopotamie, en Méso-Amérique et en Amérique du Sud, elles étaient des plates-formes de temple. Les pyramides égyptiennes se sont développées à partir de simples tombes MASTABA en briques de boue de la PÉRIODE ARCHAIQUE. Pendant l'Ancien Empire, ces tombes sont devenues plus élaborées et plus grandes, et ont été de plus en plus construites en pierre. La plus ancienne pyramide est la pyramide à degrés de Sakkara. Les pyramides les plus grandes et les plus connues se trouvent à Gizeh et ont été construites par Cheops, Chephren et Mykerinus au cours de la 4e dynastie. La Grande Pyramide de Khéops a une longueur de 230,4 m à la base et mesurait à l'origine 146,6 m de haut. On estime que plus de 2,5 millions de blocs de pierre distincts ont été utilisés pour sa construction. Des rituels élaborés accompagnaient l'enterrement d'un pharaon dans sa pyramide, comme en témoigne la présence de temples élaborés reliés à la pyramide elle-même.","Concise Oxford Dictionary of Archaeology (Darvill, Timothy)"
Qanat,Qanats,Foggara,,"An underground water channel or canal accessed by shafts, often used for irrigation",,
Quarry,Quarries,,Carrière (Ad),"Extraction pits, worked exposures, mines, and other kinds of working areas where natural substances and raw materials such as stone, flint, or metal ores were obtained.","Fosses d'extraction, expositions travaillées, mines et autres types de zones de travail où l'on obtient des substances naturelles et des matières premières telles que la pierre, le silex ou les minerais métalliques.","Concise Oxford Dictionary of Archaeology (Darvill, Timothy)"
Qubba,Qubbas,,koubba ou Cubba,/,/,
Railway,Railways,,,Track or series of metals rails along which a train runs,,
Railway station stop,Railway station stops,,,A structure or locale along the route of a railway where a train stops and is loaded/unloaded with people and/or goods,,
Rainmaking site,Rainmaking sites,,Site rituel relatif à la pluie,"A site used for ritual activity, specifically aimed at generating rain","Un site utilisé pour une activité rituelle, visant spécifiquement à générer de la pluie.",
Rampart,Ramparts,Fortification/Defensive Earthwork,Rampart,"Technically an elongated bank or wall forming the defensive boundary of an enclosure. Most ramparts are associated with external ditches that provide an extra component of the defensive structure. The construction of ramparts varies considerably from simple mounds of earth and stone (dump ramparts) to elaborate structures involving timber frameworks (box ramparts and timber-laced ramparts), and stone revetted walls. Sometimes a stone rampart may be deliberately burnt to increase its strength and stability (vitrified ramparts). The size of many prehistoric and later ramparts means that they frequently preserve substantial areas of old ground surface that reflect local conditions in the period up to the time the rampart was built.","Techniquement, un talus ou un mur allongé formant la limite défensive d'une enceinte. La plupart des remparts sont associés à des fossés extérieurs qui constituent un élément supplémentaire de la structure défensive. La construction des remparts varie considérablement, allant de simples monticules de terre et de pierre (remparts de décharge) à des structures élaborées comprenant des charpentes en bois (remparts en caissons et remparts à colombages), en passant par des murs à revêtement en pierre. Parfois, un rempart en pierre peut être délibérément brûlé pour augmenter sa résistance et sa stabilité (remparts vitrifiés). La taille de nombreux remparts préhistoriques et ultérieurs signifie qu'ils préservent fréquemment des zones substantielles d'ancienne surface de sol qui reflètent les conditions locales de la période précédant la construction du rempart.","Concise Oxford Dictionary of Archaeology (Darvill, Timothy)"
Refuse midden,Refuse middens,,,,,
Religious,,,Religieuse,/,/,
Religious complex,Religious complexes,,,,,
Reservoir,Reservoirs,Birka,,An anthropogenically constructed or modified depression used for storing water which is open to the air,,
Residential,Residential sites,,Résidentielle,"Physical gathering of people at the domestic, territorial, or community level.","Rassemblement physique de personnes au niveau domestique, territorial ou communautaire.",Encyclopedic dictionary of archaeology (Barbara Ann Kipfer)
Ridge and furrow,Ridge and furrow sites,,,,,
Ridge monument,Ridge monuments,,,"Monument whose principal apparent feature is a line of vertical fl at stones, typically pointed to give tooth-like appearance",,
Ring cairn,Ring cairns,,,,,
Ringed tomb,Ringed tombs,,,"A type of burial, using consisting of a central cairn, with a circular enclosure surrounding it, sometimes also called a 'Bullseye' tomb",,
Ritual,,,Rituel,/,/,
Ritual religion and funerary,"Ritual, religious, and funerary sites",,Rituel religieux et funéraire,/,/,
River ,Rivers,,,,,
River valley,River valleys,,,,,
Road,Roads,Track,,A route of travel intentionally constructed or created over time from anthropogenic use,,
Rock art,Rock art sites,,Roche artificielle,"At a general level, any artificially created mark that is cut, engraved, incised, etched, gouged, ground or pecked into, or applied with paint, wax, or other substance (organic or mineral) onto, a rock surface. Within this broad field, the term petroglyph is applied to marks made by carving, incising, engraving, pecking, or grinding the rock surface, while the term pictograph refers to marks made by painting organic and mineral pigments onto the surface. The individual marks in rock art are often referred to as motifs ; groups of motifs in close juxtaposition as panels ; and places where one or more panels have been identified as sites . It is recognized, however, that in making these identifications and using such terminology a structure is being imposed that may not have been known or relevant to the people who made the rock art in the first place. Indeed, use of the very term ‘art’ carries with it a series of assumptions from modern western culture about the nature of the various marks that can be observed. Rock art is extremely widely spread around the world and appears to have been made since Lower Palaeolithic times for a variety of purposes such as during religious rites, depicting historical or mythological events and narratives, as decoration, or to mark territories and routeways. Dating rock art is often extremely difficult because of its general open and exposed positions and lack of associations. Interpreting the motifs used is also difficult. The most widespread motif is the simple cup or hollow either singly or in groups. Some rock art contains motifs that are symbols, shapes and lines, in other cases people, animals, objects, events, and structures are depicted. Many different kinds of rock surface have been used in the creation of rock art, but a number of key situations are widely recognized: parietal panels are those on the walls of a natural structure such as a cave or rock-shelter; open-air panels are those on natural earthfast boulders and rock outcrops that lie unprotected in essentially open countryside; monument-based panels are those found on the faces of stones incorporated into the fabric or structure of deliberately constructed monuments—some of these pieces may have been open-air rock art before being lifted and used in monument building; and mobiliary rock art where panels occur on the surface of stones that have been relocated from their source and may have been moved several times in the past—essentially portable pieces of rock art.","À un niveau général, toute marque créée artificiellement qui est taillée, gravée, incisée, imprimé, gougée, meulée ou picorée dans, ou appliquée avec de la peinture, de la cire ou une autre substance (organique ou minérale) sur une surface rocheuse. Dans ce vaste domaine, le terme pétroglyphe s'applique aux marques faites par la sculpture, l'incision, la gravure, le picage ou le meulage de la surface de la roche, tandis que le terme pictogramme fait référence aux marques faites par la peinture de pigments organiques et minéraux sur la surface. Les marques individuelles de l'art rupestre sont souvent appelées motifs, les groupes de motifs juxtaposés, panneaux, et les endroits où un ou plusieurs panneaux ont été identifiés, sites. Il est toutefois reconnu qu'en procédant à ces identifications et en utilisant cette terminologie, on impose une structure qui n'était peut-être pas connue ou pertinente pour les personnes qui ont créé l'art rupestre. En effet, l'utilisation du terme même d'""art"" s'accompagne d'une série d'hypothèses de la culture occidentale moderne sur la nature des différentes marques observables. L'art rupestre est extrêmement répandu dans le monde et semble avoir été réalisé depuis le Paléolithique inférieur à des fins diverses, par exemple lors de rites religieux, pour représenter des événements et des récits historiques ou mythologiques, comme décoration ou pour marquer des territoires et des itinéraires. La datation de l'art rupestre est souvent extrêmement difficile en raison de sa position généralement ouverte et exposée et du manque d'associations. L'interprétation des motifs utilisés est également difficile. Le motif le plus répandu est la simple coupe ou le creux, seul ou en groupe. Certains arts rupestres contiennent des motifs qui sont des symboles, des formes et des lignes, dans d'autres cas, des personnes, des animaux, des objets, des événements et des structures sont représentés. De nombreux types de surface rocheuse ont été utilisés pour la création de l'art rupestre, mais un certain nombre de situations clés sont largement reconnues : les panneaux pariétaux sont ceux qui se trouvent sur les parois d'une structure naturelle telle qu'une grotte ou un abri sous roche ; les panneaux en plein air sont ceux qui se trouvent sur des rochers naturels inaltérables et des affleurements rocheux qui se trouvent sans protection dans un paysage essentiellement ouvert ; les panneaux monumentaux sont ceux que l'on trouve sur les faces des pierres incorporées dans le matériau ou la structure de monuments délibérément construits - certaines de ces pièces peuvent avoir été de l'art rupestre en plein air avant d'être soulevées et utilisées dans la construction de monuments ; et l'art rupestre mobile où les panneaux se trouvent sur la surface de pierres qui ont été déplacées de leur source et peuvent avoir été déplacées plusieurs fois dans le passé - des pièces d'art rupestre essentiellement portables.","Concise Oxford Dictionary of Archaeology (Darvill, Timothy)"
Rock carving,Rock carvings,,,,,
Rock engraving,Rock engravings,,Gravures sur pierre,/,/,"Concise Oxford Dictionary of Archaeology (Darvill, Timothy)"
Rock gong,Rock gongs,,"Any naturally situated rock, boulder, exfoliation, stalagmite or stalactite which resonates when struck and shows evidence of use as an idiophone (i.e. an instrument which vibrates as a whole to produce a sound) - in contrast to other lithophones which are portable, and have been either artificially tuned, or show evidence of being selected for their tonal suitability.","Tout rocher, bloc, exfoliation, stalagmite ou stalactite situé dans la nature, qui résonne lorsqu'on le frappe et qui montre des signes d'utilisation comme idiophone (c'est-à-dire un instrument qui vibre dans son ensemble pour produire un son) - par opposition à d'autres lithophones qui sont portables et qui ont été accordés artificiellement ou qui montrent des signes de sélection pour leur aptitude à produire un son.","adapted from Fagg 1994: What Is a Lithophone - and What Is a Rock Gong? The Galpin Society Journal, 47, 154–155. https://doi.org/10.2307/842666",
Rock overhang,Rock overhangs,,Surplomb rocheux,"A naturally formed hollow or shallow cave in the face of a cliff or rock
 outcrop that has been used as shelter for a small settlement or encampment",Une cavité naturelle ou une grotte peu profonde dans la paroi d'une falaise ou d'un affleurement rocheux qui a été utilisée comme abri pour un petit établissement ou un campement.,"Concise Oxford Dictionary of Archaeology (Darvill, Timothy)"
Rock painting,Rock paintings,,Peintures rupestres,"Rock art (also known as parietal art) is an umbrella term for several types of creations, including finger marks left on soft surfaces, low-relief carvings, engraved figures and symbols, and paintings on a rock surface. Rock paintings, above all forms of prehistoric art, have received more attention from the academic research community.","L'art rupestre (également appelé art pariétal) est un terme générique désignant plusieurs types de créations, notamment les marques de doigts laissées sur des surfaces molles, les sculptures en bas-relief, les figures et symboles gravés et les peintures sur une surface rocheuse. Les peintures rupestres, avant toutes les formes d'art préhistorique, ont reçu une plus grande attention de la part de la communauté des chercheurs universitaires.",World Historique Encyclopédia https://www.worldhistory.org/image/3536/bhimbetka-cave-art/
Rock shelter,Rock shelters,,Abris sous roche,"Lower part of an escarpment, protected by an overhanging ledge, and often used as a prehistoric habitat.","Partie inférieure d'un escarpement, protégée par une corniche en surplomb, et souvent utilisée comme habitat préhistorique.",https://www.larousse.fr/dictionnaires/francais/abri-sous-roche/232
Rock-cut tomb,Rock-cut tombs,,,,,
Rock-cut well,Rock-cut wells,,Puits taillé dans une roche,The oldest wells in the world were dug by man in order to acquire water of quality and proximity. They were created during the agricultural revolution of the Neolithic period.,Les plus anciens puits du monde ont été creusés par l'homme afin d'acquérir une eau de qualité et de proximité. Ils ont été créés pendant la révolution agricole du Néolithique.,https://multimedia.inrap.fr/atlas/Nimes/Syntheses/Synthese-methodologique/p-20792-La-fouille-des-puits.htm
Rural settlement,Rural settlements,,,,,
Sacred forest ,,,,,,
Sacred ground,Sacred grounds,,,,,
"Sadaka ya mwaka
",,Rain prayer ceremony,,"It is a ceremony held every year in the Kaya with the participation al community members. This prayer is conducted to facilitate good rains, bumper harvest and avert diseases",,
Sailing vessel,Sailing vessels,,,Any watercraft whose main propulsion is by sail,,
Salt production site,Salt production sites,,Site de fabrication de sel,"This one was generally extracted by evaporation in
 wadis, flooded wells or dams. It was deposited by crystallization and was cleaned of sulfates and
 and calcium salts before being marketable. In many companies, salt is an integral part of-
 the great events in which individuals participate, as
 the image of their beginnings, as expressed in the
 the liturgical scenario of Christian baptism, which originally, it only included a direct rite of exorcism through water and purifying salt, followed by a
 followed by a rite of aggregation.","Celle-ci était généralement extraite par évaporation dans des oueds, des puits ou des barrages inondés. Elle était déposée par cristallisation et était débarrassée des sulfates et des sels de calcium avant d'être commercialisable. Dans de nombreuses sociétés, le sel fait partie intégrante des grands événements auxquels les individus participent, comme l'image de leurs débuts, comme l'exprime le scénario liturgique du baptême chrétien, qui, à l'origine, ne comprenait qu'un rite direct d'exorcisme par l'eau et le sel purificateur, suivi d'un rite d'agrégation.",https://hal.archives-ouvertes.fr/hal-02499130/document (van Gennep 1943)
Salt works,Salt works,,Salines,"A place where salt was produced by evaporating the water from brine to
 leave crystalline salt blocks. In northern Europe most salterns are situated
 on the coast and comprise a series of large open tanks that could be flooded
 with a controlled amount of seawater at high tide before being closed off to
 allow natural evaporation to concentrate the solution.","Lieu où le sel était produit par évaporation de l'eau de la saumure pour laisser des blocs de sel cristallin. Dans le nord de l'Europe, la plupart des salines sont situées sur la côte et comprennent une série de grands réservoirs ouverts qui peuvent être inondés avec une quantité contrôlée d'eau de mer à marée haute avant d'être fermés pour permettre à l'évaporation naturelle de concentrer la solution.","Concise Oxford Dictionary of Archaeology (Darvill, Timothy) (z-lib.org)"
Salt works site,Salt works sites,,,,,
Sancturay,Sanctuaries,,,,,
Saqia,Saqias,Saqiya,,"A device for lifting water, usually for irrigation. This device consists of a row of pots attached to the rim of a revolving wheel. The pots when dipped into an irrigation canal fill with water and are then lifted on the wheel to a height the diameter of the wheel (usually 3–6 m). The wheels were turned by oxen.","Dispositif permettant d'élever l'eau, généralement pour l'irrigation. Ce dispositif consiste en une rangée de pots attachés à la jante d'une roue tournante. Lorsqu'ils sont plongés dans un canal d'irrigation, les pots se remplissent d'eau et sont ensuite soulevés sur la roue jusqu'à une hauteur correspondant au diamètre de la roue (généralement de 3 à 6 m). Les roues étaient actionnées par des bœufs.",
Sarcophagus,Sarcophagi,Coffin,,An enclosed box into which the remains of a person (or animal) are placed,,
School,Schools,University,École,A place where people go to be formally educated,,
Sculpture,Sculptures,Statue,,"A 3-dimensional artistic depiction of a person, animal, or object",,
Settlement,Settlements,,Installation/implantation,"An area of habitation comprising dwellings and associated private and
 communal facilities, perhaps surrounded by associated closes, fields,
 paddocks, approach ways, and other features, which together constitute a
 living space for the inhabitants of the settlement.","Une zone d'habitation comprenant des logements et des installations privées et communes associées, éventuellement entourée de clôtures, de champs, d'enclos, de voies d'accès et d'autres éléments associés, qui constituent ensemble un espace de vie pour les habitants de l'établissement.","Concise Oxford Dictionary of Archaeology (Darvill, Timothy) (z-lib.org)"
Settlement mound,Settlement mounds,Butte d'installation (Butte d'occupation ?) - in benin we call them just 'butte',/,/,"Concise Oxford Dictionary of Archaeology (Darvill, Timothy) (z-lib.org)","A mound where a settlement was located.x
 
 Mound: a large pile of earth, stones, etc. like a small hill."
Settlement other,,,,,,
Shaft,Shafts,,,,,
Sheet midden,Sheet middens,,Dépotoir diffus,"the archaeological structures most frequently uncovered during
 are ""hollow"" structures, most of which have been filled in with furniture: pits, dumping pits, post holes, silos... In the manner of the Sapeur
 Camember who filled his pits with the excavated material of a new pit, the
 companies of the past have been pragmatic and have used already dug structures to throw
 structures to throw away detritus they did not know what to do with","les structures archéologiques les plus fréquemment mises au jour lors des chantiers sont des structures ""creuses"", dont la plupart ont été comblées par du mobilier : fosses, décharges, trous de poteaux, silos... A la manière du Sapeur Camember qui remplissait ses fosses avec les déblais d'une nouvelle fosse, les entreprises du passé ont été pragmatiques et ont utilisé des structures déjà creusées pour jeter des structures afin de se débarrasser de détritus dont elles ne savaient que faire.",http://www.iheal.univ-paris3.fr/sites/www.iheal.univ-paris3.fr/files/Axe_1_2_Chaoui_Besson_1.pdf
Shell midden,Shell middens,,Amas coquillier,"An extensive rubbish heap consisting largely of shells discarded after
 the removal of the soft edible body portion, the result of many years of
 exploitation of marine resources as a main or supplementary food source.
 Shell middens are found in many different parts of the world from many
 different cultures.","Un vaste amas de déchets constitué en grande partie de coquilles rejetées après enlèvement de la partie molle comestible du corps, résultat de nombreuses années d'exploitation des ressources marines comme source de nourriture principale ou complémentaire.
 On trouve des tas de coquillages dans de nombreuses régions du monde et dans de nombreuses cultures différentes.","Concise Oxford Dictionary of Archaeology (Darvill, Timothy) (z-lib.org)"
Ship,Ships,Wreck,,"Remains of a ship or boat, on land or underwater",,
Shipyard,Shipyards,Boat Construction,,A facility where ships and boats are constructed or repaired,,
Shop,Shops,,,,,
Shovel test pit,Shovel test pits,,Fosse d'essai à la pelleteuse,"An extensive survey technique to sample the content of topsoil within a
 defined area by taking a fixed volume of soil (usually a shovelful) out of the
 ground and sieving/screening it to separate out and quantify the artefact
 population. Widely used in the field evaluation of large areas in order to
 identify buried sites and define their approximate extent.",Une technique d'enquête extensive pour échantillonner le contenu de la couche arable dans une zone définie en prélevant un volume fixe de sol (généralement une pelle) et en le tamisant pour séparer et quantifier la population d'artefacts. Largement utilisé dans l'évaluation sur le terrain de grandes zones afin d'identifier les sites enfouis et de définir leur étendue approximative.,"Concise Oxford Dictionary of Archaeology (Darvill, Timothy) (z-lib.org)"
Shrine,Shrines,,Autel,"A small sacred place associated with a particular deity or dedicated to a
 particular person or event. A shrine may be constructed as part of a
 religious or ceremonial structure, but many exist within domestic buildings
 or in isolation to mark the special character of a particular place.","Un petit endroit sacré associé à une divinité particulière ou dédié à une personne ou à un événement particulier. Un sanctuaire peut être construit dans le cadre d'une structure religieuse ou cérémoniale, mais beaucoup existent dans des bâtiments domestiques ou isolés pour marquer le caractère spécial d'un lieu particulier.","Concise Oxford Dictionary of Archaeology (Darvill, Timothy) (z-lib.org)"
Significant building,Significant buildings,,,"A structure or set of structures, which is marked out or conspicuous in some way in comparison to surrounding structures. The building may be noteworthy due to its large size, setting, decoration etc.",,
Simple cairn,Simple cairns,,,,,
Single enclosure,Single enclosures,,,,,
Sirikwa hollow,Sirikwa hollows,,,,,"Sirikwa holes or hollows are saucer-shaped hollows found on hillsides in the western highlands of Kenya and into the central Rift Valley around Nakuru. These hollows usually measure 10-20meters in diameter and an average depth of 2.4 metres. They occur in clusters numbering from ten to at times more than a hundred. They are believed to date from the Iron Age. 
 Excavations indicate that these hollows were surrounded by a fence or stockade and on the downhill side, a single gate, usually with extra works and flanking guard houses. In rocky terrain stone walling substituted for fencing or provided a base for the same."
Slag scatter,Slag scatters,,Dispersion de scories,"Partly vitrified non-metal residue and waste material left behind after
 the smelting of a metal ore or in glass-making.",Résidus non métalliques partiellement vitrifiés et déchets laissés sur place après la fusion d'un minerai métallique ou la fabrication du verre.,"Concise Oxford Dictionary of Archaeology (Darvill, Timothy) (z-lib.org)"
Slag site,Slag sites,,Site de scories,"The slag fragment, which comes from a site occupied from 1541 to 1543, is a waste product resulting from the smelting of metals and ores. The object, which is incomplete, consists of a single fragment with three walls that appear to follow the shape of a crucible. Some portions of the surface show a spongy texture. The object measures 4.6 cm in height, 4.6 cm in length and has a maximum thickness of 4.1 cm.","Le fragment de scorie, qui provient d'un site occupé de 1541 à 1543, est un déchet résultant de la fusion des métaux et des minerais. L'objet, incomplet, est constitué d'un seul fragment dont les trois parois semblent épouser la forme d'un creuset. Certaines parties de la surface présentent une texture spongieuse. L'objet mesure 4,6 cm de hauteur, 4,6 cm de longueur et a une épaisseur maximale de 4,1 cm.",https://www.archeolab.quebec/recherche/objet/214575
Slipway,Slipways,,,A sloping platform or ramp leading to a body water and used to move watercraft in and out of the water,,
Smelting,,,Fusion,"The process of extracting usable metal from an ore by heating to
 extreme temperatures in a hearth or furnace. Some metals may melt while
 being smelted and these can be run off or trapped in crucibles as ingots. But
 melting metals was not necessarily the aim; the main chemical reaction in
 smelting is that of reducing a metal oxide in the form of a bloom which can
 then be further worked by forging to drive off the remaining impurities.
 Archaeological remains of the smelting process include hearths and
 furnaces containing slag, tuyères, cinder, slag, and possibly ingot fragments","Le processus d'extraction du métal utilisable d'un minerai en le chauffant à des températures extrêmes dans un foyer ou un four. Certains métaux peuvent fondre pendant la fusion et peuvent être évacués ou piégés dans des creusets sous forme de lingots. Mais la fusion des métaux n'était pas nécessairement le but recherché; la principale réaction chimique de la fusion est la réduction d'un oxyde métallique sous la forme d'un bloom qui peut ensuite être retravaillée par forgeage pour éliminer les impuretés restantes.
 Les vestiges archéologiques du processus de fusion comprennent des foyers et des fourneaux contenant des scories, des tuyères, des cendres, des scories et éventuellement des fragments de lingots.","Concise Oxford Dictionary of Archaeology (Darvill, Timothy) (z-lib.org)"
Smithing,,,Forgeage,"Term applied to collections of Bronze Age metalwork found in northern
 Europe that appear to represent the tools and stock-in-trade of a
 metalworker. Thus they typically contain broken tools and weapons cut up
 for recycling, ingots, moulds, and tools for working metal. It is speculated
 that these hoards were deposited or concealed by itinerant smiths for safety,
 but for whatever reason they were never able to recover them. Also known
 as founder's hoards.","Terme appliqué aux collections d'objets métalliques de l'âge du bronze trouvés en Europe du Nord qui semblent représenter les outils et la réserve d'un métallurgiste. Ainsi, ils contiennent généralement des outils et des armes brisés, découpés pour être recyclés, des lingots, des moules et des outils pour travailler le métal. On suppose que ces trésors étaient déposés ou dissimulés par des forgerons itinérants par sécurité, mais pour une raison quelconque, ils n'ont jamais été en mesure de les récupérer. Également connus sous le nom de ""trésors de fondeurs"".","Concise Oxford Dictionary of Archaeology (Darvill, Timothy) (z-lib.org)"
Soil discoloration,Soil discolorations,,,,,
Spring,Springs,,,,,
Square,Squares,,Square/place/jardin,"The process of extracting usable metal from an ore by heating to
 extreme temperatures in a hearth or furnace. Some metals may melt while
 being smelted and these can be run off or trapped in crucibles as ingots. But
 melting metals was not necessarily the aim; the main chemical reaction in
 smelting is that of reducing a metal oxide in the form of a bloom which can
 then be further worked by forging to drive off the remaining impurities.
 Archaeological remains of the smelting process include hearths and
 furnaces containing slag, tuyères, cinder, slag, and possibly ingot fragments","Un monument funéraire de la préhistoire tardive dans les îles britanniques qui comprend un monticule circulaire de terre et de roche redéposée, d'un diamètre compris entre 6 et 15 mètres de diamètre, qui recouvre un dépôt funéraire central et qui est entouré d'un fossé de carrière grossièrement carré ou rectangulaire. La sépulture centrale est généralement une inhumation d'adulte et est placée sur l'ancienne surface du sol ou dans une fosse funéraire. Des objets funéraires, comprenant dans certains cas des véhicules à roues complets ou démontés, accompagnent généralement l'inhumation.
 La plupart des tumulus carrés datent de la période de La Tène I en Grande-Bretagne, en gros des 6e et 5e siècles avant J.-C., et se trouvent principalement dans le Humberside et l'East Riding of Yorkshire. Un nombre croissant, cependant, est reconnu dans d'autres parties de l'Angleterre. La tradition des tumulus carrés en Angleterre a été caractérisée comme un élément clé de la culture d'Arras qui a pu être introduite dans l'est de l'Angleterre par des colons venus de France.","Concise Oxford Dictionary of Archaeology (Darvill, Timothy) (z-lib.org)"
Standing stone,Standing stones,,,,,
Standing stone (burial),Standing stones (burials),,,"Feature composed of one or vertically placed stones, often megalithic, e.g. stone circle, stone row",,
Statue,Statues,,,,,
Steamship,Steamships,,,"Any watercraft whose main propulsion is by engine rather than sail. Includes all engine types including steam, petrol and diesel",,
Stela,Stelae,,Stèle,"A freestanding inscribed, carved, or decorated stone slab set upright in
 the ground, usually commemorating a person or event. Often connected
 with ceremonial sites or burial places; a stone slab set up in a public place,
 with an inscription recording a victory, treaty, or a decree; also a gravestone.
 Many beautiful funeral stelae, sculptured in relief, are to be seen in
 the National Museum, Athens.","Une dalle de pierre autoportante inscrite, sculptée ou décorée, placée verticalement dans le sol, commémorant généralement une personne ou un événement. Souvent liée à des sites cérémoniels ou à des lieux de sépulture ; une dalle de pierre dressée dans un lieu public, avec une inscription relatant une victoire, un traité ou un décret ; également une pierre tombale.
 De nombreuses stèles funéraires, sculptées en relief, sont exposées au Musée national d'Athènes.","Concise Oxford Dictionary of Archaeology (Darvill, Timothy) (z-lib.org)"
Stone alignment,Stone alignments,,,,,
Stone alignment (burial),Stone alignments (burials), U-structure,,"Features depicted by di Lernia (2013) – more than one row of stones, so like a pavement, includes feature very like those at Lajuad. When concave, see: Stone Half-Ring. When Squared see: Basket Handle. When",,
Stone circle,Stone circles,,Cercle de pierres,"A ring of standing stones, either circular or nearcircular, found in the British Isles from the Neolithic and Early Bronze Age.","Un cercle de pierres debout, circulaire ou quasi-circulaire, trouvé dans les îles britanniques au Néolithique et au début de l'Âge du Bronze.",Encyclopedic dictionary of archaeology (Barbara Ann Kipfer) (z-lib.org)
Stone concentration,Stone concentrations,,,,,
Stone concentration (burial),Stone concentrations (burials),,,"Features depicted by di Lernia (2013) – more than one row of stones, so like a pavement, includes feature very like those at Lajuad. When concave, see: Stone Half-Ring. When Squared see: Basket Handle. When",,
Stone emplacements (burial),Stone emplacements (burials),Small Features,,"Small pile of stones or cairn, too small to be described as a tumulus",,
Stone enclosure,Stone enclosures,,,,,
Stone outline (burial),Stone outlines (burials),,,"Circular or other stone outline, with stones generally placed on ground or (less frequently) embedded in ground, and not necessarily close together.",,
Stone platform,Stone platforms,,,,,
Stone platform (burial),Stone platforms (burials),,,,,
Stone ring,Stone rings,,,,,
Stone ring (burial),Stone rings (burials),,,"Simple circumference delimited by more-or-less contiguous blocks or pebbles, with empty interior space (Rodrigue 2014). When found next to another monument, these have been classified as annexes. Common forms are elliptical, circular, and double.",,
Stone setting,Stone settings,,,,,
Stone structure,Stone structures,,Structure en pierre,/,/,
Stopping place,Stopping places,,,,,
Storage,,Stokage,"""the act of putting things in a special place for use in the future, or the place where you put things""","""l'action de mettre des choses dans un endroit spécial pour une utilisation future, ou l'endroit où l'on met des choses"".",Cambridge Advanced Learner's Dictionary & Thesaurus © Cambridge University Press (https://dictionary.cambridge.org/fr/dictionnaire/anglais/storage),
Storage facility,Storage facilities,,,"A purpose built facility for the mass storage of a product i.e. Warehouses, Granaries.",,
Storehouse,Storehouses,,Entrepôt,"A large building for storing things, often before they are sold, used, or sent out to shops.","Un grand bâtiment pour stocker des objets, souvent avant qu'ils ne soient vendus, utilisés ou envoyés dans des magasins.","STOREHOUSE | signification, définition dans le dictionnaire Anglais de Cambridge"
Structural remains,Structural remains,,Restes structurels,/,/,
Structure,Structures,,Structure,/,/,
Submarine,Submarines,,,"A watercraft designed to submerge, travel and operate below the water's surface",,
Subsistence,Subsistence sites,,Subsistance,"Category: Term
 Definition: Means of supporting life, in particular by
 obtaining food. Subsistence is that part of economy concerned
 with acquisition, distribution, and production of food.","Catégorie : Terme
 Définition : Moyen d'assurer la vie, notamment en obtenant de la nourriture. La subsistance est la partie de l'économie qui concerne l'acquisition, la distribution et la production de nourriture.","KIPFER B.A., Encyclopedic Dictionary of Archaeology, 2000, p. 1324"
Sub-surface material,Sub-surface materials,,,"Buried features, potentially inferred from the presence of surface disturbances or discolouration",,
Sunken feature building,Sunken feature buildings,,Bâtiment semi-enfoncé,"Designating a dwelling that is a large hole in the ground used for shelter, as a pit house.","Désigne un logement qui est un grand trou dans le sol utilisé comme abri, comme une maison semi-souterraine.",Encyclopedic dictionary of archaeology (Barbara Ann Kipfer) (z-lib.org)
Surface scatter,Surface scatters,,surface de dispersion,"In America, surface scatters are sites that have geological or
 geographical context but no archaeological associations. This includes
 material incorporated in secondary contexts such as river gravels or
 colluvium. In Britain, surface scatters are spreads of humanly worked
 material, often struck flint, which is taken to represent one of two things:
 (1) material brought into the topsoil by cultivation and derived
 from disturbed archaeological features of some kind (e.g. pits,
 ditches);
 (2) material remains of activities which only have a topsoil dimension
 in the sense that the material was originally dropped or placed or
 abandoned on the ground surface and over the course of time it has
 become incorporated into the topsoil where it has remained ever since.","En Amérique, les dispersions de surface sont des sites qui ont un contexte géologique ou géographique, mais sans association archéologique. Cela inclut matériel incorporé dans des contextes secondaires tels que les graviers de rivière ou les colluvions. En Grande-Bretagne, les éparpillements de surface sont des épandages de matériaux travaillés par l'homme, souvent des silex frappés, qui est considéré comme représentant l'une des deux choses suivantes : (1) des matériaux apportés dans la couche arable par la culture et dérivés d'éléments archéologiques perturbés de quelque nature que ce soit. (par ex. fosses, fossés) ; (2) des restes matériels d'activités qui n'ont qu'une dimension de couche arable dans le sens où le matériau a été initialement déposé ou placé ou abandonné à la surface du sol et qu'au fil du temps, il s'est incorporé à la couche arable où il est resté depuis.","Concise Oxford Dictionary of Archaeology (Darvill, Timothy) (z-lib.org)"
Surface site,Surface sites,,,,,
Synagogue,Synagogues,,,A building used for Jewish religious worship and education,,
Tata,Surface sites,,Tata (Ad),/,/,Encyclopedic dictionary of archaeology (Barbara Ann Kipfer) (z-lib.org)
Tell,Tells,,,A large mound created from the continuous occupation or repeated abandonment/re-occupation of a specific locale,,
Temple,Temples,Shrine,,"An area and/or one or more structures designated for religious worship (not including Muslim, Christian, or Jewish)",,
Tent base,Tent bases,Footing,,"A low wall or arrangement of stones (often surrounding a cleared area), used to weigh down/support the edges of a tent (or other temporary structure)",,
Termite mound,Termite mounds,,Termitière,"Termitenest, part of which emerges from the ground in the form of a mound of hardened earth that can reach several meters, the other part being formed of underground galleries.","Nid de termites dont une partie émerge du sol sous forme d'un monticule de terre durcie pouvant atteindre plusieurs mètres, l'autre étant formée de galeries souterraines.",Définition de TERMITIÈRE
Terrace,Terraces,,,,,
Terracing,Terracings,,Terrassement,A collection of walling constructed following the contours of a hill or mountain used primarily for agriculture and secondary for mining,"Ensemble de murs construits en suivant les contours d'une colline ou d'une montagne, utilisés principalement pour l'agriculture et secondairement pour l'exploitation minière.",https://www.dictionary.com/browse/terracing
Test pit,Test pits,,Fosse d'essai,A preliminary excavation pit dug to determine the nature of a site and establish the techniques needed for actual excavation.,Une fosse d'excavation préliminaire creusée pour déterminer la nature d'un site et établir les techniques nécessaires à l'excavation réelle.,Encyclopedic dictionary of archaeology (Barbara Ann Kipfer) (z-lib.org)
Theatre,Theatres,,,"A structure designed for performances including oratory, drama, and music, comprising a stage and a semi-circular arrangement of tiered seating",,
Threshing floor,Threshing floors,,,A cleared or paved area designated for separating edible grain/seeds from inedible chaff,,
Tomb,Tombs,/Grave,,"A structure, building, or other locale designed to hold or house human (or animal) remains",,
Town,Towns,,Ville,"a place where people live and work, containing many houses, shops, places of work, places of entertainment, etc., and usually larger than a village but smaller than a city.","Un lieu où les gens vivent et travaillent, contenant de nombreuses maisons, des magasins, des lieux de travail, des lieux de divertissement, etc., et généralement plus grand qu'un village mais plus petit qu'une ville.",https://dictionary.cambridge.org/fr/dictionnaire/anglais/town
Town wall,Town walls,,Muraille,"Wall: a vertical structure, often made of stone or brick, that divides or surrounds something","Mur : une structure verticale, souvent en pierre ou en brique, qui divise ou entoure quelque chose.",https://dictionary.cambridge.org/fr/dictionnaire/anglais/wall
Township,Townships,,Canton,a South African town where only black people lived during apartheid,Une ville d'Afrique du Sud où seuls les Noirs vivaient pendant l'Apartheid.,https://dictionary.cambridge.org/fr/dictionnaire/anglais/township
Traces of burials,Traces of burials,Traces d'inhumation,,,,
Traces of burning,Traces of burning,Traces d'incendie,,,,
Trackway,Trackways,,,,,
Trade,Trade sites,,Commerce,"In archaeology this term tends to be used in its broadest sense to mean
 the transfer of goods between communities, recognizing that many different
 social mechanisms may be responsible for those movements. See also
 Exchange.","En archéologie, ce terme tend à être utilisé dans son sens le plus large pour signifier le transfert de biens entre les communautés, sachant que de nombreux mécanismes sociaux différents peuvent être à l'origine de ces mouvements.Voir aussi échange (exchange).","Concise Oxford Dictionary of Archaeology (Darvill, Timothy) (z-lib.org)"
Trading centre site,Trading centre sites,,Site du centre de commerce/échange,"Centrally situated focal point where a number of individuals or
 communities could come together for trading and exchange. Possibly also a habitation site.",Point central où un certain nombre d'individus ou de communautés pouvaient se réunir pour commercer et échanger. Peut-être aussi un site d'habitation.,"Concise Oxford Dictionary of Archaeology (Darvill, Timothy) (z-lib.org)"
Tree,Trees,,,,,
Trench,Trenches,,Tranchée,"In archaeology the term trench is used to refer to any area of ground that
 is subject to a formal excavation. Although originally archaeological
 trenches were often long narrow cuttings, since the 1950s there has been a
 trend towards the use of larger and more open areas.","En archéologie, le terme de tranchée est utilisé pour désigner toute zone de terrain qui fait l'objet d'une fouille formelle. Bien qu'à l'origine les tranchées archéologiques étaient souvent des tranchées longues et étroites, depuis les années 1950, la tendance est à l'utilisation de zones plus grandes et plus ouvertes.","Concise Oxford Dictionary of Archaeology (Darvill, Timothy) (z-lib.org)"
Tsangalaweni,Tsangalaweni sites,,,"Where the path into the kaya begins on the
eastern path",,
Tumulus,Tumuli,Tumuli,Tumulus,"A mound of earth or stones built over a
 burial – most often a large, circular tomb. Tumuli were
 used for the burial chambers of Etruscan aristocrats in the
 Archaic period (sixth to fifth centuries BC), also in the
 Bronze Age, and later revived by the Roman emperors
 Augustus and Hadrian (Encyclopedic dictionary of archaeology (Barbara Ann Kipfer))","Un monticule de terre ou de pierres construit sur une sépulture - le plus souvent une grande tombe circulaire. Les tumuli ont été utilisés pour les chambres funéraires des aristocrates étrusques à l'époque archaïque (du sixième au cinquième siècle avant J.-C.), ainsi qu'à l'Âge du Bronze, et ont ensuite été remis au goût du jour par les empereurs romains Auguste et Hadrien (Dictionnaire encyclopédique d'archéologie (Barbara Ann Kipfer)).",
Tumulus (crater),Tumuli (craters),,,"Tumulus with a notable central depression. Often filled with sand over time. Some debates as to whether these represent a distinct form, or a cairn which has been robbed out.",,
Tumulus (discoïde),Tumuli (discoïdes),,,"Disc tumuli, or stone discs, are relatively flat circular features, up to c. 0.50m high by c. 7.50m in diameter, outlined by small boulders, or boulders piled to at least two courses. Interior space is filled with slabs or, sometimes, with gravel. Discs in some studies are distinguished from platforms by height and the number of stone courses. Discs in some studies are distinguished from platforms by height and the number of stone courses. Both Milburn (1993) and Paris (1996) refer to this type of tumulus as a ‘platform’ cairn or monument. Paris goes further to subdivide his ‘monuments en plate-forme’ into ‘tumulus en plate-forme surbaissée’ (also presented as ‘tumulus discoïde’ in his more specific excavation citations), ‘plate-formes cylindriques à gravillons’ and ‘plate-formes cylindriques empierrées’ (Paris 1996, 21). In the BANI (1994) typology, these forms are described as tumulus discoïde, plate-forme cylindriques, and plate-forme empierrées respectively.",,
Tumulus (flat-topped),Tumuli (flat-topped),,,"Tumulus truncated to create fl at top. In Niger, 3–20m × 0.5–4m, with burial in a chamber in most cases (BANI 1994).",,
Tumulus (platform),Tumuli (platforms),,,"Tumulus constructed on a low–relief stone platform or paved area. Not described as distinct type in any other typologies examined, although di Lernia (2013) depicts rounded tumulus on platform under the general category of ‘tumulus.’",,
Tumulus with arms/wings,Tumuli with arms/wings,,,"Tumulus with low relief extensions forming arms or ‘wings’ (distinct from crescents). The arms or wings of these tumuli are neither sufficiently developed in extent (i.e. around the perimeter of the monument), to constitute platforms, nor as long as the large ‘antennae’ that characterise falcate monuments. They extend further from the main body of the monument than an integral ‘annex’ (see above), and a single such tumulus will generally have more than one arm/wing.",,
Tunnel,Tunnels,,,,,
Turret,Turrets,,,,,
Tuyère scatter,Tuyère scatters,,Dispersion de tuyère,"In metalworking, a tube or refractory material (typically ceramic or
 stone) linking the outlet from a pair of bellows to the central hearth of a
 furnace. Air from the bellows is forced through the tuyère in order to
 increase the heat in a furnace. For this reason, the inner part of the tuyère is
 often vitrified and may have fuel, slag, and other materials from within the
 furnace fused to it.","Dans le travail des métaux, un tube ou un matériau réfractaire (généralement de la céramique ou de la pierre) reliant la sortie d'une paire de soufflets au foyer central d'un fourneau. L'air provenant du soufflet est forcé à travers la tuyère afin d'augmenter la chaleur dans un four. C'est pourquoi la partie intérieure de la tuyère est souvent vitrifiée et peut être recouverte de combustible, de scories et d'autres matériaux provenant du fourneau.","(Concise Oxford Dictionary of Archaeology (Darvill, Timothy))"
Unenclosed settlement,Unenclosed settlements,,,,,
Unknown,,,inconnu / Indéterminé,/,/,
Urban settlement,Urban settlements,,,,,
U structure (burial),U structures (burials),,,"Consists of a main stone structure which is in the form of a U (it does NOT have three distinct sides). A distinctly-seperate structure is placed at the ""entry"" to this larger monument. The structure(s) placed basically to East of the main monument can vary greatly, typically stone emplacements, or short, linear stone constructions. Nomenclature seems haphazard, even interchangeable.(Milburn, 1993) .For visuals, See: https://archaeoland.eu/en/sahara-en/u-and-l-monuments",,
Valley,Valleys,,,,,
Vegetation enclosure,Vegetation enclosures,,,,,
Village,Villages,,village,"A settlement smaller than a town, larger than a
 hamlet.","Un établissement plus petit qu'une ville, plus grand qu'un hameau. Dictionnaire encyclopédique d'archéologie (Barbara Ann Kipfer))",(Encyclopedic dictionary of archaeology (Barbara Ann Kipfer))
Virya ya tsini,,,,The lower path in the East,,
Virya ya tsulu,,,,The upper path in the north-west,,
Vitrified dung deposit,Vitrified dung deposits,,Dépôt de fumier vitrifié,/,/,
V-type monument,V-type monuments,,,"There exist many monuments with «arms», representing intermediate forms between V-shapes, heel-shaped cairns, and crescents generally.",,
Wadi,Wadis,,Oued,"Arabic term for a channel of a watercourse that is
 dry except during periods of rainfall; intermittent
 watercourse.",Terme arabe désignant le chenal d'un cours d'eau qui est sec sauf pendant les périodes de pluie ; cours d'eau intermittent.(Dictionnaire encyclopédique d'archéologie (Barbara Ann Kipfer)),Encyclopedic dictionary of archaeology (Barbara Ann Kipfer)
Wall,Walls,,Mur,/,/,
Walling,Wallings,Platfom,,The place on a core or flake where it was struck by a hammer.,"Kipfer, Barbara Ann. Encyclopedic dictionary of archaeology. Cham: Springer International Publishing, 2021",
War memorial,War memorials,,,,,
Warship,Warships,,,Any watercraft built or fitted out to engage in acts of war,,
Watchtower,Watchtowers,Observation post,,A tower used primarily for the purpose of observation and signalling,,
Water acquisition,Water acquisition sites,,Acquisition d'eau,/,/,
Water control mechanism,Water control mechanisms,,,Features or Structures designed to control the flow and movement of water. This term should only be used when there is no other term existing in the glossary that can be used to more accurately describe the feature(s)/structure(s),,
Water furrow,Water furrows,,Sillon d'eau,A ditch constructed to allow for the transport of water from a stream to agricultural land,Un fossé construit pour permettre le transport de l'eau d'un cours d'eau vers des terres agricoles.,
Water management,Water management systems,,Gestion de l'eau,/,/,
Water storage,Water storages,,Stockage d'eau,/,/,
Water source,Water sources,,,,,
Water supply and disposal,Water supply and disposal systems,,Approvisionnement et évacuation de l'eau,/,/,
Water wheel,Water wheels,,,"A rotating structure used for to control, manage, and/or lift water; not including milling (see Mill (water))",,
Watercourse,Watercourses,,Cours d'eau,/,/,
Waterfall,Waterfalls,,,/,/,
Wattle and daub,Wattle and daub structures,,Béton et torchis,"A building technique in which walls were made
 by plastering mud (daub, possibly with sand and plant fibers)
 over a lattice of branches and sticks (wattle). Interwoven
 twigs or thin split timbers were used. Though the wattle
 does not normally survive, its imprint is frequently preserved
 on the daub. It was used for, among other things, house walls,
 ovens, hurdles, fencing, and simple pottery kilns.","Technique de construction dans laquelle les murs étaient construits en plâtrant de la boue (torchis, éventuellement avec du sable et des fibres végétales) sur un treillis de branches et de bâtons (wattle). On utilisait des brindilles entrelacées ou de fines pièces de bois fendues. Bien que la wattle ne survive généralement pas, son empreinte est souvent préservée sur le daub/torchis. Il était utilisé, entre autres, pour les murs des maisons, fours, haies, clôtures et simples fours à poterie",Encyclopedic dictionary of archaeology (Barbara Ann Kipfer))
Waymarker,Waymarkers,,,"A stone marker, including milestones, or cairn used to mark a route through the landscape",,
Waystation,Waystations,,,,,
Well,Wells,,Puits,"A pit or hole sunk into the earth to reach a supplyA pit or hole sunk into the earth to reach a supply
 of water.",Un puits ou un trou creusé dans la terre pour atteindre une réserve d'eau.,(Dictionnaire encyclopédique d'archéologie (Barbara Ann Kipfer))
Wharf,Wharves,,,,,
"Workshop (cutting, reducing or forging)","Workshops (cutting, reducing or forging)",,"Atelier
 Atelier (de taille, de réducion ou de forge) (Ad)",/,/,
Workshop cutting,,,,,,
Workshop forging,,,,,,
Workshop reducing,,,,,,
