ResourceID,MAEASaM ID,Zotero Key,Resource type,Title of resource,Author,Publisher,Year of publication,Book or journal information,Book or journal edition,DOI,ISBN,ISSN,Page numbers,Volume,URL,Language,Abstract Note,Copyright,APA Reference,Recorder,Comment,Created at,Uploader,Uploaded at,Last modified at
b42c81bf-1493-417d-993d-24862c11d545,INFO-00000001,RIDVZIBC,Journal article,Archéologie préhistorique de la partie centrale du main ethiopian rift : contribution à l’établissement de la séquence late stone age d’afrique orientale,"Bon, François; Dessie, Asamerew; Bruxelles, Laurent; Daussy, Axel; Douze, Katja; Fauvelle-Aymar, François-Xavier; Khalidi, Lamya; Lesur, Joséphine; Ménard, Clément; Marder, O.; Mensan, Romain; Saint-sever, Guillaume",,2013,Annales d'Ethiopie,1,10.3406/ethio.2013.1538,,0066-2127,261–297,28,https://www.persee.fr/doc/ethio_0066-2127_2013_num_28_1_1538,,"Prehistory of the Central Main Ethiopian Rift (Ziway-Shala basin) : Establishing the Late Stone Age sequence in Eastern Africa Supported by the CFEE, ARCCH, MAEE, INRAP and the laboratory TRACES, this project, "" Late Stone Age sequence in Ethiopia"", is devoted to the collection of new data on the late prehistory of the Horn of Africa. To answer to this objective, several fieldwork seasons have been carried out since 2007 in the area of lakes Ziway, Langano and Abijata, located in the central part of the Main Ethiopian Rift Valley. Over the course of this project, we have intensively explored different geological contexts, and in particular the fluvio-lacustrine plain of the Bulbula river and the impact of volcanic eruption on the landscape and on human acquisition strategies. This area provides an ideal terrain for the study of prehistoric human/ environment relationships in the context of a shifting natural environment (lake fluctuations / volcanic activity). This collaborative program, developed in a region with a uniquely rich and well preserved sedimentary and archaeological record, has supplemented new data establishing the geomorphological and geological setting, with a stratigraphic sequence in which several new archaeological sites have been discovered and studied. Most notable are several sites dating to around 30,000 BP, a period previously poorly documented in Ethiopian Prehistory, and several sites dating to the transition between the Pleistocene and Holocene periods (between 12,000 and 9,000 cal BC). The archaeological sequence we have identified in the Bulbula plain is discontinuous because it is linked to lakelevel fluctuations but also to arid and volcanic events. Nevertheless, the different windows of preservation identified shed new light on a variety of issues regarding the late Prehistory of this area. It concerns particularly a final stage of the MSA (contemporary OIS3) and diverse expressions of the LSA. The signature of this diversity is both technical and economical, around the role of hunting and fishing practices. This interdisciplinary project combines geomorphological and archaeological perspectives with detailed work on raw material sampling and analysis. , Soutenue par le CFEE, le ARCCH, le MAEE, l’INRAP et le laboratoire TRACES, la mission «Late Stone Age sequence in Ethiopia » est dédiée à la réunion de nouvelles données sur la préhistoire récente de la Corne de l’Afrique. Afin de répondre à cet objectif, plusieurs campagnes de terrain se sont déroulées depuis 2007 dans la région des lacs Ziway, Abijata et Langano, situés au coeur de la vallée du Rift, profitant des différents contextes d’enregistrement géologique que recèle cette région et, en particulier, les contextes fluviolacustres de la plaine de la Bulbula. En effet, cette zone offre un terrain très propice à l’étude de la relation de l’Homme avec son milieu naturel et ses variations, parfois brutales, qu’il s’agisse des fluctuations hydrométriques comme des phénomènes de type «catastrophiques » imputables à l’activité volcanique. Grâce au programme pluridisciplinaire que nous avons pu développer dans une région possédant donc une haute résolution d’enregistrement sédimentaire et archéologique, cette mission est parvenue à compléter significativement son cadre géomorphologique et géologique, achevant l’établissement d’une séquence stratigraphique au sein de laquelle ont été découverts plusieurs nouveaux sites archéologiques, dont certains livrent des informations proprement inédites sur la Préhistoire de l’Éthiopie. Nous retiendrons en particulier les documents fournis par plusieurs sites datés des environs de 30 000 BP ainsi que sur la charnière Pléistocène/ Holocène (entre 12 et 9000 cal BC environ). Cet enregistrement archéologique est par essence discontinu, puisqu’il témoigne de phases d’occupation rythmées par les grands cycles climatiques de transgression et de régression lacustre ou, corrélativement, de plus ou moins forte aridité ; la présence humaine fut également dépendante des épisodes volcaniques qui ont pu momentanément bouleverser les conditions de vie dans cette zone. Toutefois, chacune des phases d’occupation décelées apportent des éclairages nouveaux à la connaissance de la Préhistoire éthiopienne, qu’il s’agisse de contribuer à l’identification d’une phase finale du MSA lors de l’OIS3 comme de documenter la diversité des expressions techniques et économiques du LSA (autour notamment du rôle respectif de la chasse et de la pêche) à la charnière du Pléistocène et de l’Holocène. Parallèlement à cela, un programme étroitement complémentaire concernant la gîtologie des sources d’obsidienne environnantes a été développé.",,"Bon, François; Dessie, Asamerew; Bruxelles, Laurent; Daussy, Axel; Douze, Katja; Fauvelle-Aymar, François-Xavier; Khalidi, Lamya; Lesur, Joséphine; Ménard, Clément; Marder, O.; Mensan, Romain; Saint-sever, Guillaume (2013.0). Archéologie préhistorique de la partie centrale du Main Ethiopian Rift : contribution à l’établissement de la séquence Late Stone Age d’Afrique orientale. nan. https://doi.org/10.3406/ethio.2013.1538","[
  {
    ""resourceId"": ""a61a7292-9747-40a1-855c-44fb7c8b1f6c"",
    ""resourceXresourceId"": """",
    ""ontologyProperty"": """",
    ""inverseOntologyProperty"": """"
  }
]",,2026-04-10,,,2026-04-10
38c48172-7927-4b19-b247-2c4e26556a80,INFO-00000002,FVM34C6E,Journal article,"A late stone age sequence from west ethiopia: the sites of k'aaba and bel k'urk'uma (assosa, benishangul-gumuz regional state)","Fernández, Víctor M.; De La Torre, Ignacio; Luque, Luis; González-Ruibal, Alfredo; López-Sáez, José Antonio",,2007,Journal of African Archaeology,1,10.3213/1612-1651-10087,,"16121651, 21915784",91–126,5,https://brill.com/abstract/journals/jaa/5/1/article-p91_6.xml,,"In this paper, the results of the test excavations in two rock shelters in the Central Ethiopian escarpment near the Sudanese border are presented. A continuous sequence of quartz lithic industry, from the lowest levels of K’aaba (with an archaic MSA-like industry of side-scrapers, Levallois-discoid cores and unifacial points) to the upper levels of Bel K’urk’umu (with a LSA industry, characterised by elongated flakes and end-scrapers, that still displays many archaic features such as centripetal flakes and cores) may be inferred. The escarpment’s mountainous and forested areas may have acted as a refuge zone from the end of the Pleistocene, when hyper-arid conditions deterred human occupation of the Sudanese plains nearby, and may also have been a cause for the cultural archaism of the late MSA groups, a case similar to others recorded in the African continent (South Africa, Zimbabwe, Nile Valley). The arrival of Sudanese pottery in the mid-Holocene period may be explained by the onset of arid conditions that drove “aqualithic” groups and early herders towards more humid areas. The conservative character of the late prehistoric cultural sequence derived from both sites is consistent with the resilient traditional nature of the NiloSaharan groups that currently settle the Ethio-Sudanese borderlands.",,"Fernández, Víctor M.; De La Torre, Ignacio; Luque, Luis; González-Ruibal, Alfredo; López-Sáez, José Antonio (2007.0). A Late Stone Age Sequence from West Ethiopia: The Sites of K'aaba and Bel K'urk'uma (Assosa, Benishangul-Gumuz Regional State). nan. https://doi.org/10.3213/1612-1651-10087","[
  {
    ""resourceId"": ""a61a7292-9747-40a1-855c-44fb7c8b1f6c"",
    ""resourceXresourceId"": """",
    ""ontologyProperty"": """",
    ""inverseOntologyProperty"": """"
  }
]",,2026-04-10,,,2026-04-10
8c92a33d-8460-4ae0-b394-a70dd6a057de,INFO-00000003,2J4WJX34,Journal article,"Animal economies and islamic conversion in eastern ethiopia: zooarchaeological analyses from harlaa, harar and ganda harla","Gaastra, Jane S.; Insoll, Timothy",,2020,Journal of African Archaeology,2,10.1163/21915784-20200008,,"1612-1651, 2191-5784",181–208,18,https://brill.com/view/journals/jaa/18/2/article-p181_3.xml,,"Excavations at three urban sites, Harlaa, Harar, and Ganda Harla, in eastern Ethiopia have recovered substantial assemblages of faunal remains. These, the first to be analysed from Islamic contexts in the country, were studied to reconstruct animal economies, and to assess if it was possible to identify Islamic conversion or the presence of Muslims in archaeological contexts through examining butchery practices and diet via the species present. Differences in animal economies between the sites in, for example, management strategies, use of animals for traction, and presence of imported marine fish, infers the development of different traditions. However, conversion to Islam was evident, and although issues of non-observance, mixed communities, and dietary eclecticism have to be acknowledged, the appearance of a similar range of butchery techniques suggests these were linked with the appearance of Muslim traders, and subsequent spread of Islam.",,"Gaastra, Jane S.; Insoll, Timothy (2020.0). Animal Economies and Islamic Conversion in Eastern Ethiopia: Zooarchaeological Analyses from Harlaa, Harar and Ganda Harla. nan. https://doi.org/10.1163/21915784-20200008","[
  {
    ""resourceId"": ""a61a7292-9747-40a1-855c-44fb7c8b1f6c"",
    ""resourceXresourceId"": """",
    ""ontologyProperty"": """",
    ""inverseOntologyProperty"": """"
  }
]",,2026-04-10,,,2026-04-10
44aebb30-d1b6-46a6-bdc9-95e081cdf37e,INFO-00000004,2X4P9P4C,Journal article,"A reassessment of the middle and later stone age lithic assemblages from aladi springs, southern afar rift, ethiopia","Gossa, Tegenu; Sahle, Yonatan; Negash, Agazi",,2012,Azania: Archaeological Research in Africa,2,10.1080/0067270X.2012.676314,,"0067-270X, 1945-5534",210–222,47,http://www.tandfonline.com/doi/abs/10.1080/0067270X.2012.676314,,,,"Gossa, Tegenu; Sahle, Yonatan; Negash, Agazi (2012.0). A Reassessment of the Middle and Later Stone Age Lithic Assemblages from Aladi Springs, Southern Afar Rift, Ethiopia. nan. https://doi.org/10.1080/0067270X.2012.676314","[
  {
    ""resourceId"": ""a61a7292-9747-40a1-855c-44fb7c8b1f6c"",
    ""resourceXresourceId"": """",
    ""ontologyProperty"": """",
    ""inverseOntologyProperty"": """"
  }
]",,2026-04-10,,,2026-04-10
a50e6eb2-a56e-4c3b-a0ab-3329a7558acf,INFO-00000005,7FQKCPIH,Journal article,"An archaeological survey of the tropical highlands of kafa, southwestern ethiopia","Hildebrand, Elisabeth A.; Brandt, Steven A.",,2010,Journal of African Archaeology,1,10.3213/1612-1651-10152,,"16121651, 21915784",43–63,8,https://brill.com/abstract/journals/jaa/8/1/article-p43_7.xml,,"The cool, moist, tropical highlands of southwest Ethiopia contrast dramatically with arid environments in the rest of the Horn of Africa. They have seen little archaeological research due to their remote location, wet conditions, and acidic soils and volcanic rocks thought to harbor few shelters or open-air sites capable of organic preservation. In 2004–2005, the Kafa Archaeological Project documented 27 shelters of diverse height, configuration, and formation processes; ten merited test excavations. Three have late Holocene cultural deposits, while another has high densities of ceramics, lithics, bone, and dried plant remains extending back to the middle Holocene. These sites suggest that the tropical highlands of Kafa contain numerous previously occupied caves and rockshelters with good organic preservation. Therefore, they have the potential of 1) establishing the region’s first Holocene cultural chronology that can be compared with better-studied areas of the Horn and eastern Africa; 2) contributing to a regional environmental record; and 3) reconstructing hunter-gatherer, farming and/or herding economics and social organization during a period of increasing socio-political complexity.",,"Hildebrand, Elisabeth A.; Brandt, Steven A. (2010.0). An Archaeological Survey of the Tropical Highlands of Kafa, Southwestern Ethiopia. nan. https://doi.org/10.3213/1612-1651-10152","[
  {
    ""resourceId"": ""a61a7292-9747-40a1-855c-44fb7c8b1f6c"",
    ""resourceXresourceId"": """",
    ""ontologyProperty"": """",
    ""inverseOntologyProperty"": """"
  }
]",,2026-04-10,,,2026-04-10
fd1d3f9c-7da4-47c7-b693-ac35ab3a057d,INFO-00000006,CYGQ3U8V,Thesis,Archaeological survey in and around lalibela,"Taffere, Abebe Mengistu",University of Addis Ababa,2010,,,,,,,,https://rgdoi.net/10.13140/RG.2.2.13934.48969,English,,,"Taffere, Abebe Mengistu (2010.0). Archaeological survey in and around Lalibela. University of Addis Ababa. https://rgdoi.net/10.13140/RG.2.2.13934.48969","[
  {
    ""resourceId"": ""a61a7292-9747-40a1-855c-44fb7c8b1f6c"",
    ""resourceXresourceId"": """",
    ""ontologyProperty"": """",
    ""inverseOntologyProperty"": """"
  }
]",,2025-07-20,,,2025-07-20
5bde7b49-9263-4f36-a8ab-78a207f1ec05,INFO-00000007,SE2IWPQJ,Journal article,A preliminary account of archaeological investigation at tautswe,"Lepionka, Larry",,1971,Botswana Notes and Records,,,,0525-5090,22-26,3,https://journals.co.za/doi/pdf/10.10520/AJA052550590_705,,,,"Lepionka, Larry (1971.0). A Preliminary Account of Archaeological Investigation at Tautswe. nan. https://journals.co.za/doi/pdf/10.10520/AJA052550590_705","[
  {
    ""resourceId"": ""a61a7292-9747-40a1-855c-44fb7c8b1f6c"",
    ""resourceXresourceId"": """",
    ""ontologyProperty"": """",
    ""inverseOntologyProperty"": """"
  }
]",,2025-07-18,,,2025-07-18
d02af38d-c1c6-435d-9f03-9611ddd667d5,INFO-00000008,XG7DU5TV,Journal article,"Archaeological research at modipe hill, kgatleng district survey and excavation, 1992 to 1995","Pearson, Nicholas",,1995,Botswana Notes and Records,,,,0525-5090,21-40,27,https://www.jstor.org/stable/40980034,,,,"Pearson, Nicholas (1995.0). Archaeological Research at Modipe Hill, Kgatleng District Survey and Excavation, 1992 to 1995. nan. https://www.jstor.org/stable/40980034","[
  {
    ""resourceId"": ""a61a7292-9747-40a1-855c-44fb7c8b1f6c"",
    ""resourceXresourceId"": """",
    ""ontologyProperty"": """",
    ""inverseOntologyProperty"": """"
  }
]",,2025-07-18,,,2025-07-18
3635fb70-1829-4b00-aa29-846fc3f84e80,INFO-00000009,PMFLYFLT,Journal article,"Archaeological research at modipe hill, kgatleng district: oral traditions","Motlotle, Ntikwe",,1995,Botswana Notes and Records,,,,0525-5090,57-60,27,https://www.jstor.org/stable/40980037,,,,"Motlotle, Ntikwe (1995.0). Archaeological Research at Modipe Hill, Kgatleng District: Oral Traditions. nan. https://www.jstor.org/stable/40980037","[
  {
    ""resourceId"": ""a61a7292-9747-40a1-855c-44fb7c8b1f6c"",
    ""resourceXresourceId"": """",
    ""ontologyProperty"": """",
    ""inverseOntologyProperty"": """"
  }
]",,2025-07-18,,,2025-07-18
37317210-cb9e-4aa9-b8a4-2de32374f43d,INFO-00000010,S7K4CWWN,Journal article,"A terminal pleistocene assemblage from drotsky's cave, western ngamiland, botswana","Yellen, John E.*, Brooks,ï¿½Alison S.**, Stuckenrath, Robert & Welbourne Robert",,1987,Botswana Notes & Records,1,10.10520/AJA052550590_326,,,001-006,19,,,,,"Yellen, John E.*, Brooks,ï¿½Alison S.**, Stuckenrath, Robert & Welbourne Robert (1987.0). A terminal pleistocene assemblage from Drotsky's Cave, Western Ngamiland, Botswana. nan. https://doi.org/10.10520/AJA052550590_326","[
  {
    ""resourceId"": ""a61a7292-9747-40a1-855c-44fb7c8b1f6c"",
    ""resourceXresourceId"": """",
    ""ontologyProperty"": """",
    ""inverseOntologyProperty"": """"
  }
]",,2025-07-18,,,2025-07-18
e564837c-795f-4272-aeb4-73d35cd3e63d,INFO-00000011,GKHW7FX6,Journal article,"Ancient metallurgy in the tswapong hills, botswana: a preliminary report on archaeological context","Huffman, Thomas; Thebe, Phenyo; Watkeys, Michael; Tarduno, John",,2017,Southern African Humanities,,,,,119-152,28,,,,,"Huffman, Thomas; Thebe, Phenyo; Watkeys, Michael; Tarduno, John (2017.0). Ancient metallurgy in the Tswapong Hills, Botswana: A preliminary report on archaeological context. nan.","[
  {
    ""resourceId"": ""a61a7292-9747-40a1-855c-44fb7c8b1f6c"",
    ""resourceXresourceId"": """",
    ""ontologyProperty"": """",
    ""inverseOntologyProperty"": """"
  }
]",,2025-07-18,,,2025-07-18
6b24ca8f-a67f-4ad2-b56b-ed6f7ddca2f8,INFO-00000012,QTVR2ICJ,Book,A modern history of sudan: from the funj sultanate to the present day,"Holt, P.M.",Weidenfeld and Nicolson,1961,,,,,,,,,,,,"Holt, P.M. (1961.0). A Modern History of Sudan: From the Funj Sultanate to the Present Day. Weidenfeld and Nicolson.","[
  {
    ""resourceId"": ""a61a7292-9747-40a1-855c-44fb7c8b1f6c"",
    ""resourceXresourceId"": """",
    ""ontologyProperty"": """",
    ""inverseOntologyProperty"": """"
  }
]",,2025-07-18,,,2025-07-18
d3c4cd49-2dd9-4c9f-b4a6-73ccbfeedc45,INFO-00000013,3KKXW2AD,Book section,An archaeological perspective on west africa and the post-1500 atlantic world,"Thiaw, Ibrahima; Richard, François",Oxford University Press,2013,The Oxford HandBook of African Archaeology,,10.1093/oxfordhb/9780199569885.013.0068,978-0-19-956988-5,,,,https://doi.org/10.1093/oxfordhb/9780199569885.013.0068,,"Africa’s engagement with the post-AD 1500 Atlantic World has captivated archaeological attention over the past twenty years. Focusing on West Africa, this article gives a sense of the themes and questions that have driven archaeological work on Atlantic processes, reviews some of the trends and insights generated by this research, and explores future directions in this field. The discussion begins by situating historical archaeology in the historiography of the African Atlantic and then considering archaeological contributions to broader debates about the emergence, dynamics, impacts, and long-term consequences of the Atlantic economy on African societies. It then examines five domains of archaeological research on social transformations: political landscapes, cultural life between the coast and interior, urban dynamics, cultural economies, and technological change.",,"Thiaw, Ibrahima; Richard, François (2013.0). An Archaeological Perspective on West Africa             and the Post-1500 Atlantic World. Oxford University Press. https://doi.org/10.1093/oxfordhb/9780199569885.013.0068","[
  {
    ""resourceId"": ""a61a7292-9747-40a1-855c-44fb7c8b1f6c"",
    ""resourceXresourceId"": """",
    ""ontologyProperty"": """",
    ""inverseOntologyProperty"": """"
  }
]",,2025-07-18,,,2025-07-18
ef2fe11d-6e2a-4108-8a18-bc59e5a11024,INFO-00000014,SJSMSSM5,Webpage,Archaeology of west africa,"Swanepoel, Natalie",,2022,Oxford Bibliographies,,,,,,,https://www.oxfordbibliographies.com/display/document/obo-9780199846733/obo-9780199846733-0212.xml,English,,,"Swanepoel, Natalie (2022.0). Archaeology of West Africa. nan. https://www.oxfordbibliographies.com/display/document/obo-9780199846733/obo-9780199846733-0212.xml","[
  {
    ""resourceId"": ""a61a7292-9747-40a1-855c-44fb7c8b1f6c"",
    ""resourceXresourceId"": """",
    ""ontologyProperty"": """",
    ""inverseOntologyProperty"": """"
  }
]",,2025-07-18,,,2025-07-18
a87c08ea-124c-4fa8-996a-551f1e6a5906,INFO-00000015,WDLSE6VB,Book section,Archaeology of the jesuit missions of ethiopia,"Fernández, Víctor M.","Springer, Cham",2019,Encyclopedia of Global Archaeology,,10.1007/978-3-319-51726-1_3411-1,978-3-319-51726-1,,001-007,,https://link.springer.com/rwe/10.1007/978-3-319-51726-1_3411-1,English,Archaeology of the Jesuit Missions of Ethiopia' published in 'Encyclopedia of Global Archaeology',,"Fernández, Víctor M. (2019.0). Archaeology of the Jesuit Missions of Ethiopia. Springer, Cham. https://doi.org/10.1007/978-3-319-51726-1_3411-1","[
  {
    ""resourceId"": ""a61a7292-9747-40a1-855c-44fb7c8b1f6c"",
    ""resourceXresourceId"": """",
    ""ontologyProperty"": """",
    ""inverseOntologyProperty"": """"
  }
]",,2025-07-18,,,2025-07-18
bab538a8-d59b-4b84-9ab8-994c621f92ef,INFO-00000016,S8LGL6NS,Thesis,Archaeological investigations of settlement and emerging complexity in the middle senegal valley,"Deme, Alioune",Rice University,2003,,,,,,,,https://www.proquest.com/openview/1dd8918dfebdbbe3c981f5e55466aa39/1?pq-origsite=gscholar&cbl=18750&diss=y,English,"Explore millions of resources from scholarly journals, Books, newspapers, videos and more, on the ProQuest Platform.",,"Deme, Alioune (2003.0). Archaeological investigations of settlement and emerging complexity in the Middle Senegal Valley. Rice University. https://www.proquest.com/openview/1dd8918dfebdbbe3c981f5e55466aa39/1?pq-origsite=gscholar&cbl=18750&diss=y","[
  {
    ""resourceId"": ""a61a7292-9747-40a1-855c-44fb7c8b1f6c"",
    ""resourceXresourceId"": """",
    ""ontologyProperty"": """",
    ""inverseOntologyProperty"": """"
  }
]",,2025-07-18,,,2025-07-18
f9b3e252-c099-4953-acd3-a2544637c91b,INFO-00000017,IYGKF3YE,Journal article,Advent and course of pastoralism in the kalahari,"Denbow, James R.; Wilmsen, Edwin N.",American Association for the Advancement of Science,1986,Science,4783,10.1126/science.234.4783.1509,,,1509-1515,234,https://www.science.org/doi/abs/10.1126/science.234.4783.1509,,"It has long been thought that farming and herding were comparatively recent introductions into the Kalahari and that it has been a preserve of foraging ""Bushmen"" for thousands of years. Agropastoral Bantu-speakers were thought to have entered this region only within the last two centuries. However, fully developed pastoralism and metallurgy are now shown to have been established in the Kalahari from A.D. 500, with extensive grain agriculture and intracontinental trade added by A.D. 800. Archeological, linguistic, and historical evidence delineates the continuation of mixed economies in the region into the present. Consequences of this revised view for anthropological theory and for policy planning concerning contemporary Kalahari peoples are indicated.",,"Denbow, James R.; Wilmsen, Edwin N. (1986.0). Advent and Course of Pastoralism in the Kalahari. American Association for the Advancement of Science. https://doi.org/10.1126/science.234.4783.1509","[
  {
    ""resourceId"": ""a61a7292-9747-40a1-855c-44fb7c8b1f6c"",
    ""resourceXresourceId"": """",
    ""ontologyProperty"": """",
    ""inverseOntologyProperty"": """"
  }
]",,2025-07-18,,,2025-07-18
7aab1e9d-f57e-4177-b5cc-be40ea98156c,INFO-00000018,YLFRYQ7P,Book,"Archives, objects, places and landscapes: multidisciplinary approaches to decolonised zimbabwean pasts","Manyanga, Munyaradzi; Chirikure, Shadreck",African Books Collective,2017,,,,978-9956-762-45-3,,,,,English,"Dissatisfaction has matured in Africa and elsewhere around the fact that often, the dominant frameworks for interpreting the continents past are not rooted on the continents value system and philosophy. This creates knowledge that does not make sense especially to local communities. The big question therefore is can Africans develop theories that can contribute towards the interpretation of the African past, using their own experiences? Framed within a concept revision substrate, the collection of papers in this thought provoking volume argues for concept revision as a step towards decolonizing knowledge in the post-colony. The various papers powerfully expose that cleansed knowledge is not only locally relevant: it is also locally accessible and globally understandable.",,"Manyanga, Munyaradzi; Chirikure, Shadreck (2017.0). Archives, Objects, Places and Landscapes: Multidisciplinary approaches to Decolonised Zimbabwean pasts. African Books Collective.","[
  {
    ""resourceId"": ""a61a7292-9747-40a1-855c-44fb7c8b1f6c"",
    ""resourceXresourceId"": """",
    ""ontologyProperty"": """",
    ""inverseOntologyProperty"": """"
  }
]",,2025-07-18,,,2025-07-18
794064c4-a822-41a8-ad88-59c8749eb3f6,INFO-00000019,KB5YJGPN,Journal article,A bayesian chronology for great zimbabwe: re-threading the sequence of a vandalised monument,"Chirikure, Shadreck; Pollard, Mark; Manyanga, Munyaradzi; Bandama, Foreman",,2013,Antiquity,337,10.1017/S0003598X00049516,,"0003-598X, 1745-1744",854-872,87,https://www.cambridge.org/core/journals/antiquity/article/bayesian-chronology-for-great-zimbabwe-rethreading-the-sequence-of-a-vandalised-monument/0BFAF99EA338FB35BE0056D50BD8BF65,English,"Great Zimbabwe is one of the most iconic sites in southern Africa and indeed the world, but like so many famous monuments it has suffered from the attention of early excavators who have destroyed key categories of evidence. Chronology is crucial to understanding the development of the various elements of Great Zimbabwe and its relationship to other important regional centres such as Mapungubwe. A number of radiocarbon dates are available, however, and in this study they have been combined with the limited stratigraphic information and with datable imports to provide a Bayesian chronology of the site and its structures. Construction of the stone walls probably began at the end of the twelfth or beginning of the thirteenth century AD, reaching its peak in the fourteenth and fifteenth centuries, although occupation continued up to at least the sixteenth and probably into the seventeenth century AD. These results indicate that occupation at Great Zimbabwe must have overlapped with that at Mapungubwe, and argue for a polycentric model of sociopolitical complexity in this region of southern Africa during that crucial formative period.",,"Chirikure, Shadreck; Pollard, Mark; Manyanga, Munyaradzi; Bandama, Foreman (2013.0). A Bayesian chronology for Great Zimbabwe: re-threading the sequence of a vandalised monument. nan. https://doi.org/10.1017/S0003598X00049516","[
  {
    ""resourceId"": ""a61a7292-9747-40a1-855c-44fb7c8b1f6c"",
    ""resourceXresourceId"": """",
    ""ontologyProperty"": """",
    ""inverseOntologyProperty"": """"
  }
]",,2025-07-18,,,2025-07-18
58e7d112-a36d-45e1-8255-e84af6fe91f3,INFO-00000020,Z98DGR3Q,Book section,Archaeology and linguistic reconstructions of history in east africa,"Ambrose, Stanley H.",University of California Press,1982,The Archaeological and Linguistic Reconstruction of African History,,,978-0-520-31475-7,,104-157,,https://www.degruyterbrill.com/document/doi/10.1525/9780520314757-009/pdf?licenseType=restricted,English,,,"Ambrose, Stanley H. (1982.0). Archaeology and Linguistic Reconstructions of History in East Africa. University of California Press. https://www.degruyterbrill.com/document/doi/10.1525/9780520314757-009/pdf?licenseType=restricted","[
  {
    ""resourceId"": ""a61a7292-9747-40a1-855c-44fb7c8b1f6c"",
    ""resourceXresourceId"": """",
    ""ontologyProperty"": """",
    ""inverseOntologyProperty"": """"
  }
]",,2025-07-18,,,2025-07-18
2c368d69-3320-447f-94a9-850f23403a58,INFO-00000021,PENWZ7WF,Journal article,A critical reappraisal of the chronological framework of the early iron age urewe industry,"Clist, Bernard-Olivier",,1987,MUNTU,,,,0768-9403,35-62,6,http://hdl.handle.net/1854/LU-3118804,English,"In the last fifteen years, the Early Iron Age Urewe Industry has played, an still plays, a key role in the diffusion paradigm of iron metallurgy in sub-Saharan Africa. This technological diffusion is then linked to the expansion of Bantu-speakers. The Urewe archaeological sites extend from Zaire to Tanzania, with Uganda, Rwanda, Burundi and Kenya along the way. No critical reappraisal of the 14C and thermoluminescence data associated with Urewe cultural material had been done. This paper presents such a critical evaluation of Urewe dates. It shows this Industry to date to 2500-1300 bp (550 BC - AD 650) and that iron smelting is indeed associated with early dates. It is one of the oldest African iron-smelting centres. The origin of iron metallurgy is then discussed with the latest available archaeological data from Africa.",No license (in copyright),"Clist, Bernard-Olivier (1987.0). A critical reappraisal of the chronological framework of the Early Iron Age Urewe Industry. nan. http://hdl.handle.net/1854/LU-3118804","[
  {
    ""resourceId"": ""a61a7292-9747-40a1-855c-44fb7c8b1f6c"",
    ""resourceXresourceId"": """",
    ""ontologyProperty"": """",
    ""inverseOntologyProperty"": """"
  }
]",,2025-07-18,,,2025-07-18
97f4230d-261a-45a5-a9ea-5b02575e30e3,INFO-00000022,4KYZLLDY,Book section,Ancient nubia: african kingdoms on the nile,"Fisher, Marjorie M.",The American University in Cairo Press,2012,Ancient Nubia: African Kingdoms on the Nile,,,978-977-416-478-1,,,,"https://Books.google.co.za/Books?hl=en&lr=&id=yNwPEQAAQBAJ&oi=fnd&pg=PA10&dq=Fisher,+M.+M.,+2012.+Ancient+Nubia:+African+Kingdoms+on+the+Nile.+Cairo%3B+New+York:+American+University+in+Cairo+Press.&ots=9fJe4AgL7f&sig=Dx30VRF8k5DWGPWoWGIW7A7OMNE&redir_esc=y#v=onepage&q&f=false",,,,"Fisher, Marjorie M. (2012.0). Ancient Nubia: African Kingdoms on the Nile. The American University in Cairo Press. https://Books.google.co.za/Books?hl=en&lr=&id=yNwPEQAAQBAJ&oi=fnd&pg=PA10&dq=Fisher,+M.+M.,+2012.+Ancient+Nubia:+African+Kingdoms+on+the+Nile.+Cairo%3B+New+York:+American+University+in+Cairo+Press.&ots=9fJe4AgL7f&sig=Dx30VRF8k5DWGPWoWGIW7A7OMNE&redir_esc=y#v=onepage&q&f=false","[
  {
    ""resourceId"": ""a61a7292-9747-40a1-855c-44fb7c8b1f6c"",
    ""resourceXresourceId"": """",
    ""ontologyProperty"": """",
    ""inverseOntologyProperty"": """"
  }
]",,2025-07-18,,,2025-07-18
c68c4be7-d010-4b30-b79d-56e7b1bb2051,INFO-00000023,CUNIN8KJ,Book section,A picture of prehistoric sudan: the mesolithic and neolithic periods,"Usai, Donatella",Oxford Academic,2014,he Oxford HandBook of Topics in Archaeology,,,,,,,https://doi.org/10.1093/oxfordhb/9780199935413.013.56,,,,"Usai, Donatella (2014.0). A Picture of Prehistoric Sudan: The Mesolithic and Neolithic Periods. Oxford Academic. https://doi.org/10.1093/oxfordhb/9780199935413.013.56","[
  {
    ""resourceId"": ""a61a7292-9747-40a1-855c-44fb7c8b1f6c"",
    ""resourceXresourceId"": """",
    ""ontologyProperty"": """",
    ""inverseOntologyProperty"": """"
  }
]",,2025-07-18,,,2025-07-18
eb9bd827-65b7-424b-aa69-e1a66d7d939d,INFO-00000024,Z8N5PVFE,Journal article,"A reconsideration of the west african macrolithic conundrum: new factory sites and an associated settlement in the vallée du serpent, mali","MacDonald, Kevin C.; Allsworth-Jones, P.",,1994,African Archaeological Review,1,10.1007/BF01953039,,1572-9842,73-104,12,https://doi.org/10.1007/BF01953039,English,"Within West African prehistory, perhaps no period remains more mysterious than that between the Terminal Pleistocene and the mid-Holocene. This time period is shared by diverse macrolithic and microlithic industries. The macrolithic phenomenon has remained ill-defined, with most occurrences being generally lumped together as a single group, or attributed to earlier time periods. Recent archaeological investigations in the Vallée du Serpent and southern Gourma regions of Mali have revealed Holocene macrolithic assemblages quite different from the well-known bifacial traditions of Cap Manuel and Manianbougou, but not without parallels from elsewhere in the Sahel and Savanna. The most important of the Vallée du Serpent sites is that of Sirakoro-Ancien, where worked stone aggregations are associated with several rings of laterite cobbles believed to be the remnants of structures. Its lithic industry consists of massive flakes, perhaps removed directly from local outcrops, and smaller flakes from prepared cores as well as formal tools. Geomorphological and archaeological evidence suggests an age of the Vallée du Serpent sites somewhere between 9000 and 6000 bp. A new synThesis based upon sites investigated by the authors and the predominantly Francophone literature is presented in order to shed light upon this neglected portion of African prehistory.",,"MacDonald, Kevin C.; Allsworth-Jones, P. (1994.0). A reconsideration of the West African macrolithic conundrum: new factory sites and an associated settlement in the Vallée du Serpent, Mali. nan. https://doi.org/10.1007/BF01953039","[
  {
    ""resourceId"": ""a61a7292-9747-40a1-855c-44fb7c8b1f6c"",
    ""resourceXresourceId"": """",
    ""ontologyProperty"": """",
    ""inverseOntologyProperty"": """"
  }
]",,2025-07-18,,,2025-07-18
b84dee5b-43ed-4385-8ff0-a3859c5f65da,INFO-00000025,6RWHXIFN,Book section,Archaeology of senegambia,"Canós-Donnay, S",Oxford University Press,2024,Oxford Research Encyclopedia of African History,,,,,,,https://oxfordre.com/africanhistory/display/10.1093/acrefore/9780190277734.001.0001/acrefore-9780190277734-e-1376,,,,"Canós-Donnay, S (2024.0). Archaeology of Senegambia. Oxford University Press. https://oxfordre.com/africanhistory/display/10.1093/acrefore/9780190277734.001.0001/acrefore-9780190277734-e-1376","[
  {
    ""resourceId"": ""a61a7292-9747-40a1-855c-44fb7c8b1f6c"",
    ""resourceXresourceId"": """",
    ""ontologyProperty"": """",
    ""inverseOntologyProperty"": """"
  }
]",,2025-07-18,,,2025-07-18
c99d26e2-2314-430b-a940-0f4fcaffb02b,INFO-00000026,T38V622T,Journal article,"3.3-million-year-old stone tools from lomekwi 3, west turkana, kenya","Harmand, Sonia; Lewis, Jason E.; Feibel, Craig S.; Lepre, Christopher J.; Prat, Sandrine; Lenoble, Arnaud; Boës, Xavier; Quinn, Rhonda L.; Brenet, Michel; Arroyo, Adrian; Taylor, Nicholas; Clément, Sophie; Daver, Guillaume; Brugal, Jean-Philip; Leakey, Louise; Mortlock, Richard A.; Wright, James D.; Lokorodi, Sammy; Kirwa, Christopher; Kent, Dennis V.; Roche, Hélène",Nature Publishing Group,2015,Nature,7552,10.1038/nature14464,,1476-4687,310-315,521,https://www.nature.com/articles/nature14464,English,"Human evolutionary scholars have long supposed that the earliest stone tools were made by the genus Homo and that this technological development was directly linked to climate change and the spread of savannah grasslands. New fieldwork in West Turkana, Kenya, has identified evidence of much earlier hominin technological behaviour. We report the discovery of Lomekwi 3, a 3.3-million-year-old archaeological site where in situ stone artefacts occur in spatiotemporal association with Pliocene hominin fossils in a wooded palaeoenvironment. The Lomekwi 3 knappers, with a developing understanding of stone’s fracture properties, combined core reduction with battering activities. Given the implications of the Lomekwi 3 assemblage for models aiming to converge environmental change, hominin evolution and technological origins, we propose for it the name ‘Lomekwian’, which predates the Oldowan by 700,000 years and marks a new beginning to the known archaeological record.",2015 Springer Nature Limited,"Harmand, Sonia; Lewis, Jason E.; Feibel, Craig S.; Lepre, Christopher J.; Prat, Sandrine; Lenoble, Arnaud; Boës, Xavier; Quinn, Rhonda L.; Brenet, Michel; Arroyo, Adrian; Taylor, Nicholas; Clément, Sophie; Daver, Guillaume; Brugal, Jean-Philip; Leakey, Louise; Mortlock, Richard A.; Wright, James D.; Lokorodi, Sammy; Kirwa, Christopher; Kent, Dennis V.; Roche, Hélène (2015.0). 3.3-million-year-old stone tools from Lomekwi 3, West Turkana, Kenya. Nature Publishing Group. https://doi.org/10.1038/nature14464","[
  {
    ""resourceId"": ""a61a7292-9747-40a1-855c-44fb7c8b1f6c"",
    ""resourceXresourceId"": """",
    ""ontologyProperty"": """",
    ""inverseOntologyProperty"": """"
  }
]",,2025-07-18,,,2025-07-18
5a92c289-603b-408b-8888-2d54e36cda1f,INFO-00000027,F9LD5V3C,Book,A handBook of chinese ceramics - the metropolitan museum of art,"Valenstein, Suzanne G.",The Metropolitan Museum of Art,1975,,,,0-87099-514-6,,,,https://www.metmuseum.org/met-publications/a-handBook-of-chinese-ceramics,English,,,"Valenstein, Suzanne G. (1975.0). A HandBook of Chinese Ceramics - The Metropolitan Museum of Art. The Metropolitan Museum of Art. https://www.metmuseum.org/met-publications/a-handBook-of-chinese-ceramics","[
  {
    ""resourceId"": ""a61a7292-9747-40a1-855c-44fb7c8b1f6c"",
    ""resourceXresourceId"": """",
    ""ontologyProperty"": """",
    ""inverseOntologyProperty"": """"
  }
]",,2025-07-18,,,2025-07-18
1b3a7993-20f2-45d4-a53d-9ed80ab45bb9,INFO-00000028,8HUQVF7R,Book,Asia's maritime bead trade: 300 b.c. to the present,"Francis, Peter",University of Hawaii Press,2002,,,,978-0-8248-2332-0,,,,,English,"This fascinating study is the first detailed description of the ancient and enduring trade in beads that spans more than two millennia and once stretched from the Middle East to East Asia and affected areas as far apart as West Africa and the American Pacific coast. Beads are universal and among the earliest art forms. Made of glass, semiprecious stone, or precious organic materials such as amber and coral, they were ubiquitous in the ancient world, serving as decorations, magical charms, mnemonic and counting devices, symbols of wealth and status. Much of the ancient bead trade was incorporated in Asian maritime commerce, and many of the beads involved have Asian origins.Peter Francis, Jr., a pioneer in bead studies, incorporates firsthand knowledge of beads and beadmaking in the field with years of solid, scholarly research, effectively eliminating much of the hearsay and speculation that so often characterizes works on beads. In addition to the production, use, and provenance of beads, he examines the importance of the bead trade for the economies of the countries involved and provides insights into the lives of its many participants: artisans, mariners, and merchants. He covers the widely-dispersed Indo-Pacific beads (sometimes called Trade Wind beads or mutisalah), Chinese glass beads, Middle Eastern glass beads, Indian stone beads, heirloom beads in Southeast Asia and Micronesia, and other minor beads and bead industries involved in the trade.",,"Francis, Peter (2002.0). Asia's Maritime Bead Trade: 300 B.C. to the Present. University of Hawaii Press.","[
  {
    ""resourceId"": ""a61a7292-9747-40a1-855c-44fb7c8b1f6c"",
    ""resourceXresourceId"": """",
    ""ontologyProperty"": """",
    ""inverseOntologyProperty"": """"
  }
]",,2025-07-18,,,2025-07-18
126b8137-0b2d-4bfc-a1a9-852169189fb8,INFO-00000029,VNWC8T87,Journal article,A note on recent archaeological research around gaborone,"Campbell, Alec; Holmberg, Gunilla; van Waarden, Catrien",,1991,Botswana notes and records,,,,,288-290,23,https://www.researchgate.net/publication/301790333_Variation_in_the_Early_Iron_Age_of_Southeastern_Botswana,,,,"Campbell, Alec; Holmberg, Gunilla; van Waarden, Catrien (1991.0). A note on recent archaeological research around Gaborone. nan. https://www.researchgate.net/publication/301790333_Variation_in_the_Early_Iron_Age_of_Southeastern_Botswana","[
  {
    ""resourceId"": ""a61a7292-9747-40a1-855c-44fb7c8b1f6c"",
    ""resourceXresourceId"": """",
    ""ontologyProperty"": """",
    ""inverseOntologyProperty"": """"
  }
]",,2025-07-18,,,2025-07-18
a939725e-a64b-4dc7-9930-72f8383db725,INFO-00000030,4PIFPCS2,Journal article,An east african perspective of the anthropocene,"Odada, Eric O.; Olago, Daniel O.; Olaka, Lydia A.",,2020,Scientific African,,10.1016/j.sciaf.2020.e00553,,2468-2276,e00553,10,https://www.sciencedirect.com/science/article/pii/S246822762030291X,,"The advent of anthropogenic global warming and widespread modification of the climate, landscape and environment has brought humans to the fore as a formidable force of nature. The terrestrial and aquatic environment of the East African region is sensitive to a variety of global, regional and local stresses. The geological materials along East Africa coasts, lakes and peats are excellent archives of environmental and climatic changes. The study of their sedimentary records has contributed to our understanding of global environmental and ecosystem changes induced by anthropogenic activities associated with the “Anthropocene”, the proposed new geological epoch in Earth history. Humans have occupied East Africa for thousands of years, but until about 300 years ago, their impact on the environment was localized and transitory. The impacts intensified during the 19th century due to rapid population growth and extension and intensification of agriculture that was largely driven by colonists; during this period, the overprinting of natural environmental changes by humans is clear, marked by significant changes in sedimentation, sediment properties, and lake water quality as a consequence of land and water degradation and overexploitation of terrestrial and aquatic ecosystem goods and services. Related impacts include changes in terrestrial and aquatic ecosystems and associated biodiversity losses. There have been temporal and spatial lags in the changes, depending on locality, but there is a widespread convergence of these effects from the mid-1900s, support the Anthropocene Working Group's proposed date of 1950 as the start of the Anthropocene.",,"Odada, Eric O.; Olago, Daniel O.; Olaka, Lydia A. (2020.0). An East African perspective of the Anthropocene. nan. https://doi.org/10.1016/j.sciaf.2020.e00553","[
  {
    ""resourceId"": ""a61a7292-9747-40a1-855c-44fb7c8b1f6c"",
    ""resourceXresourceId"": """",
    ""ontologyProperty"": """",
    ""inverseOntologyProperty"": """"
  }
]",,2025-07-18,,,2025-07-18
0e45a9b9-3bcc-443a-8fdc-97a9629999ee,INFO-00000031,5KMTFTET,Webpage,45 com 7b.131 - decision,"Centre, UNESCO World Heritage",,2025,UNESCO World Heritage Centre,,,,,,,https://whc.unesco.org/en/decisions/8193/,English,45 COM 7B.131 - Decision,,"Centre, UNESCO World Heritage (2025.0). 45 COM 7B.131 - Decision. nan. https://whc.unesco.org/en/decisions/8193/","[
  {
    ""resourceId"": ""a61a7292-9747-40a1-855c-44fb7c8b1f6c"",
    ""resourceXresourceId"": """",
    ""ontologyProperty"": """",
    ""inverseOntologyProperty"": """"
  }
]",,2025-07-18,,,2025-07-18
25283ea6-17a8-4054-9210-60b6ebab5227,INFO-00000032,8TS54WS6,Webpage,36 com 8b.16 - decision,"Centre, UNESCO World Heritage",,2025,UNESCO World Heritage Centre,,,,,,,https://whc.unesco.org/en/decisions/4787/,English,36 COM 8B.16 - Decision,,"Centre, UNESCO World Heritage (2025.0). 36 COM 8B.16 - Decision. nan. https://whc.unesco.org/en/decisions/4787/","[
  {
    ""resourceId"": ""a61a7292-9747-40a1-855c-44fb7c8b1f6c"",
    ""resourceXresourceId"": """",
    ""ontologyProperty"": """",
    ""inverseOntologyProperty"": """"
  }
]",,2025-07-18,,,2025-07-18
b90bcf89-b0e1-463c-98df-9d33f4a3b229,INFO-00000033,77DWYUJC,Book section,A short history of early herding in southern africa,"Sadr, Karim",Berghahn Books,2013,"Pastoralism in Africa: Past, Present and Future",,10.1515/9780857459091-009,978-0-85745-909-1,,171-198,,https://www.degruyter.com/document/doi/10.1515/9780857459091-009/pdf?licenseType=restricted,English,,,"Sadr, Karim (2013.0). A Short History of Early Herding in Southern Africa. Berghahn Books. https://doi.org/10.1515/9780857459091-009","[
  {
    ""resourceId"": ""a61a7292-9747-40a1-855c-44fb7c8b1f6c"",
    ""resourceXresourceId"": """",
    ""ontologyProperty"": """",
    ""inverseOntologyProperty"": """"
  }
]",,2025-07-18,,,2025-07-18
6ea2b1bd-bda8-4b14-8cb9-41ae2aecec22,INFO-00000034,HI44UJBI,Book section,A reappraisal of stone age hunter-gatherer research in zimbabwe with a special focus on the later periods in eastern zimbabwe,"Bandama, F",Sapes Books,2013,Zimbabwe Archaeology in the Post-independence Era,,,978-0-7974-5634-1,,17 - 35,,,,,,"Bandama, F (2013.0). A reappraisal of Stone Age hunter-gatherer research in Zimbabwe with a special focus on the later periods in Eastern Zimbabwe. Sapes Books.","[
  {
    ""resourceId"": ""a61a7292-9747-40a1-855c-44fb7c8b1f6c"",
    ""resourceXresourceId"": """",
    ""ontologyProperty"": """",
    ""inverseOntologyProperty"": """"
  }
]",,2025-07-18,,,2025-07-18
5e5d7ee3-d18b-42a7-9983-bcac56b2d1f0,INFO-00000035,IVX9XRDS,Book section,African stone age,"McCall, Grant S.; Taylor-Perryman, Rebecca",Springer International Publishing,2020,Encyclopedia of Global Archaeology,,10.1007/978-3-030-30018-0_658,978-3-030-30018-0,,64-70,,https://doi.org/10.1007/978-3-030-30018-0_658,English,,,"McCall, Grant S.; Taylor-Perryman, Rebecca (2020.0). African Stone Age. Springer International Publishing. https://doi.org/10.1007/978-3-030-30018-0_658","[
  {
    ""resourceId"": ""a61a7292-9747-40a1-855c-44fb7c8b1f6c"",
    ""resourceXresourceId"": """",
    ""ontologyProperty"": """",
    ""inverseOntologyProperty"": """"
  }
]",,2025-07-18,,,2025-07-18
7cabdfd8-7b87-4db5-9253-c2626b8ccd8d,INFO-00000036,AA2FX763,Journal article,A review of the reconstructed palaeoenvironmental record of zimbabwe and call for multidisciplinary research,"Katsamudanga, Seke; Nhamo, Ancila",,2016,"Palaeogeography, Palaeoclimatology, Palaeoecology",,10.1016/j.palaeo.2016.08.041,,0031-0182,460-471,461,https://www.sciencedirect.com/science/article/pii/S0031018216304175,,"This paper is a review article focussing on the research on past environments of Zimbabwe. The paper synThesises the current knowledge on palaeo-climates and other environmental parameters that inform debates and discussions on climate change and human adaptation. The study of palaeoenvironments provides environmental knowledge that chronologically goes beyond the range of written climatic records that are available in the country. The palaeoenvironmental data now available shows that our human ancestors in Zimbabwe have survived numerous climatic upheavals since the beginning of the Stone Age. However, limited research in the Stone Age and the variety of proxy data available creates a less coherent record. Extrapolation of evidence from the region makes the data less reliable for archaeological interpretations. The paper shows conflicting signals across the region at some specific periods. There are numerous gaps in the record. The paper concludes by calling for multidisciplinary research on the past environments of Zimbabwe.",,"Katsamudanga, Seke; Nhamo, Ancila (2016.0). A review of the reconstructed palaeoenvironmental record of Zimbabwe and call for multidisciplinary research. nan. https://doi.org/10.1016/j.palaeo.2016.08.041","[
  {
    ""resourceId"": ""a61a7292-9747-40a1-855c-44fb7c8b1f6c"",
    ""resourceXresourceId"": """",
    ""ontologyProperty"": """",
    ""inverseOntologyProperty"": """"
  }
]",,2025-07-18,,,2025-07-18
5b39363a-0e44-4edc-bf9a-0032f1d2d458,INFO-00000037,5M9LSKGB,Book section,Africa from mis 6-2: the florescence of modern humans,"Stewart, Brian A.; Jones, Sacha C.",Springer Netherlands,2016,Africa from MIS 6-2: Population Dynamics and Paleoenvironments,,10.1007/978-94-017-7520-5_1,978-94-017-7520-5,,001-20,,https://doi.org/10.1007/978-94-017-7520-5_1,English,"Africa from Marine Isotope Stages (MIS) 6-2 saw the crystallization of long-term evolutionary processes that culminated in our species’ anatomical form, behavioral florescence, and global dispersion. Over this ~200 kyr period, Africa experienced environmental changes on a variety of spatiotemporal scales, from the long-term disappearance of whole deserts and forests to much higher frequency, localized shifts. The archaeological, fossil, and genetic records increasingly suggest that environmental variability profoundly affected early human population sizes, densities, interconnectedness, and distribution across the African landscape – that is, population dynamics. At the same time, recent advances in anthropological theory predict that such paleodemographic changes were central to structuring the very records we are attempting to comprehend. The Book introduced by this chapter represents a first concerted effort to assess modern human population dynamics throughout Africa, whether these changed with environmental fluctuations, and how they contributed to our species’ evolutionary trajectory.",,"Stewart, Brian A.; Jones, Sacha C. (2016.0). Africa from MIS 6-2: The Florescence of Modern Humans. Springer Netherlands. https://doi.org/10.1007/978-94-017-7520-5_1","[
  {
    ""resourceId"": ""a61a7292-9747-40a1-855c-44fb7c8b1f6c"",
    ""resourceXresourceId"": """",
    ""ontologyProperty"": """",
    ""inverseOntologyProperty"": """"
  }
]",,2025-07-18,,,2025-07-18
0cbc3641-7927-4ff8-aa34-d84fb8454354,INFO-00000038,WDDSXY74,Book section,"Archaeological finds: legacies of appropriation, modes of response","Nicholas, George P.; Wylie, Alison",Wiley,2009,The Ethics of Cultural Appropriation,,10.1002/9781444311099.ch2,978-1-4051-6159-6 978-1-4443-1109-9,,011-54,,https://onlinelibrary.wiley.com/doi/10.1002/9781444311099.ch2,English,,,"Nicholas, George P.; Wylie, Alison (2009.0). Archaeological Finds: Legacies of Appropriation, Modes of Response. Wiley. https://doi.org/10.1002/9781444311099.ch2","[
  {
    ""resourceId"": ""a61a7292-9747-40a1-855c-44fb7c8b1f6c"",
    ""resourceXresourceId"": """",
    ""ontologyProperty"": """",
    ""inverseOntologyProperty"": """"
  }
]",,2025-07-18,,,2025-07-18
a7c1a0a6-9454-4ad4-b186-b2bfa45614df,INFO-00000039,K6D42VAX,Journal article,"Acheulean sites at makuyuni (lake manyara, tanzania): results of archaeological fieldwork and classification of the lithic assemblages","Giemsch, Liane; Hertler, Christine; Märker, Michael; Quénéhervé, Geraldine; Saanane, Charles; Schrenk, Friedemann",,2018,African Archaeological Review,1,10.1007/s10437-018-9284-4,,"0263-0338, 1572-9842",87-106,35,http://link.springer.com/10.1007/s10437-018-9284-4,English,,,"Giemsch, Liane; Hertler, Christine; Märker, Michael; Quénéhervé, Geraldine; Saanane, Charles; Schrenk, Friedemann (2018.0). Acheulean Sites at Makuyuni (Lake Manyara, Tanzania): Results of Archaeological Fieldwork and Classification of the Lithic Assemblages. nan. https://doi.org/10.1007/s10437-018-9284-4","[
  {
    ""resourceId"": ""a61a7292-9747-40a1-855c-44fb7c8b1f6c"",
    ""resourceXresourceId"": """",
    ""ontologyProperty"": """",
    ""inverseOntologyProperty"": """"
  }
]",,2025-07-18,,,2025-07-18
3042f0fc-b845-41e3-acdd-c1016f717cc3,INFO-00000040,8GFARD9K,Journal article,Animal disease challenges to the emergence of pastoralism in sub-saharan africa,"Gifford-Gonzalez, Diane",,2000,African Archaeological Review,3,10.1023/A:1006601020217,,2630338,95-139,17,http://link.springer.com/10.1023/A:1006601020217,,,,"Gifford-Gonzalez, Diane (2000.0). Animal Disease Challenges to the Emergence of Pastoralism in Sub-Saharan Africa. nan. https://doi.org/10.1023/A:1006601020217","[
  {
    ""resourceId"": ""a61a7292-9747-40a1-855c-44fb7c8b1f6c"",
    ""resourceXresourceId"": """",
    ""ontologyProperty"": """",
    ""inverseOntologyProperty"": """"
  }
]",,2025-07-18,,,2025-07-18
bede9f7c-16c0-4f4f-b1ec-08b494dcb9d4,INFO-00000041,Y8VZICT2,Map,Anglo egyption sudan,O.M Otabani,Survey office khartum,1926,,,,,,,,,,,Survey office khartum,O.M Otabani (1926.0). Anglo Egyption Sudan. Survey office khartum.,"[
  {
    ""resourceId"": ""a61a7292-9747-40a1-855c-44fb7c8b1f6c"",
    ""resourceXresourceId"": """",
    ""ontologyProperty"": """",
    ""inverseOntologyProperty"": """"
  }
]",,2025-07-18,,,2025-07-18
a4066c85-d6c9-4246-990b-5191cedae7fe,INFO-00000042,JXLLDL4C,Book section,Accéder au passé d'une région : l'exemple de la culture matérielle des sites néolithiques et protohistoriques en contexte dunaire au sénégal,"Deschamps, Sandrine",Editions La Découverte,2012,,,,,,,,https://inrap.hal.science/hal-01959263,French,"Cet article pose la question de l’accès au passé « lointain » de la zone littorale située entre les villes de Dakar et de Saint-Louis, au Sénégal, au travers la découverte, l’analyse de sites archéologiques et de leurs cultures matérielles.",,"Deschamps, Sandrine (2012.0). Accéder au passé d'une région : l'exemple de la culture matérielle des sites néolithiques et protohistoriques en contexte dunaire au Sénégal. Editions La Découverte. https://inrap.hal.science/hal-01959263","[
  {
    ""resourceId"": ""a61a7292-9747-40a1-855c-44fb7c8b1f6c"",
    ""resourceXresourceId"": """",
    ""ontologyProperty"": """",
    ""inverseOntologyProperty"": """"
  }
]",,2025-07-18,,,2025-07-18
740eeca8-f397-4d0c-95b6-7745fe3b5f34,INFO-00000043,8YQU77X9,Journal article,Amas et sites coquilliers du delta du saloum (sénégal) : passé et présent,"Camara, Abdoulaye; Hardy, Karen; Dioh, Edmond; Gueye, Mathieu; Piqué, Raquel; Carré, Matthieu; Sall, Moustapha; Diouf, Michel Waly",,2017,L'Anthropologie,001-002,10.1016/j.anthro.2017.03.018,,35521,204-214,121,https://linkinghub.elsevier.com/retrieve/pii/S0003552117300183,French,,,"Camara, Abdoulaye; Hardy, Karen; Dioh, Edmond; Gueye, Mathieu; Piqué, Raquel; Carré, Matthieu; Sall, Moustapha; Diouf, Michel Waly (2017.0). Amas et sites coquilliers du delta du Saloum (Sénégal) : Passé et présent. nan. https://doi.org/10.1016/j.anthro.2017.03.018","[
  {
    ""resourceId"": ""a61a7292-9747-40a1-855c-44fb7c8b1f6c"",
    ""resourceXresourceId"": """",
    ""ontologyProperty"": """",
    ""inverseOntologyProperty"": """"
  }
]",,2025-07-18,,,2025-07-18
f2d1f665-062c-4d49-8674-e167882ea19a,INFO-00000044,H4DD2NZ3,Journal article,A leopard's kopje burial at mathangwane in northeastern botswana,"Van Waarden, Catrien; Mosothwane, Morongwa Nancy",,2013,The South African Archaeological Bulletin,198,,,0038-1969,173-187,68,https://www.jstor.org/stable/23631442,,"We report on a rare northern Leopard's Kopje grave in Botswana of a male from a small settlement, who, nonetheless, was buried with nine pots and many trade beads. The set of whole and decorated pots with traces of the contents give an indication of the quantity and nature of the funeral food and the customs surrounding this so-called 'pot burial'. The beads are similar to those at K2 and confirm trade with this region at 900 km inland from the east coast. Many of the beads were, however, devitrified. Skeletal analysis indicates unusual wear patterns of the teeth and enlarged clavicles, as well as a fused finger. These probably resulted from certain habits and activities. Comparison with contemporary Leopard's Kopje and Toutswe burials shows similarities in line with Central Cattle Pattern burial practices, yet the quantity of grave goods and the skeletal characteristics are indeed significant. Ethnography of Shona burial practices is used for insights into the meaning of location, orientation, position of the burial, and placement and nature of the grave goods.",,"Van Waarden, Catrien; Mosothwane, Morongwa Nancy (2013.0). A Leopard's Kopje Burial at Mathangwane in Northeastern Botswana. nan. https://www.jstor.org/stable/23631442","[
  {
    ""resourceId"": ""a61a7292-9747-40a1-855c-44fb7c8b1f6c"",
    ""resourceXresourceId"": """",
    ""ontologyProperty"": """",
    ""inverseOntologyProperty"": """"
  }
]",,2025-07-18,,,2025-07-18
cf30484e-b4f0-441d-8b30-65af06d79eec,INFO-00000045,IMM6BNGT,Book,"Assembling the village in medieval bambuk: an archaeology of interaction at diouboye, senegal","Gokee, Cameron D.",Equinox Publishing Ltd,2016,,,,978-1-78179-040-3,,,,,,,,"Gokee, Cameron D. (2016.0). Assembling the Village in Medieval Bambuk: An Archaeology of Interaction at Diouboye, Senegal. Equinox Publishing Ltd.","[
  {
    ""resourceId"": ""a61a7292-9747-40a1-855c-44fb7c8b1f6c"",
    ""resourceXresourceId"": """",
    ""ontologyProperty"": """",
    ""inverseOntologyProperty"": """"
  }
]",,2025-07-18,,,2025-07-18
01e83bc5-8d10-4b75-a906-a77313228a74,INFO-00000046,KE7DX2BW,Book section,Archéologie et environnements au sénégal oriental : résultats de la 21ème année du programme international peuplement humain et paléoenvironnement en afrique,"Mayor, Anne; Douze, Katja; Aymeric Nsangou, Jacques De Limbepe; Bocoum, Hamady; Cantin, Nadia; Cervera, Céline; Champion, Louis; Chiquet, Patricia Anne; Davidoux, Sarah; Garnier, Aline; Hajdas, Irka; Kanté, Cheikh Oumar; Lebrun, Brice; Lespez, Laurent; Ndiaye, Matar; Ollier, Camille; Pelmoine, Thomas; Rasse, Michel; Tribolo, Chantal; Huysecom, Eric",Tamedia,2019,SLSA Annual Rapport annuel 2018,,,978-3-9524771-2-0,,185,,http://www.slsa.ch/publications-2/?lang=en,French,Archive institutionnelle de l'Université de Genève - Institutional Repository of the University of Geneva,,"Mayor, Anne; Douze, Katja; Aymeric Nsangou, Jacques De Limbepe; Bocoum, Hamady; Cantin, Nadia; Cervera, Céline; Champion, Louis; Chiquet, Patricia Anne; Davidoux, Sarah; Garnier, Aline; Hajdas, Irka; Kanté, Cheikh Oumar; Lebrun, Brice; Lespez, Laurent; Ndiaye, Matar; Ollier, Camille; Pelmoine, Thomas; Rasse, Michel; Tribolo, Chantal; Huysecom, Eric (2019.0). Archéologie et environnements au Sénégal oriental : résultats de la 21ème année du programme international Peuplement humain et paléoenvironnement en Afrique. Tamedia. http://www.slsa.ch/publications-2/?lang=en","[
  {
    ""resourceId"": ""a61a7292-9747-40a1-855c-44fb7c8b1f6c"",
    ""resourceXresourceId"": """",
    ""ontologyProperty"": """",
    ""inverseOntologyProperty"": """"
  }
]",,2025-07-18,,,2025-07-18
6b274c6d-4f15-4f0f-886b-30f93295420b,INFO-00000047,HNWEJC9R,Book,Azania,British Institute of History and Archaeology in East Africa; British Institute in Eastern Africa,British Institute of History and Archaeology in East Africa,1977,,,,,,,,https://Books.google.co.ke/Books?id=e7YKAQAAIAAJ,,,,British Institute of History and Archaeology in East Africa; British Institute in Eastern Africa (1977.0). Azania. British Institute of History and Archaeology in East Africa. https://Books.google.co.ke/Books?id=e7YKAQAAIAAJ,"[
  {
    ""resourceId"": ""a61a7292-9747-40a1-855c-44fb7c8b1f6c"",
    ""resourceXresourceId"": """",
    ""ontologyProperty"": """",
    ""inverseOntologyProperty"": """"
  }
]",,2025-07-18,,,2025-07-18
fcd6739e-1721-4fa1-b444-323d8420fbb8,INFO-00000048,98KREGNP,Journal article,Alain gallay en afrique de l'ouest : des stratégies de recherche novatrices pour l'archéologie et l'ethnoarchéologie de la céramique,"Huysecom, Eric; Mayor, Anne",,2022,Bulletin de la Société préhistorique française,2022/1,,,0037-9514,350,119,https://www.prehistoire.org/offres/doc_inline_src/515/0-BSPF_2022_2_Hommages_Alain_Gallay.pdf,French,Hommages au Professeur Alain Gallay,,"Huysecom, Eric; Mayor, Anne (2022.0). Alain Gallay en Afrique de l'Ouest : des stratégies de recherche novatrices pour l'archéologie et l'ethnoarchéologie de la céramique. nan. https://www.prehistoire.org/offres/doc_inline_src/515/0-BSPF_2022_2_Hommages_Alain_Gallay.pdf","[
  {
    ""resourceId"": ""a61a7292-9747-40a1-855c-44fb7c8b1f6c"",
    ""resourceXresourceId"": """",
    ""ontologyProperty"": """",
    ""inverseOntologyProperty"": """"
  }
]",,2025-07-18,,,2025-07-18
7bf56736-3d4c-48a0-828a-282dd37c2276,INFO-00000049,ZIV5WKD7,Book section,Archéologie dans la falémé (sénégal oriental) : résultats de la 22ème année du programme «peuplement humain et paléoenvironnement en afrique»,"Mayor, Anne; Douze, Katja; Bocoum, Hamadi; Cervera, Céline; Champion, Louis; Glauser, David; Guindo, Nema; Kassogué, Guémo; Ndiaye, Matar; Rasse, Michel; Traoré, Boubacar; Huysecom, Eric",Tamedia,2020,SLSA Annual report 2019,,,978-3-9524771-3-7,,197,,http://archive-ouverte.unige.ch:/unige:142850,French,Archive institutionnelle de l'Université de Genève - Institutional Repository of the University of Geneva,,"Mayor, Anne; Douze, Katja; Bocoum, Hamadi; Cervera, Céline; Champion, Louis; Glauser, David; Guindo, Nema; Kassogué, Guémo; Ndiaye, Matar; Rasse, Michel; Traoré, Boubacar; Huysecom, Eric (2020.0). Archéologie dans la Falémé (Sénégal oriental) : résultats de la 22ème année du programme «Peuplement humain et paléoenvironnement en Afrique». Tamedia. http://archive-ouverte.unige.ch:/unige:142850","[
  {
    ""resourceId"": ""a61a7292-9747-40a1-855c-44fb7c8b1f6c"",
    ""resourceXresourceId"": """",
    ""ontologyProperty"": """",
    ""inverseOntologyProperty"": """"
  }
]",,2025-07-18,,,2025-07-18
e9d36590-346c-4ffb-a25d-81518afcaeb1,INFO-00000050,JJ5SDMNU,Journal article,"A west african middle stone age site dated to the beginning of mis 5: archaeology, chronology, and paleoenvironment of the ravin blanc i (eastern senegal)","Douze, Katja; Lespez, Laurent; Rasse, Michel; Tribolo, Chantal; Garnier, Aline; Lebrun, Brice; Mercier, Norbert; Ndiaye, Matar; Chevrier, Benoît; Huysecom, Eric",,2021,Journal of Human Evolution,,10.1016/j.jhevol.2021.102952,,,102952,154,https://hal.science/hal-03178797,English,"The Ravin Blanc I archaeological occurrence, dated to MIS 5, provides unprecedented data on the Middle Stone Age (MSA) of West Africa since well-contextualized archaeological sites pre-dating MIS 4/3 are extremely rare for this region. The combined approach on geomorphology, phytolith analysis, and OSL date estimations offers a solid framework for the MSA industry comprised in the Ravin Blanc I sedimentary sequence. The paleoenvironmental reconstruction further emphasizes on the local effects of the global increase in moisture characterizing the beginning of the Upper Pleistocene as well as the later shift to more arid conditions. The lithic industry, comprised in the lower part of the sequence and dated to MIS 5e, shows core reduction sequences among which Levallois methods are minor, as well as an original tool-kit composition, among which pieces with single wide abrupt notches, side-scrapers made by inverse retouch, and a few large crudely shaped bifacial tools. The Ravin Blanc I assemblage has neither a chronologically equivalent site to serve comparisons nor a clear techno-typological correspondent in West Africa. However, the industry represents an early MSA technology that could either retain influences from the southern West African 'Sangoan' or show reminiscences of the preceding local Acheulean. A larger-scale assessment of behavioral dynamics at work at the transition period between the Middle to Upper Pleistocene is discussed in view of integrating this new site to the global perception of this important period in the MSA evolutionary trajectories.",,"Douze, Katja; Lespez, Laurent; Rasse, Michel; Tribolo, Chantal; Garnier, Aline; Lebrun, Brice; Mercier, Norbert; Ndiaye, Matar; Chevrier, Benoît; Huysecom, Eric (2021.0). A West African Middle Stone Age site dated to the beginning of MIS 5: Archaeology, chronology, and paleoenvironment of the Ravin Blanc I (eastern Senegal). nan. https://doi.org/10.1016/j.jhevol.2021.102952","[
  {
    ""resourceId"": ""a61a7292-9747-40a1-855c-44fb7c8b1f6c"",
    ""resourceXresourceId"": """",
    ""ontologyProperty"": """",
    ""inverseOntologyProperty"": """"
  }
]",,2025-07-18,,,2025-07-18
e565e0fb-2e02-422e-a5f5-8366bea54f26,INFO-00000051,575B3I4C,Journal article,Archaeological sites in usandawe,"Sutton, J. E. G.",,1968,Azania: Archaeological Research in Africa,1,10.1080/00672706809511491,,"0067-270X, 1945-5534",167-174,3,http://www.tandfonline.com/doi/abs/10.1080/00672706809511491,English,,,"Sutton, J. E. G. (1968.0). Archaeological sites in Usandawe. nan. https://doi.org/10.1080/00672706809511491","[
  {
    ""resourceId"": ""a61a7292-9747-40a1-855c-44fb7c8b1f6c"",
    ""resourceXresourceId"": """",
    ""ontologyProperty"": """",
    ""inverseOntologyProperty"": """"
  }
]",,2025-07-18,,,2025-07-18
f2498eed-96d5-4715-a515-e1594cd590c5,INFO-00000052,WMEG2XHX,Journal article,A revised chronology of the sultans of kilwa in the eighteenth and nineteenth centuries,"Alpers, Edward",,1967,Azania: Archaeological Research in Africa,1,10.1080/00672706709511445,,"0067-270X, 1945-5534",145-163,2,http://www.tandfonline.com/doi/abs/10.1080/00672706709511445,English,,,"Alpers, Edward (1967.0). A Revised Chronology of the Sultans of Kilwa in the Eighteenth and Nineteenth Centuries. nan. https://doi.org/10.1080/00672706709511445","[
  {
    ""resourceId"": ""a61a7292-9747-40a1-855c-44fb7c8b1f6c"",
    ""resourceXresourceId"": """",
    ""ontologyProperty"": """",
    ""inverseOntologyProperty"": """"
  }
]",,2025-07-18,,,2025-07-18
24b41432-fe2c-4a8a-acfb-18314dce2ad3,INFO-00000053,74KD4TD8,Journal article,"An archaeological survey of iramba, tanzania","Odner, Knut",,1971,Azania: Archaeological Research in Africa,1,10.1080/00672707109511550,,"0067-270X, 1945-5534",151-198,6,http://www.tandfonline.com/doi/abs/10.1080/00672707109511550,English,,,"Odner, Knut (1971.0). An Archaeological Survey of Iramba, Tanzania. nan. https://doi.org/10.1080/00672707109511550","[
  {
    ""resourceId"": ""a61a7292-9747-40a1-855c-44fb7c8b1f6c"",
    ""resourceXresourceId"": """",
    ""ontologyProperty"": """",
    ""inverseOntologyProperty"": """"
  }
]",,2025-07-18,,,2025-07-18
4b04284a-3f47-41fe-8f0b-0edf61493a4b,INFO-00000054,SXZFIXFQ,Journal article,“ancient civilizations” and modern agricultural systems in the southern highlands of tanzania,"Sutton, J. E. G.",,1969,Azania: Archaeological Research in Africa,1,10.1080/00672706909511506,,"0067-270X, 1945-5534",001-13,4,http://www.tandfonline.com/doi/abs/10.1080/00672706909511506,English,,,"Sutton, J. E. G. (1969.0). “Ancient Civilizations” and Modern Agricultural Systems in the Southern Highlands of Tanzania. nan. https://doi.org/10.1080/00672706909511506","[
  {
    ""resourceId"": ""a61a7292-9747-40a1-855c-44fb7c8b1f6c"",
    ""resourceXresourceId"": """",
    ""ontologyProperty"": """",
    ""inverseOntologyProperty"": """"
  }
]",,2025-07-18,,,2025-07-18
899e1455-2705-4cca-808c-a6afbf4bd0a7,INFO-00000055,SWTLYTFL,Journal article,"Archaeological survey in mbeya region, southern tanzania","McBREARTY, Sally; Waane, S. A.C.; Wynn, Thomas G.",,1984,Azania: Archaeological Research in Africa,1,10.1080/00672708409511333,,"0067-270X, 1945-5534",128-132,19,http://www.tandfonline.com/doi/abs/10.1080/00672708409511333,English,,,"McBREARTY, Sally; Waane, S. A.C.; Wynn, Thomas G. (1984.0). Archaeological survey in Mbeya Region, Southern Tanzania. nan. https://doi.org/10.1080/00672708409511333","[
  {
    ""resourceId"": ""a61a7292-9747-40a1-855c-44fb7c8b1f6c"",
    ""resourceXresourceId"": """",
    ""ontologyProperty"": """",
    ""inverseOntologyProperty"": """"
  }
]",,2025-07-18,,,2025-07-18
cf59e217-2569-43a9-80dc-af3a9d03d5c1,INFO-00000056,R6IZJF6B,Journal article,An archaeological reconnaissance of the bobonong area in north-eastern botswana,"Fletemeyer, John R.",,1976,Botswana Notes and Records,,,,0525-5090,001-006,8,https://www.jstor.org/stable/40979453,,,,"Fletemeyer, John R. (1976.0). An Archaeological Reconnaissance of the Bobonong Area in North-Eastern Botswana. nan. https://www.jstor.org/stable/40979453","[
  {
    ""resourceId"": ""a61a7292-9747-40a1-855c-44fb7c8b1f6c"",
    ""resourceXresourceId"": """",
    ""ontologyProperty"": """",
    ""inverseOntologyProperty"": """"
  }
]",,2025-07-18,,,2025-07-18
577ee206-4d79-479e-ab8b-04c938903fd3,INFO-00000057,GQUUVEX3,Journal article,Archaeology in the nguru hills: iron age and earlier ceramics,"Thorp, Carolyn",,1992,Azania: Archaeological Research in Africa,1,10.1080/00672709209511429,,"0067-270X, 1945-5534",21-44,27,http://www.tandfonline.com/doi/abs/10.1080/00672709209511429,English,,,"Thorp, Carolyn (1992.0). Archaeology in the Nguru Hills: Iron Age and earlier ceramics. nan. https://doi.org/10.1080/00672709209511429","[
  {
    ""resourceId"": ""a61a7292-9747-40a1-855c-44fb7c8b1f6c"",
    ""resourceXresourceId"": """",
    ""ontologyProperty"": """",
    ""inverseOntologyProperty"": """"
  }
]",,2025-07-18,,,2025-07-18
09d48d95-d1eb-491c-9ef5-ba804415321c,INFO-00000058,QJREFAQU,Journal article,"A deposit of kilwa-type coins from songo mnara, tanzania","Perkins, John; Fleisher, Jeffrey; Wynne-Jones, Stephanie",,2014,Azania: Archaeological Research in Africa,1,10.1080/0067270X.2013.871979,,"0067-270X, 1945-5534",102-116,49,http://www.tandfonline.com/doi/abs/10.1080/0067270X.2013.871979,English,,,"Perkins, John; Fleisher, Jeffrey; Wynne-Jones, Stephanie (2014.0). A deposit of Kilwa-type coins from Songo Mnara, Tanzania. nan. https://doi.org/10.1080/0067270X.2013.871979","[
  {
    ""resourceId"": ""a61a7292-9747-40a1-855c-44fb7c8b1f6c"",
    ""resourceXresourceId"": """",
    ""ontologyProperty"": """",
    ""inverseOntologyProperty"": """"
  }
]",,2025-07-18,,,2025-07-18
1321abb2-1f81-4dfb-8b68-8a1d12d47df8,INFO-00000059,3DI722EF,Journal article,"Archaeological research in the northern lake manyara basin, tanzania 2003–2004","Seitsonen, Oula",,2006,Azania: Archaeological Research in Africa,1,10.1080/00672700609480434,,"0067-270X, 1945-5534",41-67,41,http://www.tandfonline.com/doi/abs/10.1080/00672700609480434,English,,,"Seitsonen, Oula (2006.0). Archaeological research in the northern Lake Manyara Basin, Tanzania 2003–2004. nan. https://doi.org/10.1080/00672700609480434","[
  {
    ""resourceId"": ""a61a7292-9747-40a1-855c-44fb7c8b1f6c"",
    ""resourceXresourceId"": """",
    ""ontologyProperty"": """",
    ""inverseOntologyProperty"": """"
  }
]",,2025-07-18,,,2025-07-18
305b4ffc-dab7-4f2a-8ece-08701bec9280,INFO-00000060,QCH9TD6Z,Journal article,A preliminary report on an archaeological survey on the slopes of kilimanjaro,"Odner, Knut",,1971,Azania: Archaeological Research in Africa,1,10.1080/00672707109511549,,"0067-270X, 1945-5534",131-149,6,http://www.tandfonline.com/doi/abs/10.1080/00672707109511549,English,,,"Odner, Knut (1971.0). A Preliminary Report on an Archaeological Survey on the Slopes of Kilimanjaro. nan. https://doi.org/10.1080/00672707109511549","[
  {
    ""resourceId"": ""a61a7292-9747-40a1-855c-44fb7c8b1f6c"",
    ""resourceXresourceId"": """",
    ""ontologyProperty"": """",
    ""inverseOntologyProperty"": """"
  }
]",,2025-07-18,,,2025-07-18
e8163dff-2cc8-461b-94b1-65bdfb8d8bc3,INFO-00000061,US5V43W2,Journal article,A portuguese inscription and the uroa coin hoard: some discoveries in zanzibar,"Gray, John M.",,1975,Azania: Archaeological Research in Africa,1,10.1080/00672707509511617,,"0067-270X, 1945-5534",123-131,10,http://www.tandfonline.com/doi/abs/10.1080/00672707509511617,English,,,"Gray, John M. (1975.0). A Portuguese Inscription and the Uroa Coin Hoard: Some Discoveries in Zanzibar. nan. https://doi.org/10.1080/00672707509511617","[
  {
    ""resourceId"": ""a61a7292-9747-40a1-855c-44fb7c8b1f6c"",
    ""resourceXresourceId"": """",
    ""ontologyProperty"": """",
    ""inverseOntologyProperty"": """"
  }
]",,2025-07-18,,,2025-07-18
f58570f1-fe56-4613-bedc-d47af97b5bbd,INFO-00000062,999X57ND,Map,Atlas national du sénégal,IFAN&ORSTOM,,1977,,,,,,,,,French,,,IFAN&ORSTOM (1977.0). Atlas National du Sénégal. nan.,"[
  {
    ""resourceId"": ""a61a7292-9747-40a1-855c-44fb7c8b1f6c"",
    ""resourceXresourceId"": """",
    ""ontologyProperty"": """",
    ""inverseOntologyProperty"": """"
  }
]",,2025-07-18,,,2025-07-18
aeebe9af-94b3-48d1-b648-50855c2cf9aa,INFO-00000063,GBY2LLHX,Statute,Arrêté ministériel n° 23.269,MINISTERE DE LA CULTURE ET D E LA COMMUNICATION,,2015,,,,,,8,,,French,,,MINISTERE DE LA CULTURE ET D E LA COMMUNICATION (2015.0). Arrêté ministériel n° 23.269. nan.,"[
  {
    ""resourceId"": ""a61a7292-9747-40a1-855c-44fb7c8b1f6c"",
    ""resourceXresourceId"": """",
    ""ontologyProperty"": """",
    ""inverseOntologyProperty"": """"
  }
]",,2025-07-18,,,2025-07-18
8c1b7b59-9f5b-4eb4-8e59-90a8d84417e2,INFO-00000064,CKA4EWLR,Journal article,"A monumental cemetery built by eastern africa’s first herders near lake turkana, kenya","Hildebrand, E; Grillo, C; et al",,2018,PLOS,36,https://doi.org/10.1073/pnas.1721975115,,,8942-8947,115,,,,,"Hildebrand, E; Grillo, C; et al (2018.0). A Monumental Cemetery built by Eastern Africa’s First Herders near Lake Turkana, Kenya. nan. https://doi.org/https://doi.org/10.1073/pnas.1721975115","[
  {
    ""resourceId"": ""a61a7292-9747-40a1-855c-44fb7c8b1f6c"",
    ""resourceXresourceId"": """",
    ""ontologyProperty"": """",
    ""inverseOntologyProperty"": """"
  }
]",,2025-07-18,,,2025-07-18
7ab781c7-3a35-4a5e-b1f5-2251133feb58,INFO-00000065,UKKA7CI3,Document,Aksum periodic report,The Authority for Research and Conservation of Cultural Heritage (ARCCH),,2021,,,,,,,,https://whc.unesco.org/en/list/15/documents/,,,,The Authority for Research and Conservation of Cultural Heritage (ARCCH) (2021.0). Aksum Periodic Report. nan. https://whc.unesco.org/en/list/15/documents/,"[
  {
    ""resourceId"": ""a61a7292-9747-40a1-855c-44fb7c8b1f6c"",
    ""resourceXresourceId"": """",
    ""ontologyProperty"": """",
    ""inverseOntologyProperty"": """"
  }
]",,2025-07-18,,,2025-07-18
9f6ea75e-1a60-4828-a4c3-8249f64063e6,INFO-00000066,7GGYFP4A,Document,Advisory body evaluation (icomos),UNESCO,,2008,,,,,,,,https://whc.unesco.org/en/list/1231/documents/,English,,,UNESCO (2008.0). Advisory Body Evaluation (ICOMOS). nan. https://whc.unesco.org/en/list/1231/documents/,"[
  {
    ""resourceId"": ""a61a7292-9747-40a1-855c-44fb7c8b1f6c"",
    ""resourceXresourceId"": """",
    ""ontologyProperty"": """",
    ""inverseOntologyProperty"": """"
  }
]",,2025-07-18,,,2025-07-18
5435db9d-0484-40f3-b96a-93b9cc0f1ab2,INFO-00000067,HM8DLJR4,Document,Amanagementplanfortherock-hewnchurchesoflalibelaworldheritagesiteethiopia2015rockhewnchurcheslalibela,"Centre, UNESCO World Heritage",,2015,,,,,,,,https://whc.unesco.org/en/list/18/,English,The 11 medieval monolithic cave churches of this 13th-century 'New Jerusalem' are situated in a mountainous region in the heart of Ethiopia near a traditional village with circular-shaped dwellings. Lalibela is a  ...,,"Centre, UNESCO World Heritage (2015.0). amanagementplanfortherock-hewnchurchesoflalibelaworldheritagesiteethiopia2015RockHewnChurchesLalibela. nan. https://whc.unesco.org/en/list/18/","[
  {
    ""resourceId"": ""a61a7292-9747-40a1-855c-44fb7c8b1f6c"",
    ""resourceXresourceId"": """",
    ""ontologyProperty"": """",
    ""inverseOntologyProperty"": """"
  }
]",,2025-07-18,,,2025-07-18
faa7ed1d-034a-41f8-b05a-2f6ed30b2fe6,INFO-00000068,46GGA286,Document,Aksum state of conservation report by the state party / rapport de l'etat partie sur l'état de conservation,"The Authority for Research and Conservation of Cultural Heritage (ARCCH), UNESCO World Heritage",,2024,,,,,,,,https://whc.unesco.org/en/list/15/,English,"The ruins of the ancient city of Aksum are found close to Ethiopia's northern border. They mark the location of the heart of ancient Ethiopia, when the Kingdom of Aksum was the most powerful state between the  ...",,"The Authority for Research and Conservation of Cultural Heritage (ARCCH), UNESCO World Heritage (2024.0). AKSUM State of conservation report by the State Party / Rapport de l'Etat partie sur l'état de conservation. nan. https://whc.unesco.org/en/list/15/","[
  {
    ""resourceId"": ""a61a7292-9747-40a1-855c-44fb7c8b1f6c"",
    ""resourceXresourceId"": """",
    ""ontologyProperty"": """",
    ""inverseOntologyProperty"": """"
  }
]",,2025-07-18,,,2025-07-18
3ac90510-c946-43df-a1a6-0edc8fa3cd60,INFO-00000069,7GB7V4XM,Document,"Archaeological sites of the island of mero, nomination text",NCAM,,2010,,,,,,,,https://whc.unesco.org/document/168998,,,,"NCAM (nan). Archaeological Sites of the Island of Mero, Nomination text. nan. https://whc.unesco.org/document/168998","[
  {
    ""resourceId"": ""a61a7292-9747-40a1-855c-44fb7c8b1f6c"",
    ""resourceXresourceId"": """",
    ""ontologyProperty"": """",
    ""inverseOntologyProperty"": """"
  }
]",,2025-07-18,,,2025-07-18
c20ad825-1cea-4ada-87bb-139c04421824,INFO-00000070,SBQT8UYQ,Document,"Archaeological sites of the island of meroe, management plan",NCAM,,2010,,,,,,,,https://whc.unesco.org/document/168997,,,,"NCAM (nan). Archaeological Sites of the Island of Meroe, Management Plan. nan. https://whc.unesco.org/document/168997","[
  {
    ""resourceId"": ""a61a7292-9747-40a1-855c-44fb7c8b1f6c"",
    ""resourceXresourceId"": """",
    ""ontologyProperty"": """",
    ""inverseOntologyProperty"": """"
  }
]",,2025-07-18,,,2025-07-18
9d12d9cb-f880-4602-905d-4efd5f043f11,INFO-00000071,HX46HRQR,Book,Atlas protohistoire senegambie_1981,V. MARTIN et Ch. BECKER,"CNRS, ORSTOM, IFAN",1981,,,,,,,,,French,,,"V. MARTIN et Ch. BECKER (1981.0). Atlas Protohistoire Senegambie_1981. CNRS, ORSTOM, IFAN.","[
  {
    ""resourceId"": ""a61a7292-9747-40a1-855c-44fb7c8b1f6c"",
    ""resourceXresourceId"": """",
    ""ontologyProperty"": """",
    ""inverseOntologyProperty"": """"
  }
]",,2025-07-18,,,2025-07-18
23b7580d-7a30-42ef-a141-68238d5ae03d,INFO-00000072,YJ8IUX94,Document,"A management plan for the rock-hewn churches of lalibela world heritage site, ethiopia (2015)","The Authority for Research and Conservation of Cultural Heritage (ARCCH), UNESCO World Heritage",,2015,,,,,,,,https://whc.unesco.org/en/list/18/,English,The 11 medieval monolithic cave churches of this 13th-century 'New Jerusalem' are situated in a mountainous region in the heart of Ethiopia near a traditional village with circular-shaped dwellings. Lalibela is a  ...,,"The Authority for Research and Conservation of Cultural Heritage (ARCCH), UNESCO World Heritage (2015.0). A Management Plan for the Rock-hewn Churches of Lalibela World Heritage Site, Ethiopia (2015). nan. https://whc.unesco.org/en/list/18/","[
  {
    ""resourceId"": ""a61a7292-9747-40a1-855c-44fb7c8b1f6c"",
    ""resourceXresourceId"": """",
    ""ontologyProperty"": """",
    ""inverseOntologyProperty"": """"
  }
]",,2025-07-18,,,2025-07-18
5aadb5e3-ffd4-4ae4-9898-8dc9e51eaedf,INFO-00000073,B4M2UK2W,Journal article,An archaeological appraisal of early european settlement in the gambia,"Gijanto, Liza",,2010,Nyame Akuma,73,,,,55-64,,https://www.academia.edu/464618/An_Archaeological_Appraisal_of_Early_European_Settlement_in_The_Gambia,,An Archaeological Appraisal of Early European Settlement in The Gambia,,"Gijanto, Liza (2010.0). An Archaeological Appraisal of Early European Settlement in The Gambia. nan. https://www.academia.edu/464618/An_Archaeological_Appraisal_of_Early_European_Settlement_in_The_Gambia","[
  {
    ""resourceId"": ""a61a7292-9747-40a1-855c-44fb7c8b1f6c"",
    ""resourceXresourceId"": """",
    ""ontologyProperty"": """",
    ""inverseOntologyProperty"": """"
  }
]",,2025-07-18,,,2025-07-18
170674c7-8c65-4e33-a4e8-46bf0f74b5de,INFO-00000074,ZL723F8T,Journal article,Archaeological and paleoenvironmental investigations at lanet and njoro river cave.,"Ambrose, SHA",,1982,Azania,1,,,,19-33,17,,,,,"Ambrose, SHA (1982.0). Archaeological and Paleoenvironmental Investigations at Lanet and Njoro River Cave.. nan.","[
  {
    ""resourceId"": ""a61a7292-9747-40a1-855c-44fb7c8b1f6c"",
    ""resourceXresourceId"": """",
    ""ontologyProperty"": """",
    ""inverseOntologyProperty"": """"
  }
]",,2025-07-18,,,2025-07-18
d9b64e68-e3a4-4e45-a343-1d23d7107374,INFO-00000075,CDFF7Y24,Book,"A history of the abaluyia of western kenya, c. 1500–1930","Were, Gideon",East African Publishing House,1967,,,,,,,,,,,,"Were, Gideon (1967.0). A History of the Abaluyia of Western Kenya, c. 1500–1930. East African Publishing House.","[
  {
    ""resourceId"": ""a61a7292-9747-40a1-855c-44fb7c8b1f6c"",
    ""resourceXresourceId"": """",
    ""ontologyProperty"": """",
    ""inverseOntologyProperty"": """"
  }
]",,2025-07-18,,,2025-07-18
bbf61958-b19c-422e-aed7-ffb65b4531a9,INFO-00000076,GRIX7ZEJ,Webpage,36 com 8b.16 - décision,"mondial, UNESCO Centre du patrimoine",,2025,UNESCO Centre du patrimoine mondial,,,,,,,https://whc.unesco.org/fr/decisions/4787/,French,36 COM 8B.16 - Décision,,"mondial, UNESCO Centre du patrimoine (2025.0). 36 COM 8B.16 - Décision. nan. https://whc.unesco.org/fr/decisions/4787/","[
  {
    ""resourceId"": ""a61a7292-9747-40a1-855c-44fb7c8b1f6c"",
    ""resourceXresourceId"": """",
    ""ontologyProperty"": """",
    ""inverseOntologyProperty"": """"
  }
]",,2025-07-18,,,2025-07-18
9d7e3a0b-8303-4594-95c2-9864ac12eb0d,INFO-00000077,KCLEAHK5,Journal article,A new radiocarbon chronology for ancient iron production in the meroe region of sudan,"Humphris, Jane; Scheibner, Thomas",Springer Science and Business Media LLC,2017,African Archaeological Review,3,10.1007/s10437-017-9267-x,,"0263-0338, 1572-9842",377-413,34,http://link.springer.com/10.1007/s10437-017-9267-x,English,,http://creativecommons.org/licenses/by/4.0,"Humphris, Jane; Scheibner, Thomas (2017.0). A New Radiocarbon Chronology for Ancient Iron Production in the Meroe Region of Sudan. Springer Science and Business Media LLC. https://doi.org/10.1007/s10437-017-9267-x","[
  {
    ""resourceId"": ""a61a7292-9747-40a1-855c-44fb7c8b1f6c"",
    ""resourceXresourceId"": """",
    ""ontologyProperty"": """",
    ""inverseOntologyProperty"": """"
  }
]",,2025-07-18,,,2025-07-18
9d6e06ea-be78-4f7a-8ddb-7a89970a7445,INFO-00000078,YCPXQKT3,Report,Archaeological reconnaissance of the kilifi district,"Helm, Richard",,1996,,,,,,,,,,,,"Helm, Richard (1996.0). Archaeological reconnaissance of the Kilifi District. nan.","[
  {
    ""resourceId"": ""a61a7292-9747-40a1-855c-44fb7c8b1f6c"",
    ""resourceXresourceId"": """",
    ""ontologyProperty"": """",
    ""inverseOntologyProperty"": """"
  }
]",,2025-07-18,,,2025-07-18
aa38ecb9-c5e1-4d39-bc72-9655f3719bc6,INFO-00000079,42KJGYAJ,Journal article,"A description of ain farah and wara, mediaeval towns of the western sudan","Houghton, Arthur",,2025,,,,,,,,https://www.academia.edu/8691124/A_Description_of_Ain_Farah_and_Wara_Mediaeval_Towns_of_the_Western_Sudan,,"A Description of Ain Farah and Wara, Mediaeval Towns of the Western Sudan",,"Houghton, Arthur (2025.0). A Description of Ain Farah and Wara, Mediaeval Towns of the Western Sudan. nan. https://www.academia.edu/8691124/A_Description_of_Ain_Farah_and_Wara_Mediaeval_Towns_of_the_Western_Sudan","[
  {
    ""resourceId"": ""a61a7292-9747-40a1-855c-44fb7c8b1f6c"",
    ""resourceXresourceId"": """",
    ""ontologyProperty"": """",
    ""inverseOntologyProperty"": """"
  }
]",,2025-07-18,,,2025-07-18
6d347e9c-24af-4889-b9e2-f3604036824b,INFO-00000080,PBZW7RTE,Report,A report on state of conservation of ruins of kilwa kisiwani and ruins of songo mnara (c 144),Ministry of Natural Resources and Tourism - Tanzania Wildlife Management; Authority,,2022,,,,,,,,https://whc.unesco.org/en/soc/4399,,,,Ministry of Natural Resources and Tourism - Tanzania Wildlife Management; Authority (2022.0). A report ON STATE OF CONSERVATION OF RUINS OF KILWA KISIWANI AND RUINS OF SONGO MNARA (C 144). nan. https://whc.unesco.org/en/soc/4399,"[
  {
    ""resourceId"": ""a61a7292-9747-40a1-855c-44fb7c8b1f6c"",
    ""resourceXresourceId"": """",
    ""ontologyProperty"": """",
    ""inverseOntologyProperty"": """"
  }
]",,2025-07-18,,,2025-07-18
ce9ba972-a380-41c0-bedc-b5ae681eaf50,INFO-00000081,KLNZTFQW,Report,"A management plan for the rock-hewn churches of lalibela world heritage site, ethiopia",ARCCH,,2013,,,,,,,,,,,,"ARCCH (2013.0). A Management Plan for the Rock-hewn Churches of Lalibela World Heritage Site, Ethiopia. nan.","[
  {
    ""resourceId"": ""a61a7292-9747-40a1-855c-44fb7c8b1f6c"",
    ""resourceXresourceId"": """",
    ""ontologyProperty"": """",
    ""inverseOntologyProperty"": """"
  }
]",,2025-07-18,,,2025-07-18
606bdf60-fbaf-4837-bcfd-c9661c07ca98,INFO-00000082,G5TWL2Y6,Journal article,"Assessment and Mapping of land cover/use aided by remote sensing and gis techniques in elnour natural forest, blue nile state, sudan","Hamed, Abass Mohamed Elhag; Abdelwahab, Motasim Hyder; Ibrahim, Mohammed Ahmed; Osman, El Mamoun Haroun",,2022,IRA-International Journal of Applied Sciences (ISSN 2455-4499),4,10.21013/jas.v17.n4.p2,,2455-4499,41,17,https://research-advances.org/index.php/IRAJAS/article/view/1741,,"The main aim of this study was to assess and Mapping of land cover (LC) / land use (LU), using Remote Sensing (RS) and Geographical Information System (GIS) techniques in Elnor natural forest reserve, Blue Nile state, Sudan. The study also attempted to update some information in the study area such as LC and contour Map by using different methods of data transformation and analysis such as Normalized Different Vegetation Index (NDVI), interpolation and supervised classification. Thematic Mapper (TM), Landsat Enhanced Thematic Mapper (ETM+) and Landsat8 images were used in LCLU changes and supported by field observation. The study area was affected by cutting the mother trees and overgrazing. Closed forests during 2000, 2010 and 2019 decreased from   36.9%, 28.5% and 18.7% respectively. Moreover, the total area of bare soil increased by about 14.4%, 47.2% and 39.7% in 2000, 2010 and 2019 respectively. The open forest (grassland) decreased from 48.7% in (2000) to 41.7% in (2019). A Digital land cover Map was produced using LCCS software; depending on the fieldwork data, they were found in four Classes. Mixed Woodland Single Layer, Semi-Deciduous Shrub land with Open Herbaceous, Open Grassland, Single XII Layer and Hardpans.  The study revealed that there are some indicators of land degradation during the last 20 years (2000, 2010 and 2019) and is expected to continue increasing unless serious measures are carried out to reduce it.",,"Hamed, Abass Mohamed Elhag; Abdelwahab, Motasim Hyder; Ibrahim, Mohammed Ahmed; Osman, El Mamoun Haroun (2022.0). Assessment and Mapping of Land Cover/Use Aided by Remote Sensing and GIS Techniques in Elnour Natural Forest, Blue Nile State, Sudan. nan. https://doi.org/10.21013/jas.v17.n4.p2","[
  {
    ""resourceId"": ""a61a7292-9747-40a1-855c-44fb7c8b1f6c"",
    ""resourceXresourceId"": """",
    ""ontologyProperty"": """",
    ""inverseOntologyProperty"": """"
  }
]",,2025-07-18,,,2025-07-18
9ceab8d7-fb1c-4b1d-8713-e3f5397a7d47,INFO-00000083,QB7BPBCB,Journal article,Archaeological remote sensing application pre-post war situation of babylon archaeological site—iraq,"Jahjah, Munzer; Ulivieri, Carlo; Invernizzi, Antonio; Parapetti, Roberto",,2007,Acta Astronautica,001-006,10.1016/j.actaastro.2007.01.034,,945765,121-130,61,https://linkinghub.elsevier.com/retrieve/pii/S009457650700029X,English,,https://www.elsevier.com/tdm/userlicense/1.0/,"Jahjah, Munzer; Ulivieri, Carlo; Invernizzi, Antonio; Parapetti, Roberto (2007.0). Archaeological remote sensing application pre-post war situation of Babylon archaeological site—Iraq. nan. https://doi.org/10.1016/j.actaastro.2007.01.034","[
  {
    ""resourceId"": ""a61a7292-9747-40a1-855c-44fb7c8b1f6c"",
    ""resourceXresourceId"": """",
    ""ontologyProperty"": """",
    ""inverseOntologyProperty"": """"
  }
]",,2025-07-18,,,2025-07-18
e65f0885-951f-4372-84be-81224e144580,INFO-00000084,RZZ755HM,Journal article,Catalogue des autels et meubles d’autel en bois (tābot et manbara tābot) de ṭerāsfarē esṭifānos : jalons pour une histoire des objets et des motifs (ii),"Bosc-Tiessé, Claire",,2011,Annales d'Ethiopie,1,10.3406/ethio.2011.1441,,0066-2127,249–267,26,https://www.persee.fr/doc/ethio_0066-2127_2011_num_26_1_1441,,"Situé dans la montagne surplombant la haute vallée du Takkazē, au-dessus de la petite ville de Kulmesk, l’église de Ṭerāsfarē Esṭifānos est en fait une grotte qui a probablement servi de dépôt pour sauvegarder des biens d’église et a ensuite été aménagée et consacrée. Dans le magasin de l’église sont gardés quatre manbara tābot ou autels en bois, sculptés de motifs géométriques, végétaux et figuratifs. Parmi les objets liturgiques produits et utilisés par l’Église éthiopienne, ceux-ci sont particulièrement intéressants pour ce que leur étude apporte à la connaissance de la liturgie, à l’histoire et à l’histoire de l’art. Ils témoignent d’une évolution de la liturgie qui a probablement eu lieu à partir du milieu du XIIe siècle. Ce catalogue les décrit, détaille les inscriptions et passe en revue leurs formes comme les motifs utilisés. , Catalogue of the wooden altars (tābot and manbara tābot) of Ṭerāsfarē Esṭifānos. Landmarks for a history of objects and patterns (II) ; Located in the mountain above the Takkazē valley, the church of Ṭerāsfarē Esṭifānos seems to be first a cave where liturgical items were safely kept and then to have been converted to become a church. In the store, four manbara tābot or wooden altars are kept. They are engraved with geometrical, vegetal and figurative patterns. Among the liturgical objects manufactured and used by the Ethiopian Church, these are particularly interesting because their study contributes to the knowledge of liturgy, history and art history. They witness to an evolution of the liturgy which is likely to have begun around the mid 12th century. The present catalogue describes them, in complement of the description of those of Lālibalā, examines their inscriptions and details their forms as well as the carved patterns.",,"Bosc-Tiessé, Claire (2011.0). Catalogue des autels et meubles d’autel en bois (tābot et manbara tābot) de Ṭerāsfarē Esṭifānos : jalons pour une histoire des objets et des motifs (II). nan. https://doi.org/10.3406/ethio.2011.1441","[
  {
    ""resourceId"": ""a61a7292-9747-40a1-855c-44fb7c8b1f6c"",
    ""resourceXresourceId"": """",
    ""ontologyProperty"": """",
    ""inverseOntologyProperty"": """"
  }
]",,2026-04-10,,,2026-04-10
1fa7aba7-582d-4ce3-a53c-89fd6e43f5ab,INFO-00000085,3AFGTU43,Journal article,Découvertes archéologiques aux environs de dessié (éthiopie),"Tesfaye, Habtamu; Letricot, Aurèle; Fauvelle-Aymar, François-Xavier; Poissonnier, Bertrand",,2010,Annales d'Ethiopie,1,10.3406/ethio.2010.1418,,0066-2127,261–268,25,https://www.persee.fr/doc/ethio_0066-2127_2010_num_25_1_1418,,"Archaeological discoveries in the surroundings of Dessie (Ethiopia) ; This paper presents some discoveries from a mission undertaken in Dessie (Ethiopia) and in its surroundings in 2008 : an original pottery at Dessie Museum ; two bronzes from a church treasure, including a perfume burner that is possibly of Ayyubid origin ; and several potteries from a deposit in a Christian grave. , Cet article présente quelques découvertes effectuées en 2008 à Dessié (Éthiopie) ou dans les environs : une poterie originale au musée de Dessié ; deux objets en bronze issus d’un trésor d’église, dont un brûle-parfum qui semble pouvoir être rattaché à une origine ayyoubide ; enfin plusieurs poteries provenant d’un dépôt associé à une tombe chrétienne.",,"Tesfaye, Habtamu; Letricot, Aurèle; Fauvelle-Aymar, François-Xavier; Poissonnier, Bertrand (2010.0). Découvertes archéologiques aux environs de Dessié (Éthiopie). nan. https://doi.org/10.3406/ethio.2010.1418","[
  {
    ""resourceId"": ""a61a7292-9747-40a1-855c-44fb7c8b1f6c"",
    ""resourceXresourceId"": """",
    ""ontologyProperty"": """",
    ""inverseOntologyProperty"": """"
  }
]",,2026-04-10,,,2026-04-10
459a4637-3381-4125-b816-56a8e4c44730,INFO-00000086,D68U3XRN,Journal article,Découvertes de stèles monolithiques dans le pays guragué,"Tournemire, Claude",,2003,Annales d'Ethiopie,1,10.3406/ethio.2003.1040,,0066-2127,83–117,19,https://www.persee.fr/doc/ethio_0066-2127_2003_num_19_1_1040,,,,"Tournemire, Claude (2003.0). Découvertes de stèles monolithiques dans le pays Guragué. nan. https://doi.org/10.3406/ethio.2003.1040","[
  {
    ""resourceId"": ""a61a7292-9747-40a1-855c-44fb7c8b1f6c"",
    ""resourceXresourceId"": """",
    ""ontologyProperty"": """",
    ""inverseOntologyProperty"": """"
  }
]",,2026-04-10,,,2026-04-10
595d4d30-727b-4fd9-afee-6ae2480d4329,INFO-00000087,4AC7MW6G,Journal article,Darfur antiquities,"Arkell, A. J.",University of Khartoum,1936,Sudan Notes and Records,2,,,0375-2984,301-311,19,https://www.jstor.org/stable/41716224,,,,"Arkell, A. J. (1936.0). Darfur antiquities. University of Khartoum. https://www.jstor.org/stable/41716224","[
  {
    ""resourceId"": ""a61a7292-9747-40a1-855c-44fb7c8b1f6c"",
    ""resourceXresourceId"": """",
    ""ontologyProperty"": """",
    ""inverseOntologyProperty"": """"
  }
]",,2025-07-20,,,2025-07-20
265b3581-5055-44d4-b6b7-9f91730461d9,INFO-00000088,PQ69Z86Y,Journal article,Darfur antiquities: ii. tōra palaces in turra at the north end of jebel marra,"Arkell, A. J.",University of Khartoum,1937,Sudan Notes and Records,1,,,0375-2984,91-105,20,https://www.jstor.org/stable/41716375,,,,"Arkell, A. J. (1937.0). Darfur Antiquities: Ii. Tōra Palaces in Turra at the North End of Jebel Marra. University of Khartoum. https://www.jstor.org/stable/41716375","[
  {
    ""resourceId"": ""a61a7292-9747-40a1-855c-44fb7c8b1f6c"",
    ""resourceXresourceId"": """",
    ""ontologyProperty"": """",
    ""inverseOntologyProperty"": """"
  }
]",,2025-07-20,,,2025-07-20
ea5b5d72-5b54-4d21-8777-4158f063d50f,INFO-00000089,JMG4HPHF,Journal article,Contributions to architectural and urban resilience through vulnerability assessment: the case of mozambique island’s world heritage,"Milão, Susana; Ribeiro, Telma; Correia, Mariana; Neves, Isabel Clara; Flores, Joaquim; Alvarez, Olga",Multidisciplinary Digital Publishing Institute,2025,Heritage,1,10.3390/heritage8010025,,2571-9408,25,8,https://www.mdpi.com/2571-9408/8/1/25,English,"Mozambique Island, a UNESCO World Heritage property, faces significant challenges due to climate change and extreme weather events. This study proposes a comprehensive framework for assessing morphological vulnerabilities and enhancing urban resilience in this unique historical urban landscape. The research methodology involves a thorough analysis of historical cartography, urban evolution, topography, and vernacular architecture, combined with recent conservation assessments and case studies from other climate-vulnerable regions. This study reveals the island’s dual urban structure, comprising the Stone and Lime town and the Macuti town, each with distinct morphological characteristics and vulnerabilities. Historical Maps and topographical analysis demonstrate how the island’s geography has shaped its urban development, with the Stone and Lime town built on higher ground and the Macuti town situated at or below sea level, increasing its flood risk. The research highlights the importance of integrating traditional knowledge with resilience strategies while respecting the authenticity and integrity of the World Heritage property. Key findings include the need for a GIS-based management tool for continuous conservation assessment, and the crucial role of community engagement in implementing resilience mechanisms. This study contributes to the broader discourse on cultural heritage as a contributor to architectural and urban resilience, offering valuable insights for other World Heritage properties facing similar climate challenges. The proposed framework emphasizes the importance of balancing heritage preservation with adaptive strategies, while enhancing the island’s resilience facing climate-related threats.",http://creativecommons.org/licenses/by/3.0/,"Milão, Susana; Ribeiro, Telma; Correia, Mariana; Neves, Isabel Clara; Flores, Joaquim; Alvarez, Olga (2025.0). Contributions to Architectural and Urban Resilience Through Vulnerability Assessment: The Case of Mozambique Island’s World Heritage. Multidisciplinary Digital Publishing Institute. https://doi.org/10.3390/heritage8010025","[
  {
    ""resourceId"": ""a61a7292-9747-40a1-855c-44fb7c8b1f6c"",
    ""resourceXresourceId"": """",
    ""ontologyProperty"": """",
    ""inverseOntologyProperty"": """"
  }
]",,2025-07-18,,,2025-07-18
43f938a7-4633-4a4c-ba0d-7ece5c3aa265,INFO-00000090,RXFKZ4Y8,Journal article,Developing heritage preservation on ilha de moçambique using a historic urban landscape approach,"Macamo, Solange; Raimundo, Miguel; Moffett, Abigail; Lane, Paul J.",,2024,Heritage,4,https://doi.org/10.3390/heritage7040095,,,2011-2030,7,https://www.mdpi.com/2571-9408/7/4/95,English,,,"Macamo, Solange; Raimundo, Miguel; Moffett, Abigail; Lane, Paul J. (2024.0). Developing Heritage Preservation on Ilha de Moçambique Using a Historic Urban Landscape Approach. nan. https://doi.org/https://doi.org/10.3390/heritage7040095","[
  {
    ""resourceId"": ""a61a7292-9747-40a1-855c-44fb7c8b1f6c"",
    ""resourceXresourceId"": """",
    ""ontologyProperty"": """",
    ""inverseOntologyProperty"": """"
  }
]",,2025-07-18,,,2025-07-18
a3ff132e-67bf-4e90-b8aa-5a786fee5be6,INFO-00000091,NUBFESRI,Book section,"Conserving a world heritage site in mozambique entanglements: between politics, poverty, development and governance on the island of mozambique","Jopela, Albino",Routledge,2015,"Urban Heritage, Development and Sustainability International Frameworks, National and Local Governance",,,978-1-138-84575-6,,334,,,English,,,"Jopela, Albino (2015.0). Conserving a World Heritage Site in Mozambique Entanglements: between politics, poverty, development and governance on the Island of Mozambique. Routledge.","[
  {
    ""resourceId"": ""a61a7292-9747-40a1-855c-44fb7c8b1f6c"",
    ""resourceXresourceId"": """",
    ""ontologyProperty"": """",
    ""inverseOntologyProperty"": """"
  }
]",,2025-07-18,,,2025-07-18
1e135bb8-692a-41a8-aa6a-b0b0525c216f,INFO-00000092,7ASRAPH2,Webpage,Central kalahari game reserve,"Centre, UNESCO World Heritage",,2010,,,,,,,,https://whc.unesco.org/en/tentativelists/5555/,English,,,"Centre, UNESCO World Heritage (2010.0). Central Kalahari Game Reserve. nan. https://whc.unesco.org/en/tentativelists/5555/","[
  {
    ""resourceId"": ""a61a7292-9747-40a1-855c-44fb7c8b1f6c"",
    ""resourceXresourceId"": """",
    ""ontologyProperty"": """",
    ""inverseOntologyProperty"": """"
  }
]",,2025-07-18,,,2025-07-18
fc6254d2-22e3-4da0-b4f2-b5dfd5506fbf,INFO-00000093,9CRW8J4E,Webpage,Chobe linyanti system,"Centre, UNESCO World Heritage",,2010,,,,,,,,https://whc.unesco.org/en/tentativelists/5556/,English,,,"Centre, UNESCO World Heritage (2010.0). Chobe Linyanti System. nan. https://whc.unesco.org/en/tentativelists/5556/","[
  {
    ""resourceId"": ""a61a7292-9747-40a1-855c-44fb7c8b1f6c"",
    ""resourceXresourceId"": """",
    ""ontologyProperty"": """",
    ""inverseOntologyProperty"": """"
  }
]",,2025-07-18,,,2025-07-18
98baaea8-1d9a-4aca-98db-e6c1ddcdd9b4,INFO-00000094,HA4CQN5I,Journal article,"Daily life in the land of bambuk: an archaeological study of political economy at diouboye, senegal","Gokee, Cameron D.",Routledge,2013,Azania: Archaeological Research in Africa,4,10.1080/0067270X.2013.833723,,0067-270X,547-548,48,https://doi.org/10.1080/0067270X.2013.833723,,,,"Gokee, Cameron D. (2013.0). Daily Life in the Land of Bambuk: An Archaeological Study of Political Economy at Diouboye, Senegal. Routledge. https://doi.org/10.1080/0067270X.2013.833723","[
  {
    ""resourceId"": ""a61a7292-9747-40a1-855c-44fb7c8b1f6c"",
    ""resourceXresourceId"": """",
    ""ontologyProperty"": """",
    ""inverseOntologyProperty"": """"
  }
]",,2025-07-18,,,2025-07-18
9c1db641-dbb3-4709-a9f9-ed59a4cc743b,INFO-00000095,ZIIW7CZJ,Book section,"Complex societies, urbanism, and trade in the western sahel","MacDonald, Kevin",Oxford University Press,2013,The Oxford HandBook of African Archaeology,,10.1093/oxfordhb/9780199569885.013.0057,978-0-19-956988-5,,0,,https://doi.org/10.1093/oxfordhb/9780199569885.013.0057,,"Some of the earliest manifestations of social complexity in sub-Saharan Africa are found in the western Sahel and the central Sahara. Recent decades have significantly improved the information on them, although large gaps remain. This article considers early evidence for social inequality in the Sahara before examining West Africa’s first major polity: Tichitt (1900–400 BC). It then evaluates the western Sahel’s ‘age of empire’, the capitals, and great trading cities, from the early first millennium AD onwards.",,"MacDonald, Kevin (2013.0). Complex Societies,             Urbanism, and Trade in the Western Sahel. Oxford University Press. https://doi.org/10.1093/oxfordhb/9780199569885.013.0057","[
  {
    ""resourceId"": ""a61a7292-9747-40a1-855c-44fb7c8b1f6c"",
    ""resourceXresourceId"": """",
    ""ontologyProperty"": """",
    ""inverseOntologyProperty"": """"
  }
]",,2025-07-18,,,2025-07-18
12d798ce-49e1-4258-8d5f-f4c25e7c101f,INFO-00000096,54PVIK8S,Thesis,"Climate change, human response, and the origins of urbanism at timbuktu: archaeological investigations into the prehistoric urbanism of the timbuktu region on the niger bend, mali, west africa","Park, Douglas Post",Yale University,2011,,,,978-1-124-80978-6,,,,https://www.proquest.com/docview/884637227/abstract/4D3154C4C9894CBEPQ/1,English,"This research explores human response to climate change and asks how this interaction may have helped to form the large-scale prehistoric urbanism in the Timbuktu region. New understandings on the nature of prehistoric urbanism on the Niger Bend have been laid out by employing various theories and working models that deal with the social relationship with the changing climate and seasonal environment. The archaeological data used to address these theories and models were obtained over three seasons of research between 2008 and 2010. Field research involved intensive excavation and survey at the Iron Age tell complex of Tombouze (9 kilometers southeast of modern Timbuktu). Additionally, a wide ranging reconnaissance of the larger Timbuktu region and various forms of paleo-climate studies were also undertaken. My findings suggest that the roles of changing climate regimes, a highly variable seasonal environment, and the unique ways local populations interacted with a difficult and marginal landscape, were all important in the formation of a iv dense and expansive prehistoric urban landscape. Incipient and small-scale semi-sedentary groups which came to the Timbuktu region at approximately 500 BC gave rise to a fully permanent yet highly flexible form of urbanism circa AD 650. Abandonment of the large urban centers and their hinterlands occurred at approximately AD 1000, soon before the foundation of historic Timbuktu by the Tuareg. Investigation and analysis into the unique character of the prehistoric settlements of the Timbuktu region has produced a new hypothetical model of urbanism which may have application to the rest of the Niger Bend region. Known as the ""Tombouze Model"", this hypothetical construct suggests that urbanism fluctuates on a seasonal basis in accordance with the high and low flood seasons. During the high flood season, when dry land is limited, the prehistoric urban populations coalesced onto numerous large focus tells reaching probable dimensions of up to 100 hectares. During the low flood season, when land is plentiful but water scarce, the prehistoric populations radiated out into the hinterlands of the focus tells establishing temporary yet specialized seasonal camps in the floodplains while a much reduced permanently inhabited settlement core remained at the focus tells.",Database copyright ProQuest LLC; ProQuest does not claim copyright in the individual underlying works.,"Park, Douglas Post (2011.0). Climate Change, Human Response, and the Origins of Urbanism at Timbuktu: Archaeological Investigations into the Prehistoric Urbanism of the Timbuktu Region on the Niger Bend, Mali, West Africa. Yale University. https://www.proquest.com/docview/884637227/abstract/4D3154C4C9894CBEPQ/1","[
  {
    ""resourceId"": ""a61a7292-9747-40a1-855c-44fb7c8b1f6c"",
    ""resourceXresourceId"": """",
    ""ontologyProperty"": """",
    ""inverseOntologyProperty"": """"
  }
]",,2025-07-18,,,2025-07-18
7d3206a6-d784-474a-8ed1-2f60f07dbeb6,INFO-00000097,HC3V278H,Journal article,"Betwixt tichitt and the ind: the pottery of the faïta facies, tichitt tradition","MacDonald, K.C.",Routledge,2011,Azania: Archaeological Research in Africa,1,10.1080/0067270X.2011.553485,,0067-270X,49-69,46,https://doi.org/10.1080/0067270X.2011.553485,,"This paper examines both decorative and formal change in the ceramics of the Tichitt tradition of Mauritania (c. 1900-400 BC), and this tradition's expression in the Middle Niger, the Faïta Facies (c. 1300 – 200 BC). Using attribute-based comparisons, a wide range of assemblages from Mauritania and Mali are utilised to demonstrate how temporal divisions may be discerned in this sequence. Particular attention is paid to the definition of Early and Late Faïta ceramic phases and the origins of finewares in the Middle Niger. It is notable that Tichitt Tradition ceramics feature frequent and early examples of cord roulette use in the West African Sahel.",,"MacDonald, K.C. (2011.0). Betwixt Tichitt and the IND: the pottery of the Faïta Facies, Tichitt Tradition. Routledge. https://doi.org/10.1080/0067270X.2011.553485","[
  {
    ""resourceId"": ""a61a7292-9747-40a1-855c-44fb7c8b1f6c"",
    ""resourceXresourceId"": """",
    ""ontologyProperty"": """",
    ""inverseOntologyProperty"": """"
  }
]",,2025-07-18,,,2025-07-18
2bc90830-96b8-446f-b7ee-5b03ace0c456,INFO-00000098,IQ98BQSR,Journal article,Decisive evidence for multidirectional evolution of sociopolitical complexity in southern africa,"Chirikure, Shadreck; Bandama, Foreman; House, Michelle; Moffett, Abigail; Mukwende, Tawanda; Pollard, Mark",,2016,African Archaeological Review,1,10.1007/s10437-016-9215-1,,1572-9842,75-95,33,https://doi.org/10.1007/s10437-016-9215-1,English,"While pioneers of archaeology in any given region have established the foundations of the discipline, their views have not remained unchanged in places such as Europe, North America and Australasia. In these regions, successive generations of researchers changed the direction of their work based not just on new observations but also in light of new methods and theories. For example, the idea of a Bronze Age revolution popularised by V. G. Childe in Europe was superseded by multiple alternatives over the years. In southern African Iron Age studies, John Schofield, Gertrude Caton-Thompson, Roger Summers, Keith Robinson and Peter Garlake created an impressive platform upon which successors could build. Confronting firm disapproval from more experienced researchers in the early 1980s, Huffman speculated that the evolution of sociopolitical complexity in our region was a linear relay from Mapungubwe to Khami via Great Zimbabwe. This position was sustained as the conventional wisdom largely, we argue, because no new research was being carried out in key areas of the region, and too few students, in particular African ones, were being trained to expand the focus of investigation. Here, we present new data to support our argument, that the pathway to sociopolitical complexity in southern Africa was multilinear. We propose looking forward rather than back, and to continue to seek the exposure of scales of interaction between multiple but chronologically overlapping entities associated with the rise of sociopolitical complexity in southern Africa.",,"Chirikure, Shadreck; Bandama, Foreman; House, Michelle; Moffett, Abigail; Mukwende, Tawanda; Pollard, Mark (2016.0). Decisive Evidence for Multidirectional Evolution of Sociopolitical Complexity in Southern Africa. nan. https://doi.org/10.1007/s10437-016-9215-1","[
  {
    ""resourceId"": ""a61a7292-9747-40a1-855c-44fb7c8b1f6c"",
    ""resourceXresourceId"": """",
    ""ontologyProperty"": """",
    ""inverseOntologyProperty"": """"
  }
]",,2025-07-18,,,2025-07-18
38a0c220-5fc5-4ead-a949-3ab4944fa783,INFO-00000099,PZW53WYU,Journal article,Defence consciousness as way of life: 'the refuge period' and karanga defence strategies in the 19th century,"Mazarire, G.C.",,2005,Zimbabwean Prehistory,25,,,,19-26,,,,,,"Mazarire, G.C. (2005.0). Defence consciousness as way of life: 'the Refuge Period' and Karanga defence strategies in the 19th century. nan.","[
  {
    ""resourceId"": ""a61a7292-9747-40a1-855c-44fb7c8b1f6c"",
    ""resourceXresourceId"": """",
    ""ontologyProperty"": """",
    ""inverseOntologyProperty"": """"
  }
]",,2025-07-18,,,2025-07-18
d20bcce8-8e87-4640-8e02-fec31c7744a0,INFO-00000100,NRFZ3SW8,Journal article,Deloraine farm: a new type of pottery,"COHEN, MARK; GRAMLY, R. M.",Taylor & Francis Group,1972,AZANIA: Journal of the British Institute in Eastern Africa,,10.1080/00672707209511561,,,,,https://www.tandfonline.com/doi/abs/10.1080/00672707209511561,English,"(1972). DELORAINE FARM: A NEW TYPE OF POTTERY. Azania: Archaeological Research in Africa: Vol. 7, No. 1, pp. 161-167.","Copyright Taylor and Francis Group, LLC","COHEN, MARK; GRAMLY, R. M. (1972.0). Deloraine Farm: A New Type Of Pottery. Taylor & Francis Group. https://doi.org/10.1080/00672707209511561","[
  {
    ""resourceId"": ""a61a7292-9747-40a1-855c-44fb7c8b1f6c"",
    ""resourceXresourceId"": """",
    ""ontologyProperty"": """",
    ""inverseOntologyProperty"": """"
  }
]",,2025-07-18,,,2025-07-18
f42328e3-a54b-417b-afd0-556cfbf03edd,INFO-00000101,3E5PJ9AW,Journal article,Chronology of the later stone age and food production in east africa,"Ambrose, Stanley H.",,1998,Journal of Archaeological Science,4,10.1006/jasc.1997.0277,,0305-4403,377-392,25,https://www.sciencedirect.com/science/article/pii/S0305440397902776,,"Evidence from several archaeological sites in sub-Saharan Africa suggests that the transition to modern human technology, marked by the change from the Middle to the Later Stone Age (LSA), occurred first in East Africa. Enkapune Ya Muto rockshelter, in the central Rift Valley of Kenya, contains the oldest known archaeological horizons spanning this transition. Radiocarbon and obsidian hydration dates from this 5·6-m deep cultural sequence show that the Later Stone Age began substantially earlier than 46,000 years ago. Ostrich eggshell beads were made 40,000 years ago. Early dates for the LSA and beads may have implications for the origin and dispersal of modern human behaviour and modern humans out of Africa. This site also contains the only known occurrences dating to the Middle Holocene dry phase in highland Kenya and Tanzania, as well as occurrences that span the transition from hunting and gathering to food production, and from the Neolithic to the Iron Age. The adoption of domestic animals by indigenous Eburran hunter–gatherers in highland East Africa occurred gradually between 4900 and 3300 uncorrected radiocarbon yearsBPand the Neolithic/Later Iron Age transition occurred around 1300BP.",,"Ambrose, Stanley H. (1998.0). Chronology of the Later Stone Age and Food Production in East Africa. nan. https://doi.org/10.1006/jasc.1997.0277","[
  {
    ""resourceId"": ""a61a7292-9747-40a1-855c-44fb7c8b1f6c"",
    ""resourceXresourceId"": """",
    ""ontologyProperty"": """",
    ""inverseOntologyProperty"": """"
  }
]",,2025-07-18,,,2025-07-18
e075cc36-5227-4701-b2d9-c46db592a68f,INFO-00000102,ZFAKS3G6,Journal article,Chronology of the acheulean to middle stone age transition in eastern africa,"Deino, Alan L.; Behrensmeyer, Anna K.; Brooks, Alison S.; Yellen, John E.; Sharp, Warren D.; Potts, Richard",American Association for the Advancement of Science,2018,Science,6384,10.1126/science.aao2216,,,95-98,360,https://www.science.org/doi/abs/10.1126/science.aao2216,,"The origin of the Middle Stone Age (MSA) marks the transition from a highly persistent mode of stone toolmaking, the Acheulean, to a period of increasing technological innovation and cultural indicators associated with the evolution of Homo sapiens. We used argon-40/argon-39 and uranium-series dating to calibrate the chronology of Acheulean and early MSA artifact–rich sedimentary deposits in the Olorgesailie basin, southern Kenya rift. We determined the age of late Acheulean tool assemblages from 615,000 to 499,000 years ago, after which a large technological and faunal transition occurred, with a definitive MSA lacking Acheulean elements beginning most likely by ~320,000 years ago, but at least by 305,000 years ago. These results establish the oldest repository of MSA artifacts in eastern Africa.",,"Deino, Alan L.; Behrensmeyer, Anna K.; Brooks, Alison S.; Yellen, John E.; Sharp, Warren D.; Potts, Richard (2018.0). Chronology of the Acheulean to Middle Stone Age transition in eastern Africa. American Association for the Advancement of Science. https://doi.org/10.1126/science.aao2216","[
  {
    ""resourceId"": ""a61a7292-9747-40a1-855c-44fb7c8b1f6c"",
    ""resourceXresourceId"": """",
    ""ontologyProperty"": """",
    ""inverseOntologyProperty"": """"
  }
]",,2025-07-18,,,2025-07-18
e8a90231-2253-462d-8b85-20feabbada6d,INFO-00000103,Y9L5WBJZ,Document,"Bakel, ville frontière","Grdr, Ville de Bakel",,2024,,,,,,,,https://grdr.org/IMG/pdf/brochure_mavil_bakel_web.pdf,French,"Zotero is a free, easy-to-use tool to help you collect, organize, cite, and share research.",,"Grdr, Ville de Bakel (2024.0). BAKEL, Ville frontière. nan. https://grdr.org/IMG/pdf/brochure_mavil_bakel_web.pdf","[
  {
    ""resourceId"": ""a61a7292-9747-40a1-855c-44fb7c8b1f6c"",
    ""resourceXresourceId"": """",
    ""ontologyProperty"": """",
    ""inverseOntologyProperty"": """"
  }
]",,2025-07-18,,,2025-07-18
d45518d2-fb67-4db2-aad0-b1aba57c8d2a,INFO-00000104,H5BFQZGL,Journal article,Chinese-style ceramics in east africa from the 9th to 16th century: a case of changing value and symbols in the multi-partner global trade,"Zhao, Bing",,2015,"Afriques. Débats, méthodes et terrains d’histoire",,https://doi.org/10.4000/afriques.1836,,,,6,https://journals.openedition.org/afriques/1836,,,,"Zhao, Bing (2015.0). Chinese-style ceramics in East Africa from the 9th to 16th century: A case of changing value and symbols in the multi-partner global trade. nan. https://doi.org/https://doi.org/10.4000/afriques.1836","[
  {
    ""resourceId"": ""a61a7292-9747-40a1-855c-44fb7c8b1f6c"",
    ""resourceXresourceId"": """",
    ""ontologyProperty"": """",
    ""inverseOntologyProperty"": """"
  }
]",,2025-07-18,,,2025-07-18
755cd9b5-2acd-4d79-876b-439f9740228a,INFO-00000105,G5X5AK4Y,Book section,"Cultural landscapes, communities and world heritage: pursuit of the local in the tsodilo hills, botswana","Keitumetse, Susan O; Matlapeng, Geoffrey; Monamo, Leseka",Left Coast Press,2007,Envisioning Landscape: Situations and Standpoints in Archaeology and Heritage,,,978-1-59874-281-7,,101-119,,https://www.researchgate.net/profile/Dan-Hicks-2/publication/41389142_Envisioning_Landscape_Situations_and_Standpoints_in_Archaeology_and_Heritage/links/5774337408aeb9427e242090/Envisioning-Landscape-Situations-and-Standpoints-in-Archaeology-and-Heritage.pdf,English,,,"Keitumetse, Susan O; Matlapeng, Geoffrey; Monamo, Leseka (2007.0). Cultural Landscapes, Communities and World Heritage: Pursuit of the Local in the Tsodilo Hills, Botswana. Left Coast Press. https://www.researchgate.net/profile/Dan-Hicks-2/publication/41389142_Envisioning_Landscape_Situations_and_Standpoints_in_Archaeology_and_Heritage/links/5774337408aeb9427e242090/Envisioning-Landscape-Situations-and-Standpoints-in-Archaeology-and-Heritage.pdf","[
  {
    ""resourceId"": ""a61a7292-9747-40a1-855c-44fb7c8b1f6c"",
    ""resourceXresourceId"": """",
    ""ontologyProperty"": """",
    ""inverseOntologyProperty"": """"
  }
]",,2025-07-18,,,2025-07-18
cb3f4e30-ba01-4041-a9fb-03f55e96f526,INFO-00000106,8B4WSBBJ,Webpage,"Dagana, le charme du sénégal profond","Kambell, Ismael Cabral",,2017,Afrik,,,,,,,https://www.afrik.com/dagana-le-charme-du-senegal-profond,French,"Il y a au Sénégal des endroits dont vous n’entendrez parler que très rarement, pourtant juste le temps d’un détour, vous en serez séduits et marqués à",,"Kambell, Ismael Cabral (2017.0). Dagana, le charme du Sénégal profond. nan. https://www.afrik.com/dagana-le-charme-du-senegal-profond","[
  {
    ""resourceId"": ""a61a7292-9747-40a1-855c-44fb7c8b1f6c"",
    ""resourceXresourceId"": """",
    ""ontologyProperty"": """",
    ""inverseOntologyProperty"": """"
  }
]",,2025-07-18,,,2025-07-18
d417e7b8-c283-4124-8faa-f043dc97d9f6,INFO-00000107,2FFI4X2C,Webpage,Centre du patrimone mondial - état de conservation (soc 2006) île de gorée (sénégal),"mondial, UNESCO Centre du patrimoine",,2025,UNESCO Centre du patrimoine mondial,,,,,,,https://whc.unesco.org/fr/soc/1167/,French,"Le nombre très important de rapports préparés par le Secrétariat de l’UNESCO et les Organisations consultatives du Comité du patrimoine mondial représente une documentation exceptionnelle et approfondie sur des questions de conservation différentes. Il est l'un des systèmes les plus exhaustifs de toutes les conventions internationales, et représente un réseau mondial de sites.",,"mondial, UNESCO Centre du patrimoine (2025.0). Centre du patrimone mondial - État de conservation (SOC 2006) Île de Gorée (Sénégal). nan. https://whc.unesco.org/fr/soc/1167/","[
  {
    ""resourceId"": ""a61a7292-9747-40a1-855c-44fb7c8b1f6c"",
    ""resourceXresourceId"": """",
    ""ontologyProperty"": """",
    ""inverseOntologyProperty"": """"
  }
]",,2025-07-18,,,2025-07-18
d62a9b00-8556-4ea8-a9e8-66d14027f54b,INFO-00000108,TTIF4XKL,Journal article,"Chronology and dynamics of later stone age herders in the upper seacow river valley, south africa","Sampson, C. G.",,2010,Journal of Arid Environments,7,10.1016/j.jaridenv.2008.11.001,,0140-1963,842-848,74,https://www.sciencedirect.com/science/article/pii/S0140196308003030,,"The prehistory of sheep and cattle herding in South Africa's semi-arid Karoo region remains poorly documented. Yet the upper Karoo plays a key gateway role in one competing model of pastoralist expansion into the extreme south of the continent. Direct-dated prehistoric livestock remains from local rock shelters are too few to build an adequate chronology. An alternative is the direct dating of fiber temper in potsherds collected at livestock enclosures (kraals) built of low, dry-stone walling. Seventeen such 14C dates are reported, along with comparable thermoluminescence dates including three from pottery associated with Khoekhoe pastoralists in the ethnohistoric record. The earliest dated kraal in the upper Seacow valley is ∼Cal AD 1000 and the youngest is ∼Cal AD 1750, so it is likely that all of them are of pre-European (∼AD 1780) date. There was a continuous herder presence, buffered by local Bushman hunter-foragers who also took up herding but retained their own ceramic tradition. The dates are spread too thinly to verify gaps in the record that might signal short-term collapses in herding practice, like the one that preceded the Dutch trekboer invasion. Resident foragers first made fiber-tempered pottery here a full millennium before the advent of herding.",,"Sampson, C. G. (2010.0). Chronology and dynamics of Later Stone Age herders in the upper Seacow River valley, South Africa. nan. https://doi.org/10.1016/j.jaridenv.2008.11.001","[
  {
    ""resourceId"": ""a61a7292-9747-40a1-855c-44fb7c8b1f6c"",
    ""resourceXresourceId"": """",
    ""ontologyProperty"": """",
    ""inverseOntologyProperty"": """"
  }
]",,2025-07-18,,,2025-07-18
a107944f-d482-460e-8e0b-d16a5f374de5,INFO-00000109,ALBCGKSR,Journal article,Bambata pottery and western bantu: re-interpreting the early iron age in southern africa,"Huffman, Thomas N.",KwaZulu-Natal Museum,2021,Southern African Humanities,1,10.10520/ejc-nmsa_sah-v34-n1-a1,,,001-17,34,https://journals.co.za/doi/abs/10.10520/ejc-nmsa_sah-v34-n1-a1,,"New evidence indicates that Bambata pottery is part of the Kay Ladio Group centred in the Democratic Republic of Congo, rather than a facies of the KALUNDU TRADITION . This means that Western Bantu speakers produced the style. Other cornerstones of previous interpretations remain the same: Bambata derives from Benfica and it was spread to the southeast along hunter-gatherer trade networks. The distribution of Bambata also roughly marks the spread of Western Bantu-speaking people. In the Mount Buhwa area of Zimbabwe, Benfica people interacted with Eastern Bantu who produced Silver Leaves (Kwale), Ziwa/Gokomere (Nkope)and Happy Rest (KALUNDU) pottery: thus, this was the confluence of four moving frontiers. These frontiers demonstrate the complexity of interaction, which in turn has linguistic ramifications.",,"Huffman, Thomas N. (2021.0). Bambata pottery and Western Bantu: re-interpreting the Early Iron Age in southern Africa. KwaZulu-Natal Museum. https://doi.org/10.10520/ejc-nmsa_sah-v34-n1-a1","[
  {
    ""resourceId"": ""a61a7292-9747-40a1-855c-44fb7c8b1f6c"",
    ""resourceXresourceId"": """",
    ""ontologyProperty"": """",
    ""inverseOntologyProperty"": """"
  }
]",,2025-07-18,,,2025-07-18
a94ff53c-9bf8-47b4-a3df-35c2177d310d,INFO-00000110,FDJISWY4,Book,Concise oxford dictionary of archaeology,"Darvill, Timothy",OUP Oxford,2008,,,,978-0-19-157904-2,,,,,English,"The most wide-ranging, comprehensive, and up-to-date dictionary of archaeology available. Over 4,000 entries cover the terms encountered in academic and popular archaeological literature, in lectures, and on television. Topics covered include artefacts, techniques, terminology, people, sites, and periods, and specialist areas such as industrial and maritime archaeology. The second edition is fully revised and updated, now including 150 new entries on archaeological sites, terms, movements, and people, plus extended coverage of archaeological resource management and archaeological theory. The dictionary's primary focus is on Europe, the Old World, and the Americas, as these are the regions where archaeology has become an established academic and vocational subject, but it includes key archaeological sites around the world. A quick-reference section covers chronological periods around the world, Egyptian rulers and dynasties, Roman rulers and dynasties, rulers of England to AD 1066, and principal international conventions and recommendations. New to this edition, recommended web links for over 100 entries are updated on the Dictionary of Archaeology companion website.",,"Darvill, Timothy (2008.0). Concise Oxford Dictionary of Archaeology. OUP Oxford.","[
  {
    ""resourceId"": ""a61a7292-9747-40a1-855c-44fb7c8b1f6c"",
    ""resourceXresourceId"": """",
    ""ontologyProperty"": """",
    ""inverseOntologyProperty"": """"
  }
]",,2025-07-18,,,2025-07-18
85dd2d5a-f9d1-4123-be9b-727cfbb04baf,INFO-00000111,79ALH8IY,Journal article,Ceramics and the early swahili: deconstructing the early tana tradition,"Fleisher, Jeffrey; Wynne-Jones, Stephanie",,2011,African Archaeological Review,4,10.1007/s10437-011-9104-6,,"0263-0338, 1572-9842",245-278,28,http://link.springer.com/10.1007/s10437-011-9104-6,English,,http://www.springer.com/tdm,"Fleisher, Jeffrey; Wynne-Jones, Stephanie (2011.0). Ceramics and the Early Swahili: Deconstructing the Early Tana Tradition. nan. https://doi.org/10.1007/s10437-011-9104-6","[
  {
    ""resourceId"": ""a61a7292-9747-40a1-855c-44fb7c8b1f6c"",
    ""resourceXresourceId"": """",
    ""ontologyProperty"": """",
    ""inverseOntologyProperty"": """"
  }
]",,2025-07-18,,,2025-07-18
27b6f43b-be8e-4ec2-bb50-88239a7a8e95,INFO-00000112,77TBM9B9,Journal article,"Characterizing archaeological assemblages from eastern lake natron, tanzania: results of fieldwork conducted in the area","Masao, Fidelis T.",,2015,African Archaeological Review,1,10.1007/s10437-014-9170-7,,"0263-0338, 1572-9842",137-162,32,http://link.springer.com/10.1007/s10437-014-9170-7,English,,,"Masao, Fidelis T. (2015.0). Characterizing Archaeological Assemblages from Eastern Lake Natron, Tanzania: Results of Fieldwork Conducted in the Area. nan. https://doi.org/10.1007/s10437-014-9170-7","[
  {
    ""resourceId"": ""a61a7292-9747-40a1-855c-44fb7c8b1f6c"",
    ""resourceXresourceId"": """",
    ""ontologyProperty"": """",
    ""inverseOntologyProperty"": """"
  }
]",,2025-07-18,,,2025-07-18
edf74eb0-7487-4eed-a4d5-d8cc7a93ed1d,INFO-00000113,GKPL5RT4,Conference paper,Ceramic petrography and actualism : a contribution from senegal,"Cantin, Nadia; Mayor, Anne",,2018,Annual meeting of the ceramic petrology group (CPG),,,,,,,https://hal.science/hal-01982354,,,,"Cantin, Nadia; Mayor, Anne (2018.0). Ceramic petrography and actualism : a contribution from Senegal. nan. https://hal.science/hal-01982354","[
  {
    ""resourceId"": ""a61a7292-9747-40a1-855c-44fb7c8b1f6c"",
    ""resourceXresourceId"": """",
    ""ontologyProperty"": """",
    ""inverseOntologyProperty"": """"
  }
]",,2025-07-18,,,2025-07-18
3c26186b-0d91-4ad6-85d3-9bd254fe7fc8,INFO-00000114,EHLHQNW2,Book section,Dépôts funéraires et pratiques commémoratives,"Delvoye, Adrien; Bocoum, Hamady; Laporte, Luc; Armbruster, Barbara; Robion-Brunner, Caroline",Tautem,2020,Paysages mégalithiques du Sénégal et de la Gambie,,,,,131-149,,https://univ-tlse2.hal.science/hal-02425720,,,,"Delvoye, Adrien; Bocoum, Hamady; Laporte, Luc; Armbruster, Barbara; Robion-Brunner, Caroline (2020.0). Dépôts funéraires et pratiques commémoratives. Tautem. https://univ-tlse2.hal.science/hal-02425720","[
  {
    ""resourceId"": ""a61a7292-9747-40a1-855c-44fb7c8b1f6c"",
    ""resourceXresourceId"": """",
    ""ontologyProperty"": """",
    ""inverseOntologyProperty"": """"
  }
]",,2025-07-18,,,2025-07-18
ef1f0373-7561-49f2-86ec-08762d4d8850,INFO-00000115,RM2BYKMF,Journal article,Deux millénaires ou deux siècles de constructions mégalithiques au sénégal et en gambie ? nouvelles dates pour wanar et révision des contextes archéologiques,"Laporte, Luc; Lefèvre, Jean-Claude; Ndiaye, Matar; Oberlin, Christine; Delvoye, Adrien; Stern, Mathilde; Faye, Abdoul Kader; Ballouche, Aziz; Cros, Jean-Paul; Djouad, Selim; Quesnel, Laurent",,2022,Afrique : Archeologie et Arts,18,10.4000/aaa.3804,,"1634-3123, 2431-2045",53-88,,http://journals.openedition.org/aaa/3804,,,,"Laporte, Luc; Lefèvre, Jean-Claude; Ndiaye, Matar; Oberlin, Christine; Delvoye, Adrien; Stern, Mathilde; Faye, Abdoul Kader; Ballouche, Aziz; Cros, Jean-Paul; Djouad, Selim; Quesnel, Laurent (2022.0). Deux millénaires ou deux siècles de constructions mégalithiques au Sénégal et en Gambie ? Nouvelles dates pour Wanar et révision des contextes archéologiques. nan. https://doi.org/10.4000/aaa.3804","[
  {
    ""resourceId"": ""a61a7292-9747-40a1-855c-44fb7c8b1f6c"",
    ""resourceXresourceId"": """",
    ""ontologyProperty"": """",
    ""inverseOntologyProperty"": """"
  }
]",,2025-07-18,,,2025-07-18
6f8270a2-72d2-4539-9392-281d26f30d58,INFO-00000116,HZCN58Q3,Book,"Contribution a l'etude des amas coquilliers du gandoul (delta du saloum, senegal)","DIOUF, MICHEL WALY",EDITIONS UNIVERSITAIRES E,2021,,,,978-620-3-41458-5,,,,,French,,,"DIOUF, MICHEL WALY (2021.0). Contribution A L'Etude Des Amas Coquilliers Du Gandoul (Delta Du Saloum, Senegal). EDITIONS UNIVERSITAIRES E.","[
  {
    ""resourceId"": ""a61a7292-9747-40a1-855c-44fb7c8b1f6c"",
    ""resourceXresourceId"": """",
    ""ontologyProperty"": """",
    ""inverseOntologyProperty"": """"
  }
]",,2025-07-18,,,2025-07-18
43a2eb91-307b-4294-b0f5-f384fc1ceba3,INFO-00000117,M7K5D758,Journal article,Chavane (bruno) : villages de l'ancien tekrour. recherches archéologiques dans la moyenne vallée du fleuve sénégal,"Descamps, Cyr",,1990,Outre-Mers. Revue d'histoire,286,,,,125-126,77,https://www.persee.fr/doc/outre_0300-9513_1990_num_77_286_2773_t1_0125_0000_2,French,,free,"Descamps, Cyr (1990.0). Chavane (Bruno) : Villages de l'ancien Tekrour. Recherches archéologiques dans la moyenne vallée du fleuve Sénégal. nan. https://www.persee.fr/doc/outre_0300-9513_1990_num_77_286_2773_t1_0125_0000_2","[
  {
    ""resourceId"": ""a61a7292-9747-40a1-855c-44fb7c8b1f6c"",
    ""resourceXresourceId"": """",
    ""ontologyProperty"": """",
    ""inverseOntologyProperty"": """"
  }
]",,2025-07-18,,,2025-07-18
d55b7897-1ca6-48ae-ac47-b74c17946549,INFO-00000118,EN5N2L8Q,Journal article,Continuity of the middle stone age into the holocene,"Scerri, Eleanor M. L.; Niang, Khady; Candy, Ian; Blinkhorn, James; Mills, William; Cerasoni, Jacopo N.; Bateman, Mark D.; Crowther, Alison; Groucutt, Huw S.",,2021,Scientific Reports,1,10.1038/s41598-020-79418-4,,2045-2322,70,11,https://www.nature.com/articles/s41598-020-79418-4,English,"Abstract             The African Middle Stone Age (MSA, typically considered to span ca. 300–30 thousand years ago [ka]), represents our species’ first and longest lasting cultural phase. Although the MSA to Later Stone Age (LSA) transition is known to have had a degree of spatial and temporal variability, recent studies have implied that in some regions, the MSA persisted well beyond 30 ka. Here we report two new sites in Senegal that date the end of the MSA to around 11 ka, the youngest yet documented MSA in Africa. This shows that this cultural phase persisted into the Holocene. These results highlight significant spatial and temporal cultural variability in the African Late Pleistocene, consistent with genomic and palaeoanthropological hypotheses that significant, long-standing inter-group cultural differences shaped the later stages of human evolution in Africa.",,"Scerri, Eleanor M. L.; Niang, Khady; Candy, Ian; Blinkhorn, James; Mills, William; Cerasoni, Jacopo N.; Bateman, Mark D.; Crowther, Alison; Groucutt, Huw S. (2021.0). Continuity of the Middle Stone Age into the Holocene. nan. https://doi.org/10.1038/s41598-020-79418-4","[
  {
    ""resourceId"": ""a61a7292-9747-40a1-855c-44fb7c8b1f6c"",
    ""resourceXresourceId"": """",
    ""ontologyProperty"": """",
    ""inverseOntologyProperty"": """"
  }
]",,2025-07-18,,,2025-07-18
940b9585-c305-47f8-86e0-03ebc1168ef1,INFO-00000119,3EF5T3J6,Book section,"Dynamiques techniques de l'acheuléen à la période des grands empires dans la vallée de la falémé, sénégal : résultats de la 24ème année du programme « peuplement humain et paléoenvironnement en afrique »","Mayor, Anne; Douze, Katja; Pruvost, Charlotte; Bocoum, Hamady; Cervera, Céline; Champion, Louis; Chiquet, Patricia Anne; Hajdas, Irka; Kehl, Victoria Irène Odette; Lamotte, Pierre; Lespez, Laurent; Ndiaye, Matar; Rasse, Michel; Serneels, Vincent; Tribolo, Chantal; Huysecom, Eric",SLSA,2022,SLSA Jahresbericht - Rapport annuel 2021,,,978-3-9524771-5-1,,77,,http://archive-ouverte.unige.ch:/unige:164484,French,"La mission archéologique menée en 2021 dans le cadre du projet « Peuplement humain et paléoenvironnement en Afrique – Projet Falémé » a eu lieu entre le 7 décembre 2020 et le 10 avril 2021 au Sénégal oriental, dans la vallée de la Falémé, après une phase de préparation administrative et logistique à Bamako au Mali. Elle s'est terminée à Dakar par des études de matériel archéologique issu des fouilles. Cette mission a eu lieu dans le cadre du projet financé par le FNS (requête n° 100013_185384) et soutenu par la SLSA. Les travaux de terrain ont permis de poursuivre les recherches sur des objectifs scientifiques qui concernent des périodes clefs de l'occupation humaine de la vallée, tels que : 1) les plus anciennes occupations paléolithiques de la Falémé à l'Acheuléen ; 2) les changements techno-culturels lors du Dernier Maximum Glaciaire, à l'OIS 2, et le développement du Later Stone Age (LSA) puis des sociétés productrices du Néolithique ; 3) la variabilité technologique et culturelle de la métallurgie du fer entre le 1er millénaire avant notre ère et le 1er millénaire de notre ère ; et 4) le rôle de la Falémé pendant la période des grands empires médiévaux avec le site de Djoutoubaya, daté entre 800 et 1400 CE, en particulier en lien avec la production de l'or. Ces axes de recherche sont fondamentaux pour une meilleure connaissance du passé ouest-africain, mais ils ont également des répercussions importantes sur la compréhension des dynamiques techniques, culturelles, démographiques et environnementales à l'échelle du continent africain.",,"Mayor, Anne; Douze, Katja; Pruvost, Charlotte; Bocoum, Hamady; Cervera, Céline; Champion, Louis; Chiquet, Patricia Anne; Hajdas, Irka; Kehl, Victoria Irène Odette; Lamotte, Pierre; Lespez, Laurent; Ndiaye, Matar; Rasse, Michel; Serneels, Vincent; Tribolo, Chantal; Huysecom, Eric (2022.0). Dynamiques techniques de l'Acheuléen à la période des Grands Empires dans la vallée de la Falémé, Sénégal : résultats de la 24ème année du programme « Peuplement humain et paléoenvironnement en Afrique ». SLSA. http://archive-ouverte.unige.ch:/unige:164484","[
  {
    ""resourceId"": ""a61a7292-9747-40a1-855c-44fb7c8b1f6c"",
    ""resourceXresourceId"": """",
    ""ontologyProperty"": """",
    ""inverseOntologyProperty"": """"
  }
]",,2025-07-18,,,2025-07-18
ae27a341-c2f2-4e66-bbcc-2c774ab17cbf,INFO-00000120,23LL7RZ5,Journal article,Compositional and provenance study of glass beads from archaeological sites in mali and senegal at the time of the first sahelian states,"Truffa Giachet, Miriam; Gratuze, Bernard; Mayor, Anne; Huysecom, Eric",,2020,PLOS ONE,12,10.1371/journal.pone.0242027,,1932-6203,001-26,15,https://dx.plos.org/10.1371/journal.pone.0242027,English,"The presence of glass beads in West African archaeological sites provides important evi- dence of long-distance trade between this part of the continent and the rest of the world. Until recently, most of these items came from historical Sub-Saharan urban centers, well known for their role in the medieval trans-Saharan trade. We present here the chemical analysis by Laser Ablation-Inductively Coupled Plasma-Mass Spectrometry (LA-ICP-MS) of 16 glass beads found in three rural sites excavated during the past decade: the funerary site of Dourou-Boro and settlement sites of Sadia, in central Mali, as well as the settlement site of Djoutoubaya, in eastern Senegal, in contexts dated between the 7th-9th and the 11th-13th centuries CE. Results show that the raw materials used to manufacture the majority of the glass most probably originated in Egypt, the Levantine coast and the Middle East. One bead is of uncertain provenance and shows similarities with glass found in the Iberian Peninsula and in South Africa. One bead fragment found inside a tomb is a modern production, proba- bly linked to recent plundering. All of these ancient beads were exchanged along the trans- Saharan trade routes active during the rise of the first Sahelian states, such as the Ghana and the Gao kingdoms, and show strong similarities with the other West African bead assemblages that have been analysed. Despite the remoteness of their location in the Dogon Country and in the Fale ́ me ́ River valley, the beads studied were therefore included in the long-distance trade network, via contacts with the urban commercial centers located at the edge of the Sahara along the Niger River and in current southern Mauretania. These results bring a new light on the relationships between international and regional trade in Africa and highlight the complementarity between centres of political and economic power and their peripheries, important because of resources like gold for eastern Senegal.",,"Truffa Giachet, Miriam; Gratuze, Bernard; Mayor, Anne; Huysecom, Eric (2020.0). Compositional and provenance study of glass beads from archaeological sites in Mali and Senegal at the time of the first Sahelian states. nan. https://doi.org/10.1371/journal.pone.0242027","[
  {
    ""resourceId"": ""a61a7292-9747-40a1-855c-44fb7c8b1f6c"",
    ""resourceXresourceId"": """",
    ""ontologyProperty"": """",
    ""inverseOntologyProperty"": """"
  }
]",,2025-07-18,,,2025-07-18
051bd2cc-45bf-40e5-9461-b962f4e2fba1,INFO-00000121,AYSE4G92,Journal article,"Diversification, intensification and specialization: changing land use in western africa from 1800 bc to ad 1500","Kay, Andrea U.; Fuller, Dorian Q.; Neumann, Katharina; Eichhorn, Barbara; Höhn, Alexa; Morin-Rivat, Julie; Champion, Louis; Linseele, Veerle; Huysecom, Eric; Ozainne, Sylvain; Lespez, Laurent; Biagetti, Stefano; Madella, Marco; Salzmann, Ulrich; Kaplan, Jed O.",,2019,Journal of World Prehistory,2,,,0892-7537,179-228,32,https://www.jstor.org/stable/45217622,,"Many societal and environmental changes occurred between the 2nd millennium BC and the middle of the 2nd millennium AD in Western Africa. Key amongst these were changes in land use due to the spread and development of agricultural strategies, which may have had widespread consequences for the climate, hydrology, biodiversity, and ecosystem services of the region. Quantification of these land-use influences and potential feedbacks between human and natural systems is controversial, however, in part because the archaeological and historical record is highly fragmented in time and space. To improve our understanding of how humans contributed to the development of African landscapes, we developed an atlas of landuse practices in western Africa for nine time-windows over the period 1800 BC-AD 1500. The Maps are based on a broad synThesis of archaeological, archaeobotanical, archaeozoological, historical, linguistic, genetic, and ethnographic data, and present land use in 12 basic categories. The main differences between categories is the relative reliance on, and variety of, domesticated plant and animal species utilized, and the energy invested in cultivating or keeping them. The Maps highlight the irregular and frequently non-linear trajectory of land-use change in the prehistory of western Africa. Representing an original attempt to produce rigorous spatial synThesis from diverse sources, the atlas will be useful for a range of studies of human-environment interactions in the past, and highlight major spatial and temporal gaps in data that may guide future field studies.",,"Kay, Andrea U.; Fuller, Dorian Q.; Neumann, Katharina; Eichhorn, Barbara; Höhn, Alexa; Morin-Rivat, Julie; Champion, Louis; Linseele, Veerle; Huysecom, Eric; Ozainne, Sylvain; Lespez, Laurent; Biagetti, Stefano; Madella, Marco; Salzmann, Ulrich; Kaplan, Jed O. (2019.0). Diversification, Intensification and Specialization: Changing Land Use in Western Africa from 1800 BC to AD 1500. nan. https://www.jstor.org/stable/45217622","[
  {
    ""resourceId"": ""a61a7292-9747-40a1-855c-44fb7c8b1f6c"",
    ""resourceXresourceId"": """",
    ""ontologyProperty"": """",
    ""inverseOntologyProperty"": """"
  }
]",,2025-07-18,,,2025-07-18
6ecf647f-e77f-4697-9101-8678344c4828,INFO-00000122,V8CL5HZ6,Journal article,"Challenges to the retention of the integrity of world heritage sites in africa: the case of kilwa kisiwani and songo mnara, tanzania","Ichumbaki, Elgidius B.; Mapunda, Bertram B.",,2017,Azania: Archaeological Research in Africa,4,10.1080/0067270X.2017.1396665,,"0067-270X, 1945-5534",518-539,52,https://www.tandfonline.com/doi/full/10.1080/0067270X.2017.1396665,English,,,"Ichumbaki, Elgidius B.; Mapunda, Bertram B. (2017.0). Challenges to the retention of the integrity of World Heritage Sites in Africa: the case of Kilwa Kisiwani and Songo Mnara, Tanzania. nan. https://doi.org/10.1080/0067270X.2017.1396665","[
  {
    ""resourceId"": ""a61a7292-9747-40a1-855c-44fb7c8b1f6c"",
    ""resourceXresourceId"": """",
    ""ontologyProperty"": """",
    ""inverseOntologyProperty"": """"
  }
]",,2025-07-18,,,2025-07-18
ef218bba-900d-4e0a-a26f-1e4069870f04,INFO-00000123,LSXD29TQ,Journal article,Digo settlements in tanzania and the kaya question,"Clarke, G. Philip",,1999,Azania: Archaeological Research in Africa,1,10.1080/00672709909511474,,"0067-270X, 1945-5534",109-113,34,http://www.tandfonline.com/doi/abs/10.1080/00672709909511474,English,,,"Clarke, G. Philip (1999.0). Digo settlements in Tanzania and the kaya question. nan. https://doi.org/10.1080/00672709909511474","[
  {
    ""resourceId"": ""a61a7292-9747-40a1-855c-44fb7c8b1f6c"",
    ""resourceXresourceId"": """",
    ""ontologyProperty"": """",
    ""inverseOntologyProperty"": """"
  }
]",,2025-07-18,,,2025-07-18
2a10e707-7bcb-4acb-9be4-c97efafbd619,INFO-00000124,FV5B26K4,Journal article,"Catastrophes and deaths along tanzania’s western indian ocean coast during the early swahili period, ad 900–1100","Mjema, Elinaza",,2018,Azania: Archaeological Research in Africa,2,10.1080/0067270X.2018.1473208,,"0067-270X, 1945-5534",135-155,53,https://www.tandfonline.com/doi/full/10.1080/0067270X.2018.1473208,English,,,"Mjema, Elinaza (2018.0). Catastrophes and deaths along Tanzania’s Western Indian Ocean coast during the Early Swahili period, AD 900–1100. nan. https://doi.org/10.1080/0067270X.2018.1473208","[
  {
    ""resourceId"": ""a61a7292-9747-40a1-855c-44fb7c8b1f6c"",
    ""resourceXresourceId"": """",
    ""ontologyProperty"": """",
    ""inverseOntologyProperty"": """"
  }
]",,2025-07-18,,,2025-07-18
55e8db65-b1a4-42b4-ac13-81f422d8ee4f,INFO-00000125,FBHEVQ5F,Journal article,"Cultural heritage assets: rituals, grinding hollows and other socio-cultural practices in simiyu region, tanzania","Saanane, Charles B.",,2016,Natural Resources,4,10.4236/nr.2016.74020,,"2158-706X, 2158-7086",214-238,7,http://www.scirp.org/journal/doi.aspx?DOI=10.4236/nr.2016.74020,,,http://creativecommons.org/licenses/by/4.0/,"Saanane, Charles B. (2016.0). Cultural Heritage Assets: Rituals, Grinding Hollows and Other Socio-Cultural Practices in Simiyu Region, Tanzania. nan. https://doi.org/10.4236/nr.2016.74020","[
  {
    ""resourceId"": ""a61a7292-9747-40a1-855c-44fb7c8b1f6c"",
    ""resourceXresourceId"": """",
    ""ontologyProperty"": """",
    ""inverseOntologyProperty"": """"
  }
]",,2025-07-18,,,2025-07-18
c9f8eaba-7b1b-4e75-8c6d-8c6fd44e9931,INFO-00000126,F8NMWZJ9,Thesis,Characterizing hunter-gatherer rock art: an analysis of spatial variation of motifs in the prehistoric rock art of zimbabwe,"Nhamo, Ancila",UNIVERSITY OF ZIMBABWE,2012,,,,,,,,,English,"This study investigated spatial variations of motif representation in Zimbabwean rock art. The major aim of the study was to examine the significance of this variation in the understanding of the lifestyles of its painters. It is the premise of this research that rock art motif variation over space, just like other cultural variables, reflects on the differences in the social, environmental, economic, political, and religious organisation of a society. Therefore, attending to the differences in motif representation contributes towards a holistic understanding of the meaning of the art and the social context of its production. Previous researchers have alluded to broad regional differences in southern African rock art, dividing it into three, four, or five regions depending on particular approaches used to read this variation. Others have pointed out further variation even within these broad regions. However, this variation has not received further attention beyond mere mention. Instead, more emphasis was given to the unity of the character of the rock art of southern Africa. Today broad similarities are generally agreed upon. What remains critical is the exploration of motif variation which influences the interpretation of the art and the conceptualisation of its makers, the Later Stone Age hunter-gatherers in Zimbabwe and other parts of southern Africa. Rock art variation comes in various forms. This research concentrated mainly on subject matter, colour and technique of execution. These were expected to reflect the main argument of the research which is that variation of the motifs across space is a result of differences in beliefs and social circumstances surrounding the production of the art in the different geographic areas studied. The research examined the character and frequency of each of these in three different geographic locations in Zimbabwe that are Northern Nyanga, Harare and Chivi. The nature of the rock art from these case studies was compared to what is already known from other parts of Zimbabwe. The research found that motifs do vary across space. The nature of variation points to differences in beliefs, social relations and to some extent the environment. Consequently, the research argues that variation found in the rock art of Zimbabwe can be used together with other archaeological evidence to reconstruct the nature of these aspects of the Later Stone Age societies.",,"Nhamo, Ancila (2012.0). Characterizing hunter-gatherer rock art: An analysis of spatial variation of motifs in the prehistoric rock art of Zimbabwe. UNIVERSITY OF ZIMBABWE.","[
  {
    ""resourceId"": ""a61a7292-9747-40a1-855c-44fb7c8b1f6c"",
    ""resourceXresourceId"": """",
    ""ontologyProperty"": """",
    ""inverseOntologyProperty"": """"
  }
]",,2025-07-18,,,2025-07-18
1bfd4372-995a-4eab-8077-8c05e6ee5f94,INFO-00000127,HBVNYVBD,Journal article,Cotton in ancient sudan and nubia: archaeological sources and historical implications,"Yvanez, Elsa; Wozniak, Magdalena M.",,2019,Revue d’ethnoécologie,15,10.4000/ethnoecologie.4429,,2267-2419,,,http://journals.openedition.org/ethnoecologie/4429,,,,"Yvanez, Elsa; Wozniak, Magdalena M. (2019.0). Cotton in ancient Sudan and Nubia: Archaeological sources and historical implications. nan. https://doi.org/10.4000/ethnoecologie.4429","[
  {
    ""resourceId"": ""a61a7292-9747-40a1-855c-44fb7c8b1f6c"",
    ""resourceXresourceId"": """",
    ""ontologyProperty"": """",
    ""inverseOntologyProperty"": """"
  }
]",,2025-07-18,,,2025-07-18
10cd531b-99cb-4ffa-a954-1e172de7794b,INFO-00000128,QIST87VL,Book,Continuity and change: an archaeological study of farming communities in northern zimbabwe ad 500-1700,"Pwiti, Gilbert","Dept. of Archaeology [Institutionen för arkeologi], Univ",1996,,,,978-91-506-1159-5,,,,,,"This Thesis addresses two main questions about the iron-using farming communities in northern Zimbabwe: when did they become established and how did they develop in space and time? New data is provided showing that fanning was practised in northern Zimbabwe by the 5th century AD, earlier than previously thought. During the first millennium AD, no stratified farming communities cultivated crops, reared livestock and hunted and gathered. Small stock and cattle were few in number and hunting was important for subsistence. Early in the 2nd millennium AD complex forms of socio-cultural organisation developed in northern Zimbabwe as in most of southern Africa. The changes in social and political organisation, are accompanied by changes in settlement and crafts eg ceramic style and greater participation in external long distance trade. Rather than migration or diffusion, the changes depended upon the relationship between economy and ideology and specifically a shift from an ideology which emphasised equality to one which encouraged accumulation of wealth. The development of chiefdoms is associated with populations of the Musengezi Tradition who <luring the 14th century became subjects of the Mutapa state. This was a secondary state, resulting from the northwards expansion of the Great Zimbabwe Tradition. The relationship between landscape and culture specifically between archaeological sites, soils and vegetation is examined through field survey, Site Territorial Analysis (STA) and Geographical Information Systems (GIS). Using archaeofaunas and other data, it is argued that climatic and environmental change in the research area from the period under investigation to the present was localised and minimal and it is therefore legitimate to infer the spatial behaviour of the prehistoric populations using observations of the current landscape.",,"Pwiti, Gilbert (1996.0). Continuity and change: an archaeological study of farming communities in northern Zimbabwe AD 500-1700. Dept. of Archaeology [Institutionen för arkeologi], Univ.","[
  {
    ""resourceId"": ""a61a7292-9747-40a1-855c-44fb7c8b1f6c"",
    ""resourceXresourceId"": """",
    ""ontologyProperty"": """",
    ""inverseOntologyProperty"": """"
  }
]",,2025-07-18,,,2025-07-18
8898390b-b065-40e3-ba64-8f92a9da14cd,INFO-00000129,4QZ55MJC,Journal article,"Developments in rural life on the eastern african coast, a.d. 700–1500","LaViolette, Adria; Fleisher, Jeffrey B.",Routledge,2018,Journal of Field Archaeology,5,10.1080/00934690.2018.1489661,,0093-4690,380-398,43,https://doi.org/10.1080/00934690.2018.1489661,,"The eastern African coast is known for its Swahili “stonetowns.” Archaeological study of stonetowns has overshadowed that of Swahili rural life, and how it reformulated in the context of urban transformations after a.d. 1000. To help redress that imbalance, we focus here on village research carried out in a Swahili heartland—Pemba Island, Tanzania—in the context of two archaeological projects. We feature four settlements: later 1st millennium Kimimba village and its large, trading village neighbor, Tumbe; and 2nd millennium Kaliwa village, neighbor to Chwaka stonetown. Their archaeology, contextualized within a regional landscape, allows us to say new things about the changing nature of rural life on Pemba, and to make a case for the potential of village complexity elsewhere on the Swahili coast.",,"LaViolette, Adria; Fleisher, Jeffrey B. (2018.0). Developments in Rural Life on the Eastern African Coast, a.d. 700–1500. Routledge. https://doi.org/10.1080/00934690.2018.1489661","[
  {
    ""resourceId"": ""a61a7292-9747-40a1-855c-44fb7c8b1f6c"",
    ""resourceXresourceId"": """",
    ""ontologyProperty"": """",
    ""inverseOntologyProperty"": """"
  }
]",,2025-07-18,,,2025-07-18
f61fee17-9977-4164-b51c-a1c290927115,INFO-00000130,DGXG4BP5,Journal article,"Continental island formation and the archaeology of defaunation on zanzibar, eastern africa","Prendergast, Mary E.; Rouby, Hélène; Punnwong, Paramita; Marchant, Robert; Crowther, Alison; Kourampas, Nikos; Shipton, Ceri; Walsh, Martin; Lambeck, Kurt; Boivin, Nicole L.",Public Library of Science,2016,PLOS ONE,2,10.1371/journal.pone.0149565,,1932-6203,e0149565,11,https://journals.plos.org/plosone/article?id=10.1371/journal.pone.0149565,English,"With rising sea levels at the end of the Pleistocene, land-bridge or continental islands were formed around the world. Many of these islands have been extensively studied from a biogeographical perspective, particularly in terms of impacts of island creation on terrestrial vertebrates. However, a majority of studies rely on contemporary faunal distributions rather than fossil data. Here, we present archaeological findings from the island of Zanzibar (also known as Unguja) off the eastern African coast, to provide a temporal perspective on island biogeography. The site of Kuumbi Cave, excavated by multiple teams since 2005, has revealed the longest cultural and faunal record for any eastern African island. This record extends to the Late Pleistocene, when Zanzibar was part of the mainland, and attests to the extirpation of large mainland mammals in the millennia after the island became separated. We draw on modeling and sedimentary data to examine the process by which Zanzibar was most recently separated from the mainland, providing the first systematic insights into the nature and chronology of this process. We subsequently investigate the cultural and faunal record from Kuumbi Cave, which provides at least five key temporal windows into human activities and faunal presence: two at the end of the Last Glacial Maximum (LGM), one during the period of post-LGM rapid sea level rise and island formation, and two in the late Holocene (Middle Iron Age and Late Iron Age). This record demonstrates the presence of large mammals during the period of island formation, and their severe reduction or disappearance in the Kuumbi Cave sequence by the late Holocene. While various limitations, including discontinuity in the sequence, problematize attempts to clearly attribute defaunation to anthropogenic or island biogeographic processes, Kuumbi Cave offers an unprecedented opportunity to examine post-Pleistocene island formation and its long-term consequences for human and animal communities.",,"Prendergast, Mary E.; Rouby, Hélène; Punnwong, Paramita; Marchant, Robert; Crowther, Alison; Kourampas, Nikos; Shipton, Ceri; Walsh, Martin; Lambeck, Kurt; Boivin, Nicole L. (2016.0). Continental Island Formation and the Archaeology of Defaunation on Zanzibar, Eastern Africa. Public Library of Science. https://doi.org/10.1371/journal.pone.0149565","[
  {
    ""resourceId"": ""a61a7292-9747-40a1-855c-44fb7c8b1f6c"",
    ""resourceXresourceId"": """",
    ""ontologyProperty"": """",
    ""inverseOntologyProperty"": """"
  }
]",,2025-07-18,,,2025-07-18
affb38ab-9380-407d-a75c-ca429ac62277,INFO-00000131,SETAHGV5,Journal article,"Challenges facing the conservation of historic buildings through local eyes: the swahili town of kilwa kivinje, tanzania","Lwoga, Noel Biseko; Mwitondi, Musa Said",Routledge,2018,Heritage & Society,3,10.1080/2159032X.2019.1703094,,2159-032X,249-275,11,https://doi.org/10.1080/2159032X.2019.1703094,,"This study explores the state of conservation of historic buildings and the challenges facing their conservation from the perspective of resident in Kilwa Kivinje in Tanzania. The findings based on observation of 34 buildings indicate that the majority are in a relatively poor state. Ethnographic inquiry with 22 residents indicates that this situation is due to not only a limited awareness of conservation issues and responsibilities, but also socio-psychological and relational challenges such as a limited sense of heritage ownership, the lack of interest and motivation to conserve, neglect by owners and occupants and lack of trust in the conservation authorities; and socio-economic challenges such as limited economic benefits and scarcity of resources. Residents also perceive that there is weak enforcement of antiquities legislation, limited assistance from the antiquities’ agencies and that they are not involved in the decision-making process. Unlike past research that engaged in the authoritative discourse to explain the challenges of conserving heritage, this study has engaged in the under-researched resident discourse. It thus broadens our understanding of the challenges and further enlightens experts on the significance of considering residents’ perspectives when designing and implementing conservation strategies. It also makes broad locally-based practical recommendations to cultural heritage management in Kilwa Kivinje and related sites in order to rectify the situation of poor state of conservation.",,"Lwoga, Noel Biseko; Mwitondi, Musa Said (2018.0). Challenges Facing the Conservation of Historic Buildings Through Local Eyes: The Swahili Town of Kilwa Kivinje, Tanzania. Routledge. https://doi.org/10.1080/2159032X.2019.1703094","[
  {
    ""resourceId"": ""a61a7292-9747-40a1-855c-44fb7c8b1f6c"",
    ""resourceXresourceId"": """",
    ""ontologyProperty"": """",
    ""inverseOntologyProperty"": """"
  }
]",,2025-07-18,,,2025-07-18
bb53c666-aa7a-4d02-aa15-0b2ac81db212,INFO-00000132,GNVDARSR,Journal article,"Complementarity of architecture in historical settings: case of bagamoyo old town, tanzania","Swai, Ombeni",,2025,"Journal of African History, Culture and Arts",1,10.57040/08x6wq22,,2790-1106,15-37,5,https://journals.jozacpublishers.com/index.php/jahca/article/view/936,English,"Bagamoyo, a historic town on the East African coast, has experienced multiple civilizations, including native, Persian, Arab, Indian, and European influences. Recent urban developments have sparked discussions on architectural complementarity within its historical setting. This study examines the concept of architectural complementarity in Bagamoyo's Old Town by analyzing historical architectural artifacts and their relationship with new developments. It aims to explore how various architectural styles—ranging from indigenous to contemporary—have shaped the town and how new buildings interact with the historical fabric. The study employs descriptive and graphical methods of analysis to assess architectural complementarity, drawing insights from existing architectural elements and urban development trends. The concept of architectural complementarity is ambiguous, with two prevailing schools of thought: Those advocating for the preservation of the historical urban fabric. Those supporting the integration of modern architectural elements into the historical setting. Complementarity is influenced by multiple factors, including culture, materials, design approaches, styles, building techniques, economic considerations, environmental factors, and societal needs. Understanding these elements is essential to harmonizing new developments with historical contexts. Architectural complementarity in historic settings is a complex and context-dependent concept, requiring a balance between tradition and modernity. A critical engagement with both historical and contemporary architectural discourses is necessary to ensure that urban development in places like Bagamoyo respects its historical heritage. To achieve sustainable and contextually appropriate architectural complementarity, a collaborative approach involving policymakers, architects, historians, and the local community is essential. This study underscores the importance of policy frameworks that guide development while preserving the architectural heritage for future generations.",Copyright (c) 2025 Ombeni  Swai,"Swai, Ombeni (2025.0). Complementarity of architecture in historical settings: Case of Bagamoyo Old Town, Tanzania. nan. https://doi.org/10.57040/08x6wq22","[
  {
    ""resourceId"": ""a61a7292-9747-40a1-855c-44fb7c8b1f6c"",
    ""resourceXresourceId"": """",
    ""ontologyProperty"": """",
    ""inverseOntologyProperty"": """"
  }
]",,2025-07-18,,,2025-07-18
df688d83-fc98-4b1e-8a6e-9285d3b9e638,INFO-00000133,6L28CHNR,Journal article,"Colonialism, heritage and conservation: zanzibari perceptions of the collapse of the house of wonders","Longair, Sarah; Said, Fatma; Wynne-Jones, Stephanie",,2023,Journal of Eastern African Studies,4,10.1080/17531055.2023.2295188,,"1753-1055, 1753-1063",594-614,17,https://www.tandfonline.com/doi/full/10.1080/17531055.2023.2295188,English,,,"Longair, Sarah; Said, Fatma; Wynne-Jones, Stephanie (2023.0). Colonialism, heritage and conservation: Zanzibari perceptions of the collapse of the House of Wonders. nan. https://doi.org/10.1080/17531055.2023.2295188","[
  {
    ""resourceId"": ""a61a7292-9747-40a1-855c-44fb7c8b1f6c"",
    ""resourceXresourceId"": """",
    ""ontologyProperty"": """",
    ""inverseOntologyProperty"": """"
  }
]",,2025-07-18,,,2025-07-18
86eaf7b9-135a-42c9-9d73-96ea8e87e20c,INFO-00000134,X2LFBTSR,Map,Bale mountains national park - Map of the inscribed property,Ethiopian Wildlife Conservation Authority (EWCA,,2023,,,,,,,,https://whc.unesco.org/en/list/111/documents/,,,,Ethiopian Wildlife Conservation Authority (EWCA (2023.0). Bale Mountains National Park - Map of the inscribed property. nan. https://whc.unesco.org/en/list/111/documents/,"[
  {
    ""resourceId"": ""a61a7292-9747-40a1-855c-44fb7c8b1f6c"",
    ""resourceXresourceId"": """",
    ""ontologyProperty"": """",
    ""inverseOntologyProperty"": """"
  }
]",,2025-07-18,,,2025-07-18
75364f4a-1ca5-4340-ab5a-e98c84e02550,INFO-00000135,KKFQPEH6,Document,Bale mountains national park,"Ethiopian Wildlife Conservation Authority, UNESCO World Heritage",,2017,,,,,,,,https://whc.unesco.org/en/list/111/,English,"This property protects a landscape mosaic of extraordinary beauty that is shaped by the combined forces of ancient lava outpourings, glaciation and the dissection by the Great Rift Valley. It features volcanic peaks  ...",,"Ethiopian Wildlife Conservation Authority, UNESCO World Heritage (2017.0). Bale Mountains National Park. nan. https://whc.unesco.org/en/list/111/","[
  {
    ""resourceId"": ""a61a7292-9747-40a1-855c-44fb7c8b1f6c"",
    ""resourceXresourceId"": """",
    ""ontologyProperty"": """",
    ""inverseOntologyProperty"": """"
  }
]",,2025-07-18,,,2025-07-18
cf07f3f9-c491-4a26-9110-5808ed53a92d,INFO-00000136,J7LFCN7J,Document,"Decision 31 com 8b.21 nomination of natural, mixed and cultural properties to the world heritage list - sacred mijikenda kaya forests",UNESCO,,2007,,,,,,,,https://whc.unesco.org/en/decisions/1319,English,,,"UNESCO (2007.0). Decision 31 COM 8B.21 Nomination of natural, mixed and cultural properties to the world heritage list - Sacred Mijikenda Kaya Forests. nan. https://whc.unesco.org/en/decisions/1319","[
  {
    ""resourceId"": ""a61a7292-9747-40a1-855c-44fb7c8b1f6c"",
    ""resourceXresourceId"": """",
    ""ontologyProperty"": """",
    ""inverseOntologyProperty"": """"
  }
]",,2025-07-18,,,2025-07-18
439fd6bd-7926-41ca-981a-c0324454e881,INFO-00000137,4MJUQU2Y,Document,"Decision 32 com 8b.50 examination of nominations and minor modifications to the boundaries of naturel, mixed and cultural properties to the world heritage list - sacred mijikenda kaya forests (kenya)",UNESCO,,2008,,,,,,,,https://whc.unesco.org/en/decisions/4265,English,,,"UNESCO (2008.0). Decision 32 COM 8B.50 Examination of nominations and minor modifications to the boundaries of naturel, mixed and cultural properties to the World Heritage List - Sacred Mijikenda Kaya Forests (KENYA). nan. https://whc.unesco.org/en/decisions/4265","[
  {
    ""resourceId"": ""a61a7292-9747-40a1-855c-44fb7c8b1f6c"",
    ""resourceXresourceId"": """",
    ""ontologyProperty"": """",
    ""inverseOntologyProperty"": """"
  }
]",,2025-07-18,,,2025-07-18
44e40376-3df4-4b04-9729-8347733431a3,INFO-00000138,L5MZYU2K,Report,"Conservation of monuments and sites, unesco, paris.","Hyland, A.D.C.",UNESCO,1995,,,,,,72,,https://unesdoc.unesco.org/in/documentViewer.xhtml?v=2.1.196&id=p::usmarcdef_0000102280&file=/in/rest/annotationSVC/DownloadWatermarkedAttachment/attach_import_43191efa-6689-4fd8-9b55-9894dceb57a5%3F_%3D102280eng.pdf&locale=fr&multi=true&ark=/ark:/48223/pf0000102280/PDF/102280eng.pdf#%5B%7B%22num%22%3A10%2C%22gen%22%3A0%7D%2C%7B%22name%22%3A%22XYZ%22%7D%2C-203%2C847%2C0%5D,,,,"Hyland, A.D.C. (1995.0). Conservation of Monuments and Sites, UNESCO, Paris.. UNESCO. https://unesdoc.unesco.org/in/documentViewer.xhtml?v=2.1.196&id=p::usmarcdef_0000102280&file=/in/rest/annotationSVC/DownloadWatermarkedAttachment/attach_import_43191efa-6689-4fd8-9b55-9894dceb57a5%3F_%3D102280eng.pdf&locale=fr&multi=true&ark=/ark:/48223/pf0000102280/PDF/102280eng.pdf#%5B%7B%22num%22%3A10%2C%22gen%22%3A0%7D%2C%7B%22name%22%3A%22XYZ%22%7D%2C-203%2C847%2C0%5D","[
  {
    ""resourceId"": ""a61a7292-9747-40a1-855c-44fb7c8b1f6c"",
    ""resourceXresourceId"": """",
    ""ontologyProperty"": """",
    ""inverseOntologyProperty"": """"
  }
]",,2025-07-18,,,2025-07-18
f36fbb2f-8b82-47c9-88b7-a9e583253cc9,INFO-00000139,TGPLZ9A5,Document,Bale mountains national park iucn evaluation of bale mountains national park – interim report and request for supplementary information,"IUCN, UNESCO World Heritage",,2023,,,,,,,,https://whc.unesco.org/en/list/111/,English,"This property protects a landscape mosaic of extraordinary beauty that is shaped by the combined forces of ancient lava outpourings, glaciation and the dissection by the Great Rift Valley. It features volcanic peaks  ...",,"IUCN, UNESCO World Heritage (2023.0). Bale Mountains National Park IUCN Evaluation of Bale Mountains National Park – Interim Report and request for supplementary  information. nan. https://whc.unesco.org/en/list/111/","[
  {
    ""resourceId"": ""a61a7292-9747-40a1-855c-44fb7c8b1f6c"",
    ""resourceXresourceId"": """",
    ""ontologyProperty"": """",
    ""inverseOntologyProperty"": """"
  }
]",,2025-07-18,,,2025-07-18
ab190a12-0da1-4ca1-aefa-c965f596e886,INFO-00000140,Z8XH6QC9,Webpage,Documented heritage sites by zamani,ZAMANI PROJECT,,2025,,,,,,,,https://zamaniproject.org/sites.html#slider1-k,,,,ZAMANI PROJECT (2025.0). Documented Heritage Sites by Zamani. nan. https://zamaniproject.org/sites.html#slider1-k,"[
  {
    ""resourceId"": ""a61a7292-9747-40a1-855c-44fb7c8b1f6c"",
    ""resourceXresourceId"": """",
    ""ontologyProperty"": """",
    ""inverseOntologyProperty"": """"
  }
]",,2025-07-18,,,2025-07-18
cff8e2ab-f82c-44f2-895b-962641bbd508,INFO-00000141,JLSNXFZL,Journal article,Contact and exchange during the era of the atlantic trade: preliminary findings from archaeological investigations in the gambia,"Gijanto, Liza",,2007,Nyame Akuma,,,,,,,https://www.academia.edu/114022336/Contact_and_Exchange_during_the_Era_of_the_Atlantic_Trade_Preliminary_findings_from_Archaeological_investigations_in_the_Gambia,,"Archaeological fieldwork was conducted in Niumi, The Gambia, over a 10-month period begin-ning in January 2006. The project was part of an ongoing project initiated in 2004 by Dr. Bill Roberts of St. Mary&#39;s City University. Archaeological survey",,"Gijanto, Liza (2007.0). Contact and Exchange during the Era of the Atlantic Trade: Preliminary findings from Archaeological investigations in the Gambia. nan. https://www.academia.edu/114022336/Contact_and_Exchange_during_the_Era_of_the_Atlantic_Trade_Preliminary_findings_from_Archaeological_investigations_in_the_Gambia","[
  {
    ""resourceId"": ""a61a7292-9747-40a1-855c-44fb7c8b1f6c"",
    ""resourceXresourceId"": """",
    ""ontologyProperty"": """",
    ""inverseOntologyProperty"": """"
  }
]",,2025-07-18,,,2025-07-18
87ff76b4-e0ed-4559-bb6b-564c871407db,INFO-00000142,RWK4FUEN,Journal article,"Ceramic production and dietary changes at juffure, gambia","Gijanto, Liza; Walshaw, Sarah",,2014,African Archaeological Review,2,10.1007/s10437-014-9150-y,,1572-9842,265-297,31,https://doi.org/10.1007/s10437-014-9150-y,English,"This paper explores the connection between ceramic production and dietary changes immediately before, during, and through the decline of the Atlantic trade at Juffure on the Gambia River. The height of the Atlantic trade in the eighteenth century was a period of increased ceramic production and technical experimentation. Simultaneously, there is increase in the diversity of consumption evident in the faunal and botanical remains recovered. This diversity, in both ceramic manufacture and diet, all but disappears with the decline of the Atlantic trade on the river. It is argued that the greater variety observed in ceramic manufacture during the height of the Atlantic trade is related to social practices of display associated with food. This is accomplished through a comparison of everyday and special events composed of displays of food and wealth across ethnic boundaries. These are indicative of different traditions of consumption and discard rather than signaling ethnic differentiation.",,"Gijanto, Liza; Walshaw, Sarah (2014.0). Ceramic Production and Dietary Changes at Juffure, Gambia. nan. https://doi.org/10.1007/s10437-014-9150-y","[
  {
    ""resourceId"": ""a61a7292-9747-40a1-855c-44fb7c8b1f6c"",
    ""resourceXresourceId"": """",
    ""ontologyProperty"": """",
    ""inverseOntologyProperty"": """"
  }
]",,2025-07-18,,,2025-07-18
f47ab9c4-e776-4b6b-ba39-29f4cd75467e,INFO-00000143,TE5P9FUT,Journal article,Beta samati: discovery and excavation of an aksumite town,"Harrower, Michael J.; Dumitru, Ioana A.; Perlingieri, Cinzia; Nathan, Smiti; Zerue, Kifle; Lamont, Jessica L.; Bausi, Alessandro; Swerida, Jennifer L.; Bongers, Jacob L.; Woldekiros, Helina S.; Poolman, Laurel A.; Pohl, Christie M.; Brandt, Steven A.; Peterson, Elizabeth A.",,2019,Antiquity,372,10.15184/aqy.2019.84,,"0003-598X, 1745-1744",1534-1552,93,https://www.cambridge.org/core/journals/antiquity/article/beta-samati-discovery-and-excavation-of-an-aksumite-town/643FA872A5B2F9B5E0E765D850C4A526,English,", The Empire of Aksum was one of Africa's most influential ancient civilisations. Traditionally, most archaeological fieldwork has focused on the capital city of Aksum, but recent research at the site of Beta Samati has investigated a contemporaneous trade and religious centre located between Aksum and the Red Sea. The authors outline the discovery of the site and present important finds from the initial excavations, including an early basilica, inscriptions and a gold intaglio ring. From daily life and ritual praxis to international trade, this work illuminates the role of Beta Samati as an administrative centre and its significance within the wider Aksumite world.",,"Harrower, Michael J.; Dumitru, Ioana A.; Perlingieri, Cinzia; Nathan, Smiti; Zerue, Kifle; Lamont, Jessica L.; Bausi, Alessandro; Swerida, Jennifer L.; Bongers, Jacob L.; Woldekiros, Helina S.; Poolman, Laurel A.; Pohl, Christie M.; Brandt, Steven A.; Peterson, Elizabeth A. (2019.0). Beta Samati: discovery and excavation of an Aksumite town. nan. https://doi.org/10.15184/aqy.2019.84","[
  {
    ""resourceId"": ""a61a7292-9747-40a1-855c-44fb7c8b1f6c"",
    ""resourceXresourceId"": """",
    ""ontologyProperty"": """",
    ""inverseOntologyProperty"": """"
  }
]",,2025-07-18,,,2025-07-18
264dedc9-3b09-4637-9219-443d143b2da8,INFO-00000144,F8WIEDQW,Document,Beta samati: discovery and excavation of an aksumite town | antiquity | cambridge core,"Michael J. Harrower; [Opens in a new window]; ,; Ioana A. Dumitru; ,; Cinzia Perlingieri; ,; Smiti Nathan; ,; Kifle Zerue; ,; Jessica L. Lamont; ,; Alessandro Bausi; ,; Jennifer L. Swerida; ,; Jacob L. Bongers; and; Helina S. Woldekiros",,2025,,,,,,,,https://www.cambridge.org/core/journals/antiquity/article/beta-samati-discovery-and-excavation-of-an-aksumite-town/643FA872A5B2F9B5E0E765D850C4A526,,,,"Michael J. Harrower; [Opens in a new window]; ,; Ioana A. Dumitru; ,; Cinzia Perlingieri; ,; Smiti Nathan; ,; Kifle Zerue; ,; Jessica L. Lamont; ,; Alessandro Bausi; ,; Jennifer L. Swerida; ,; Jacob L. Bongers; and; Helina S. Woldekiros (2025.0). Beta Samati: discovery and excavation of an Aksumite town | Antiquity | Cambridge Core. nan. https://www.cambridge.org/core/journals/antiquity/article/beta-samati-discovery-and-excavation-of-an-aksumite-town/643FA872A5B2F9B5E0E765D850C4A526","[
  {
    ""resourceId"": ""a61a7292-9747-40a1-855c-44fb7c8b1f6c"",
    ""resourceXresourceId"": """",
    ""ontologyProperty"": """",
    ""inverseOntologyProperty"": """"
  }
]",,2025-07-18,,,2025-07-18
6d4ad8e5-31c6-411e-8233-4f48c5f20190,INFO-00000145,IQRFYQWN,Report,Documentation of threatened heritage sites along the kenyan coast,TARA,Trust for African Rock Art,,,,,,,,,,,,,TARA (nan). Documentation of threatened heritage sites along the Kenyan Coast. Trust for African Rock Art.,"[
  {
    ""resourceId"": ""a61a7292-9747-40a1-855c-44fb7c8b1f6c"",
    ""resourceXresourceId"": """",
    ""ontologyProperty"": """",
    ""inverseOntologyProperty"": """"
  }
]",,2025-07-18,,,2025-07-18
0bd96bef-1c0a-4d3a-9014-effefdf9faa2,INFO-00000146,XIGBYWDF,Report,Conflicting histories: cultural environmental and archaeological perspectives on the recent past of the rabai-kilifi area of coastal kenya,"Helm, Richard",National Museums of Kenya,1998,,,,,,,,,,,,"Helm, Richard (1998.0). Conflicting histories: cultural environmental and archaeological perspectives on the recent past of the Rabai-Kilifi area of coastal Kenya. National Museums of Kenya.","[
  {
    ""resourceId"": ""a61a7292-9747-40a1-855c-44fb7c8b1f6c"",
    ""resourceXresourceId"": """",
    ""ontologyProperty"": """",
    ""inverseOntologyProperty"": """"
  }
]",,2025-07-18,,,2025-07-18
3edb661a-600e-4b1f-a6c2-078eac6e596d,INFO-00000147,RX4UK2GE,Report,Cliff of bandiagara- state of conservation report by the state party / rapport de l'etat partie sur l'état de conservation (2022),UNESCO,,2024,,,,,,,,https://whc.unesco.org/document/192037,,,,", UNESCO (2024.0). Cliff of Bandiagara- State of conservation report by the State Party / Rapport de l'Etat partie sur l'état de conservation (2022). nan. https://whc.unesco.org/document/192037","[
  {
    ""resourceId"": ""a61a7292-9747-40a1-855c-44fb7c8b1f6c"",
    ""resourceXresourceId"": """",
    ""ontologyProperty"": """",
    ""inverseOntologyProperty"": """"
  }
]",,2025-07-18,,,2025-07-18
b2e593e2-be65-4c11-98de-3eccef57c7c4,INFO-00000148,J2WPTPQQ,Report,Cliff of bandiagara- state of conservation report by the state party / rapport de l'etat partie sur l'état de conservation (2019),UNESCO,,2024,,,,,,,,https://whc.unesco.org/document/171617,,,,", UNESCO (2024.0). Cliff of Bandiagara- State of conservation report by the State Party / Rapport de l'Etat partie sur l'état de conservation (2019). nan. https://whc.unesco.org/document/171617","[
  {
    ""resourceId"": ""a61a7292-9747-40a1-855c-44fb7c8b1f6c"",
    ""resourceXresourceId"": """",
    ""ontologyProperty"": """",
    ""inverseOntologyProperty"": """"
  }
]",,2025-07-18,,,2025-07-18
e4dd4bbd-42bc-483f-b840-5bab039ac491,INFO-00000149,SEAAW4HL,Report,Cliff of bandiagara- state of conservation report by the state party / rapport de l'etat partie sur l'état de conservation (2024),UNESCO,,2024,,,,,,,,https://whc.unesco.org/document/218501,,,,", UNESCO (2024.0). Cliff of Bandiagara- State of conservation report by the State Party / Rapport de l'Etat partie sur l'état de conservation (2024). nan. https://whc.unesco.org/document/218501","[
  {
    ""resourceId"": ""a61a7292-9747-40a1-855c-44fb7c8b1f6c"",
    ""resourceXresourceId"": """",
    ""ontologyProperty"": """",
    ""inverseOntologyProperty"": """"
  }
]",,2025-07-18,,,2025-07-18
bd92367a-4634-40a5-a536-57a551ea0eb1,INFO-00000150,AMXJIHLQ,Book,Djenné d’hier à demain,"Brunet-Jally, Joseph",,2002,,,,,,,,,French,,,"Brunet-Jally, Joseph (2002.0). Djenné D’hier à Demain. nan.","[
  {
    ""resourceId"": ""a61a7292-9747-40a1-855c-44fb7c8b1f6c"",
    ""resourceXresourceId"": """",
    ""ontologyProperty"": """",
    ""inverseOntologyProperty"": """"
  }
]",,2025-07-18,,,2025-07-18
dbb02623-a3e2-42d2-8987-0bb4cbf61a3a,INFO-00000151,6DMUV56U,Journal article,Detection of changes in land use/ land cover using remote sensing and gis techniques in area east of the nile khartoum state-sudan,"Babiker, E.M.A; Ibrahim, M.M; Elhag, A.M.H; Nser, S.H; Elsheikh, M.A; Dafaalla, M.S; Ibrahim, I.S.",,2018,IRA-International Journal of Technology & Engineering (ISSN 2455-4480),2,10.21013/jte.v10.n2.p1,,2455-4480,12,10,https://research-advances.org/index.php/IRAJTE/article/view/1168,,"<p>The study area lies to the east of the Nile (Sharg Elneel), Khartoum State (latitudes 15<sup>o</sup> 25̎ 1̍ and 16° 19̎ 1̍ N and longitudes 33° 19̎ 8̍ and 33°02̎ 9̍ E). Using remote sensing techniques and geographic information system (GIS), the changes in land cover/land use have been estimated using two methods: supervised and unsupervised classification. the images were those of the years 1973, 2001, and 2015 MSS, ETM, ETM+, respectively(173/49 &amp; 173/48 path/ row). The study area was classified into the following nine LU/LC types: water bodies, vegetation, rocky area, sandy soil, sandy sheet, clayey soil, bare soil, sand dunes and settlement areas. The individual areas covered by each type of land use/ land cover were calculated for each image using supervised and unsupervised classification. Then the areas were compared among the different years (images). The results indicated a decrease in areas of sandy soil, water bodies, vegetation cover, sand dunes, clay soil, and bare soil for years 1973-2001 and 1973-2015.  That was associated with significant increase in settlement area, sand sheet for the same period. As for the period 2001 and 2015 was an increase in the areas of vegetation, sandy soil, dunes, clay soil, and settlement. While there was a decrease in water bodies, rocky area, sand sheet and bar soil. A striking result of his study was an increase of 50% in the settlement area for the period 1973 – 2015. This indicated that more drift of people towards the Capital took place during this period possibly due to drought and civil strife. Also people come to Khartoum to have better living conditions, education, health care and to work and may be they look at Khartoum as a spring board for going abroad. This study recommended the use of remote sensing techniques and geographic information system in the follow up of desertification and land degradation by following changes in land cover and land use. It also recommended that sand movement (sand encroachment) shall be retarded possibly through increasing vegetation cover through seed broadcasting of pasture and range plants during the rainy season and to exploit the ground water of the NSS aquifer for irrigation.</p>",,"Babiker, E.M.A; Ibrahim, M.M; Elhag, A.M.H; Nser, S.H; Elsheikh, M.A; Dafaalla, M.S; Ibrahim, I.S. (2018.0). Detection of Changes in Land Use/ Land Cover Using Remote Sensing and GIS Techniques in Area East of the Nile Khartoum State-Sudan. nan. https://doi.org/10.21013/jte.v10.n2.p1","[
  {
    ""resourceId"": ""a61a7292-9747-40a1-855c-44fb7c8b1f6c"",
    ""resourceXresourceId"": """",
    ""ontologyProperty"": """",
    ""inverseOntologyProperty"": """"
  }
]",,2025-07-18,,,2025-07-18
b31b9009-decc-4996-94bc-ffb5b92d4cf3,INFO-00000152,NUXIBFT4,Journal article,Conflict forecasting using remote sensing data: an application to the syrian civil war,"Racek, Daniel; Thurner, Paul W.; Davidson, Brittany I.; Zhu, Xiao Xiang; Kauermann, Göran",,2024,International Journal of Forecasting,1,10.1016/j.ijforecast.2023.04.001,,1692070,373-391,40,https://linkinghub.elsevier.com/retrieve/pii/S0169207023000377,English,,,"Racek, Daniel; Thurner, Paul W.; Davidson, Brittany I.; Zhu, Xiao Xiang; Kauermann, Göran (2024.0). Conflict forecasting using remote sensing data: An application to the Syrian civil war. nan. https://doi.org/10.1016/j.ijforecast.2023.04.001","[
  {
    ""resourceId"": ""a61a7292-9747-40a1-855c-44fb7c8b1f6c"",
    ""resourceXresourceId"": """",
    ""ontologyProperty"": """",
    ""inverseOntologyProperty"": """"
  }
]",,2025-07-18,,,2025-07-18
a0af9b46-a7fb-443f-8183-cb8e9c72402c,INFO-00000153,UZSCVCKD,Journal article,"Combining intensive field survey and digital technologies: new data on the garamantian castles of wadi awiss, acacus mts., libyan sahara","Biagetti, Stefano; Di Lernia, Savino",,2008,Journal of African Archaeology,1,10.3213/1612-1651-10103,,"16121651, 21915784",57-85,6,https://brill.com/abstract/journals/jaa/6/1/article-p57_5.xml,,,,"Biagetti, Stefano; Di Lernia, Savino (2008.0). Combining intensive field survey and digital technologies: new data on the Garamantian castles of Wadi Awiss, Acacus Mts., Libyan Sahara. nan. https://doi.org/10.3213/1612-1651-10103","[
  {
    ""resourceId"": ""a61a7292-9747-40a1-855c-44fb7c8b1f6c"",
    ""resourceXresourceId"": """",
    ""ontologyProperty"": """",
    ""inverseOntologyProperty"": """"
  }
]",,2025-07-18,,,2025-07-18
5e18b204-bc37-4b70-a653-531c360e35e9,INFO-00000154,CP7U6MWR,Journal article,Deep learning reveals extent of archaic native american shell-ring building practices,"Davis, Dylan S.; Caspari, Gino; Lipo, Carl P.; Sanger, Matthew C.",,2021,Journal of Archaeological Science,,10.1016/j.jas.2021.105433,,3054403,105433,132,https://linkinghub.elsevier.com/retrieve/pii/S0305440321001035,English,,,"Davis, Dylan S.; Caspari, Gino; Lipo, Carl P.; Sanger, Matthew C. (2021.0). Deep learning reveals extent of Archaic Native American shell-ring building practices. nan. https://doi.org/10.1016/j.jas.2021.105433","[
  {
    ""resourceId"": ""a61a7292-9747-40a1-855c-44fb7c8b1f6c"",
    ""resourceXresourceId"": """",
    ""ontologyProperty"": """",
    ""inverseOntologyProperty"": """"
  }
]",,2025-07-18,,,2025-07-18
6c76bbbb-fc55-43ad-8d17-5b0d89af8980,INFO-00000155,SGU5HG6A,Journal article,Front matter,,,2013,Botswana Notes and Records,,,,5255090,,45,http://www.jstor.org/stable/90024370,,,,Quick (2013.0). Front Matter. nan. http://www.jstor.org/stable/90024370,"[
  {
    ""resourceId"": ""a61a7292-9747-40a1-855c-44fb7c8b1f6c"",
    ""resourceXresourceId"": """",
    ""ontologyProperty"": """",
    ""inverseOntologyProperty"": """"
  }
]",,2025-10-15,,,2025-10-15
fb98c61f-0afe-48bd-b39d-6947a130f760,INFO-00000156,8DWZGECA,Conference paper,Environmental profile of the island of mozambique,"Fonseca, R.","The World Bank Land, Water and Natural Habitats Division, Environmental Department",1996,National Workshop on Integrated Coastal Zone Management in Mozambique,,,91-586-6068-2,,148,,,English,,,"Fonseca, R. (1996.0). Environmental profile of the island of Mozambique. The World Bank Land, Water and Natural Habitats Division, Environmental Department.","[
  {
    ""resourceId"": ""a61a7292-9747-40a1-855c-44fb7c8b1f6c"",
    ""resourceXresourceId"": """",
    ""ontologyProperty"": """",
    ""inverseOntologyProperty"": """"
  }
]",,2025-07-18,,,2025-07-18
ddcc2aaa-2da3-4bbc-8a77-32b04401ec85,INFO-00000157,8GLXPQQ4,Journal article,"El negro, el nino, witchcraft and the absence of rain","Gewald, J.B.",,2001,African affairs,,,,,555-80,100,,,,,"Gewald, J.B. (2001.0). El Negro, el Nino, witchcraft and the absence of rain. nan.","[
  {
    ""resourceId"": ""a61a7292-9747-40a1-855c-44fb7c8b1f6c"",
    ""resourceXresourceId"": """",
    ""ontologyProperty"": """",
    ""inverseOntologyProperty"": """"
  }
]",,2025-07-18,,,2025-07-18
bd659e05-fe56-4973-8f7a-39254c1048d3,INFO-00000158,2I39UPCN,Journal article,"Finding russia in botswana: aids, archaeology, and the power of the ancestors","Klehm, Carla",,2017,Journal of Archaeological Method and Theory,,10.1007/s10816-017-9318-2,,,,24,,,,,"Klehm, Carla (2017.0). Finding Russia in Botswana: AIDS, Archaeology, and the Power of the Ancestors. nan. https://doi.org/10.1007/s10816-017-9318-2","[
  {
    ""resourceId"": ""a61a7292-9747-40a1-855c-44fb7c8b1f6c"",
    ""resourceXresourceId"": """",
    ""ontologyProperty"": """",
    ""inverseOntologyProperty"": """"
  }
]",,2025-07-18,,,2025-07-18
181492e6-f7cb-4a73-b9c9-6c63dce2e509,INFO-00000159,5589TCRB,Journal article,Early farmers at nyungwe on the chobe river in botswana,"van Waarden, Catrien",,2018,Azania: Archaeological Research in Africa,,10.1080/0067270X.2018.1476214,,,228-277,53,,,,,"van Waarden, Catrien (2018.0). Early farmers at Nyungwe on the Chobe River in Botswana. nan. https://doi.org/10.1080/0067270X.2018.1476214","[
  {
    ""resourceId"": ""a61a7292-9747-40a1-855c-44fb7c8b1f6c"",
    ""resourceXresourceId"": """",
    ""ontologyProperty"": """",
    ""inverseOntologyProperty"": """"
  }
]",,2025-07-18,,,2025-07-18
e9fc8d64-e2e1-4a2d-91e1-45e5ebb3d94c,INFO-00000160,SNV9BHBQ,Journal article,Fascist colonialism: the archaeology of italian outposts in western ethiopia (1936–41),"González-Ruibal, Alfredo",,2010,International Journal of Historical Archaeology,4,10.1007/s10761-010-0118-6,,1573-7748,547-574,14,https://doi.org/10.1007/s10761-010-0118-6,English,"Despite the relevance of material culture in the politics and culture of Italian Fascism (1922–45), this phenomenon has rarely been approached from an archaeological point of view. In this article, I argue that archaeology can provide new insights into the study of this particular version of totalitarianism. I will show the connections that an archaeological study of fascism has with some concerns of historical archaeology, such as colonialism, power, conflict, and race. For this, three Italian military sites in Ethiopia will be examined.",,"González-Ruibal, Alfredo (2010.0). Fascist Colonialism: The Archaeology of Italian Outposts in Western Ethiopia (1936–41). nan. https://doi.org/10.1007/s10761-010-0118-6","[
  {
    ""resourceId"": ""a61a7292-9747-40a1-855c-44fb7c8b1f6c"",
    ""resourceXresourceId"": """",
    ""ontologyProperty"": """",
    ""inverseOntologyProperty"": """"
  }
]",,2025-07-18,,,2025-07-18
42c58901-ba7f-4911-95df-6715068716f4,INFO-00000161,FEJC752R,Journal article,"Excavations at gao saney: new evidence for settlement growth, trade, and interaction on the nige r bend in the first millennium ce","Cissé, Mamadou; McIntosh, Susan Keech; Dussubieux, Laure; Fenn, Thomas; Gallagher, Daphne; Smith, Abigail Chipps",Brill,2013,,,10.3213/2191-5784-10233,,,,,https://brill.com/view/journals/jaa/11/1/article-p9_1.xml,English,"Along with Ghana, Gawgaw (Gao) was an important regional trading polity mentioned by Arab chroniclers in the later first millennium CE. In the later tenth century, al-Muhallabi wrote of the dual towns of Gawgaw, one the residence of the king and the other a market and trading town called Sarneh. The large settlement mound of Gao Saney, located seven kilometers east of Gao, has long been thought to be the site of Sarneh. Excavations in 2001–2 and 2009 were the first sustained archaeological explorations of the main, 32-hectare mound, providing new information on function, subsistence economy, material culture, and chronology, and expanding considerably on earlier investigations by T. Insoll and R. Mauny. This article presents a broad overview of the recent excavations, focusing particularly on the evidence for spatial differentiation (domestic and workshop areas), chronology (both radiocarbon and ceramic) and involvement in trade networks.",,"Cissé, Mamadou; McIntosh, Susan Keech; Dussubieux, Laure; Fenn, Thomas; Gallagher, Daphne; Smith, Abigail Chipps (2013.0). Excavations at Gao Saney: New Evidence for Settlement Growth, Trade, and Interaction on the Nige r Bend in the First Millennium CE. Brill. https://doi.org/10.3213/2191-5784-10233","[
  {
    ""resourceId"": ""a61a7292-9747-40a1-855c-44fb7c8b1f6c"",
    ""resourceXresourceId"": """",
    ""ontologyProperty"": """",
    ""inverseOntologyProperty"": """"
  }
]",,2025-07-18,,,2025-07-18
953cb26f-3a48-47da-b724-cae4c57eb646,INFO-00000162,PS3ET3JX,Journal article,"First footsteps in the archaeology of harar, ethiopia. | ebscohost","Insoll, Timothy",,2017,Journal of Islamic Archaeology,2,10.1558/jia.35273,,2051-9710,189,4,https://openurl.ebsco.com/contentitem/doi:10.1558%2Fjia.35273?sid=ebsco:plink:crawler&id=ebsco:doi:10.1558%2Fjia.35273,English,,,"Insoll, Timothy (2017.0). First Footsteps in the Archaeology of Harar, Ethiopia. | EBSCOhost. nan. https://doi.org/10.1558/jia.35273","[
  {
    ""resourceId"": ""a61a7292-9747-40a1-855c-44fb7c8b1f6c"",
    ""resourceXresourceId"": """",
    ""ontologyProperty"": """",
    ""inverseOntologyProperty"": """"
  }
]",,2025-07-18,,,2025-07-18
c3a0fc6d-a615-489b-a277-7c67c1492b33,INFO-00000163,XLQTK6DK,Journal article,From siècles obscurs to revolutionary centuries on the middle niger,"McIntosh, Roderick J.; McIntosh, Susan Keech",Routledge,1988,World Archaeology,1,10.1080/00438243.1988.9980062,,0043-8243,141-165,20,https://doi.org/10.1080/00438243.1988.9980062,,"In a period of little over a decade, excavations have transformed our characterization of Middle Niger prehistory from hidden and humble to one of the world's most original theatres of change. After situating the Middle Niger evidence for geomorphology, domestication, organization of society and production, and belief systems against a backdrop of current concerns in West African prehistory, we suggest future research directions of particular potential. The Middle Niger lends a new perspective on current thinking about the prehistorian's enterprise, most notably about the symbolic component of the world as socially constructed, cross‐cultural studies, and the integrity of our traditional analytical categories.",,"McIntosh, Roderick J.; McIntosh, Susan Keech (1988.0). From Siècles Obscurs to revolutionary centuries on the Middle Niger. Routledge. https://doi.org/10.1080/00438243.1988.9980062","[
  {
    ""resourceId"": ""a61a7292-9747-40a1-855c-44fb7c8b1f6c"",
    ""resourceXresourceId"": """",
    ""ontologyProperty"": """",
    ""inverseOntologyProperty"": """"
  }
]",,2025-07-18,,,2025-07-18
ce66452d-7437-46f0-85ba-af2886bd5e2e,INFO-00000164,6MRVY9XJ,Journal article,Early farming communities of the middle zambezi valley,"Pwiti, Gilbert",Taylor & Francis Group,1994,Azania: Archaeological Research in Africa,,10.1080/00672709409511673,,,,,https://www.tandfonline.com/doi/abs/10.1080/00672709409511673,English,"(1994). Early Farming Communities of the Middle Zambezi Valley. Azania: Archaeological Research in Africa: Vol. 29-30, No. 1, pp. 200-208.","Copyright Taylor and Francis Group, LLC","Pwiti, Gilbert (1994.0). Early Farming Communities of the Middle Zambezi Valley. Taylor & Francis Group. https://doi.org/10.1080/00672709409511673","[
  {
    ""resourceId"": ""a61a7292-9747-40a1-855c-44fb7c8b1f6c"",
    ""resourceXresourceId"": """",
    ""ontologyProperty"": """",
    ""inverseOntologyProperty"": """"
  }
]",,2025-07-18,,,2025-07-18
343c4be9-5a97-435c-b8f2-165c0649cec3,INFO-00000165,3XJS8UTN,Book section,"Farming communities of the second millennium: internal frontiers, identity, continuity and change","Hall, Simon",Cambridge University Press,2012,The Cambridge History of South Africa,,,978-0-521-51794-2,,112-167,1,,,,,"Hall, Simon (2012.0). Farming communities of the second millennium: Internal frontiers, identity, continuity and change. Cambridge University Press.","[
  {
    ""resourceId"": ""a61a7292-9747-40a1-855c-44fb7c8b1f6c"",
    ""resourceXresourceId"": """",
    ""ontologyProperty"": """",
    ""inverseOntologyProperty"": """"
  }
]",,2025-07-18,,,2025-07-18
36e88cad-955d-460a-93af-6e06acaab3d5,INFO-00000166,YT78RU7N,Journal article,"Early pottery and pastoral cultures of the central rift valley, kenya","Bower, John R. F.; Nelson, Charles M.","[Wiley, Royal Anthropological Institute of Great Britain and Ireland]",1978,Man,4,10.2307/2801248,,0025-1496,554-566,13,https://www.jstor.org/stable/2801248,,"A number of pottery occurrences in the northern part of eastern Africa have been dated to the early Holocene (5000-9000 B.P.)-a range of time far earlier than would have been thought likely a few years ago. A new date of 7255 B.P. on pottery from Mt Suswa suggests that the distribution of the early Holocene wares extends at least as far south as the Central Rift Valley, Kenya. Although it is not clear whether the Mt Suswa pottery is associated with pastoral economies, some of the northern pottery is apparently identified with pastoralism. In the Central Rift Valley, a complex of stone age pastoral cultures has been dated to a range of time between 4000 and 1200 B.P., after which stone tools seem to have been replaced by iron.",,"Bower, John R. F.; Nelson, Charles M. (1978.0). Early Pottery and Pastoral Cultures of the Central Rift Valley, Kenya. [Wiley, Royal Anthropological Institute of Great Britain and Ireland]. https://doi.org/10.2307/2801248","[
  {
    ""resourceId"": ""a61a7292-9747-40a1-855c-44fb7c8b1f6c"",
    ""resourceXresourceId"": """",
    ""ontologyProperty"": """",
    ""inverseOntologyProperty"": """"
  }
]",,2025-07-18,,,2025-07-18
614d592a-bc2c-4f47-94c9-f585e44797fa,INFO-00000167,TRW948EL,Thesis,"Es sites néolithiques à roches volcaniques de diack et du cap manuel, contextes et industries : approche comparative","Kébé, Demba",Université Cheikh Anta Diop,2017,,,,,,,,,,,,"Kébé, Demba (2017.0). es sites néolithiques à roches volcaniques de Diack et du cap Manuel, contextes et industries : Approche comparative. Université Cheikh Anta Diop.","[
  {
    ""resourceId"": ""a61a7292-9747-40a1-855c-44fb7c8b1f6c"",
    ""resourceXresourceId"": """",
    ""ontologyProperty"": """",
    ""inverseOntologyProperty"": """"
  }
]",,2025-07-18,,,2025-07-18
7d37a67e-85fb-42a9-a008-6b776502c459,INFO-00000168,XJHH78LJ,Journal article,Early pottery from the eastern part of southern africa,"Mazel, Aron, D.",,1992,South African Archaeological Bulletin,155,https://doi.org/10.2307/3888985,,,003-007,47,https://www.jstor.org/stable/3888985?seq=1,,,,"Mazel, Aron, D. (1992.0). Early Pottery from the Eastern Part of Southern Africa. nan. https://doi.org/https://doi.org/10.2307/3888985","[
  {
    ""resourceId"": ""a61a7292-9747-40a1-855c-44fb7c8b1f6c"",
    ""resourceXresourceId"": """",
    ""ontologyProperty"": """",
    ""inverseOntologyProperty"": """"
  }
]",,2025-07-18,,,2025-07-18
13727b21-efd6-4cd4-a929-1f168cf90be5,INFO-00000169,9KVRIAEY,Journal article,European soil data centre: response to european policy support and public data requirements,"Panagos, Panos; Van Liedekerke, Marc; Jones, Arwyn; Montanarella, Luca",,2012,Land Use Policy,2,10.1016/j.landusepol.2011.07.003,,2648377,329-338,29,https://linkinghub.elsevier.com/retrieve/pii/S0264837711000718,English,,https://www.elsevier.com/tdm/userlicense/1.0/,"Panagos, Panos; Van Liedekerke, Marc; Jones, Arwyn; Montanarella, Luca (2012.0). European Soil Data Centre: Response to European policy support and public data requirements. nan. https://doi.org/10.1016/j.landusepol.2011.07.003","[
  {
    ""resourceId"": ""a61a7292-9747-40a1-855c-44fb7c8b1f6c"",
    ""resourceXresourceId"": """",
    ""ontologyProperty"": """",
    ""inverseOntologyProperty"": """"
  }
]",,2025-07-18,,,2025-07-18
867c6abe-9c8c-46b7-9f64-021f5c759170,INFO-00000170,JZMLQWCQ,Journal article,"European soil data centre 2.0: soil data and knowledge in support of the <span style=""font-variant:small-caps;"">eu</span> policies","Panagos, Panos; Van Liedekerke, Marc; Borrelli, Pasquale; Köninger, Julia; Ballabio, Cristiano; Orgiazzi, Alberto; Lugato, Emanuele; Liakos, Leonidas; Hervas, Javier; Jones, Arwyn; Montanarella, Luca",,2022,European Journal of Soil Science,6,10.1111/ejss.13315,,"1351-0754, 1365-2389",e13315,73,https://bsssjournals.onlinelibrary.wiley.com/doi/10.1111/ejss.13315,English,"Abstract                                           The European Soil Data Centre (ESDAC), hosted by the European Commission's Joint Research Centre (JRC), is the focal point for soil data, support to policy making and awareness raising for the European Union (EU). Established in 2006 to provide harmonised soil‐related information for the EU Member States, and ESDAC currently hosts 88 datasets, 6000 Maps, six atlases, 500 scientific publications, and a copious amount of soil‐related material. Through its data repository publishing activity, ESDAC has licensed over 50,000 datasets during the past 15 years; 8500 of them in 2021 alone. It has published 140 monthly newsletters and is followed by more than 12,000 subscribed users, which receive regular updates. This article addresses the use, usability, and usefulness of ESDAC. About 75% of the ESDAC users come from academia and the research community while the remaining 25% includes public administration (at EU, national, regional, and local level) and the private sector. In addition, we provide some insights of the datasets evaluation and how they have been developed. The general ESDAC vision is to provide evidence underlying EU soil‐relevant policies and to facilitate the access to relevant data for research. ESDAC is an integral part of the recently established European Union Soil Observatory (EUSO), with a target to have an even stronger role in supporting EU and regional policies.                                         Highlights                                                                        ESDAC is a central place from where to find European wide relevant soil data.                                                           ESDAC is an integral part of the EU Soil Observatory in creating data and knowledge for policy support.                                                           The ESDAC website shows a high volume of traffic; 10,000 of user licenses are granted per year.                                                           ESDAC key success: open access data policy, documentation, operational helpdesk and regular updates.",,"Panagos, Panos; Van Liedekerke, Marc; Borrelli, Pasquale; Köninger, Julia; Ballabio, Cristiano; Orgiazzi, Alberto; Lugato, Emanuele; Liakos, Leonidas; Hervas, Javier; Jones, Arwyn; Montanarella, Luca (2022.0). European Soil Data Centre 2.0: Soil data and knowledge in support of the <span style=""font-variant:small-caps;"">EU</span> policies. nan. https://doi.org/10.1111/ejss.13315","[
  {
    ""resourceId"": ""a61a7292-9747-40a1-855c-44fb7c8b1f6c"",
    ""resourceXresourceId"": """",
    ""ontologyProperty"": """",
    ""inverseOntologyProperty"": """"
  }
]",,2025-07-18,,,2025-07-18
6af8cfe1-28e8-442c-b071-1f5ff7a0f120,INFO-00000171,Q3QD2AYQ,Journal article,"Excavations at divuyu, tsodilo hills","Denbow, James",Botswana Society,2011,Botswana Notes and Records,,,,5255090,76-94,43,http://www.jstor.org/stable/23237958,,,,"Denbow, James (2011.0). Excavations at Divuyu, Tsodilo Hills. Botswana Society. http://www.jstor.org/stable/23237958","[
  {
    ""resourceId"": ""a61a7292-9747-40a1-855c-44fb7c8b1f6c"",
    ""resourceXresourceId"": """",
    ""ontologyProperty"": """",
    ""inverseOntologyProperty"": """"
  }
]",,2025-07-18,,,2025-07-18
e8a5377c-00ef-4511-a350-e2dc7ecf9946,INFO-00000172,UGDUECGN,Report,Etude d’impact environnemental et social des travaux de protection de l’ile de goree,WACA,,2022,,,,,,405,,https://www.wacaprogram.org/sites/default/files/knowdoc/EIES_WACA%20Gor%C3%A9e_Ind%20Finale_DEC2022%20%282%29.pdf,French,"Zotero is a free, easy-to-use tool to help you collect, organize, cite, and share research.",,WACA (2022.0). Etude D’Impact Environnemental Et Social Des Travaux De Protection De L’Ile De Goree. nan. https://www.wacaprogram.org/sites/default/files/knowdoc/EIES_WACA%20Gor%C3%A9e_Ind%20Finale_DEC2022%20%282%29.pdf,"[
  {
    ""resourceId"": ""a61a7292-9747-40a1-855c-44fb7c8b1f6c"",
    ""resourceXresourceId"": """",
    ""ontologyProperty"": """",
    ""inverseOntologyProperty"": """"
  }
]",,2025-07-18,,,2025-07-18
c21a9613-a269-4279-a9a6-9243be045fad,INFO-00000173,F8ZICI84,Journal article,Establishment of botswana's national park and game reserve system,"Campbell, Alec",,2004,Botswana Notes and Records,,,,,55-66,36,http://www.jstor.org/stable/40980360 .,,,,"Campbell, Alec (2004.0). Establishment of Botswana's National Park and Game Reserve System. nan. http://www.jstor.org/stable/40980360 .","[
  {
    ""resourceId"": ""a61a7292-9747-40a1-855c-44fb7c8b1f6c"",
    ""resourceXresourceId"": """",
    ""ontologyProperty"": """",
    ""inverseOntologyProperty"": """"
  }
]",,2025-07-18,,,2025-07-18
9710cc23-e2e3-4db8-9863-220d1d832e99,INFO-00000174,8ZHG4WI5,Journal article,Evidence of human migrations from the rock art of southern rhodesia,"Cooke, C. K.",,1965,Africa,3,10.2307/1157174,,"1750-0184, 0001-9720",263-285,35,https://www.cambridge.org/core/journals/africa/article/evidence-of-human-migrations-from-the-rock-art-of-southern-rhodesia/5740C9CE513C2F42C679C9EBA9F245DF,English,"This paper is the result of a study of all the known rock painting copies and photographs, undertaken during 1963 and early 1964—in the first instance to plot the occurrence of patterned giraffe paintings against those only in silhouette. The list has grown, however, and all animals and humans have been indexed and plotted on distribution Maps, all information being finally synthesized. An analysis is presented of the human types and domesticated animals recorded in the art of Southern Africa. These items have been plotted on distribution Maps, the significance of which is discussed in the following sections. The importance of the Mopani belt and of linguistics are also examined and a possible way from the east of Southern Rhodesia to the Cape of Good Hope indicated. The distribution of animal types is the subject of another paper (Cooke, 1964)., PREUVE DE MIGRATIONS HUMAINES PAR L'ART DES CAVERNES EN RHODÉSIE DU SUDCette étude discute des itinéraires possibles empruntés à travers l'Afrique par des peuples dont on sait qu'ils possédaient des troupeaux de moutons. Il est suggéré, à la suite d'un examen de plusieurs peintures de caves en Rhodésie du Sud, et en se référant à d'autres æuvres dans la République d'Afrique du Sud et au Béchuanaland, qu'un peuple callipyge traversa de nord-est en sud-ouest la Rhodésie du Sud, se dirigeant vers l'ouest à travers le Béchuanaland où il suivit les lignes d'écoulement des eaux jusqu'à ce qu'un chemin soit découvert vers le sud menant au Cap de Bonne Espérance où pourraient subsister à la fois humains et bétail.La traversée de l'Afrique est interrompue par différentes sortes de contrées boisées dans lesquelles l'herbe ne pousse guére. Les moutons, par conséquent, n'auraient pas survécu s'ils avaient eu à voyager au travers de ces ceintures de veldt densement boisées. Le chemin suggéré contourne ces régions, mais traverse un corridor étroit du veldt de Mopani au nord du Lac Makarikari.Les conditions climatériques englobant les derniers 4 ou 5 milliers d'années sont également étudiées par rapport aux chûtes de pluie et types de végétation.La possibilité de captation de rivière par les Hottentot ainsi que le nom de localités en Rhodésie du Sud est soulevée, et la distribution actuelle des dialectes Hottentot est prise en considération.Il en est conclu que les peuples bergers représentés dans ces peintures sont des Hottentots et qu'ils traversèrent la Rhodésie du Sud lors d'une migration méridionale antérieure aux principales immigrations bantoues. Les peintures représentant d'étranges êtres humains et des animaux dans leurs abris rocheux seraient l'œuvre d'hommes vivant dans la seconde partie de l'âge de pierre.",,"Cooke, C. K. (1965.0). Evidence of Human Migrations from the Rock art of Southern Rhodesia. nan. https://doi.org/10.2307/1157174","[
  {
    ""resourceId"": ""a61a7292-9747-40a1-855c-44fb7c8b1f6c"",
    ""resourceXresourceId"": """",
    ""ontologyProperty"": """",
    ""inverseOntologyProperty"": """"
  }
]",,2025-07-18,,,2025-07-18
3e998588-54cb-49b0-b9e2-8a460bc72cac,INFO-00000175,WGXHY7DF,Journal article,Formal subdivision of the holocene series/epoch: a summary,"Walker, Mike; Gibbard, Phil; Head, Martin J.; Berkelhammer, Max; Björck, Svante; Cheng, Hai; Cwynar, Les C.; Fisher, David; Gkinis, Vasilios; Long, Antony; Lowe, John; Newnham, Rewi; Rasmussen, Sune Olander; Weiss, Harvey",,2019,Journal of the Geological Society of India,2,10.1007/s12594-019-1141-9,,0974-6889,135-141,93,https://doi.org/10.1007/s12594-019-1141-9,English,"The Holocene Series/Epoch is the most recent series/epoch in the geological timescale, spanning the interval from 11,700 yr to the present day. Together with the subadjacent Pleistocene, it comprises the Quaternary System/Period. The Holocene record contains diverse geomorphological, biological, climatological and archaeological evidence, within sequences that are often continuous and extremely well-preserved at decadal, annual and even seasonal resolution. As a consequence, the Holocene is perhaps the most intensively-studied series/epoch within the entire Geological Time Scale. Yet until recently little attention had been paid to a formal subdivision of the Holocene. Here we describe an initiative by the Subcommission on Quaternary Stratigraphy (SQS) of the International Commission on Stratigraphy (ICS) to develop a formal stratigraphical subdivision of the Holocene, with three new stages/ages, two underpinned by Global Boundary Stratotype Sections and Points (GSSPs in an ice core, and a third in a speleothem. These stages/ages are defined together with their equivalent subseries/subepochs. The new stages/ages are the Greenlandian with its GSSP in the Greenland NGRIP2 ice core and dated at 11,700 yr b2k (before 2000 CE); the Northgrippian with its GSSP in the Greenland NGRIP1 ice core and dated to 8236 yr b2k; and the Meghalayan, with its GSSP in a speleothem from Mawmluh Cave, northeastern India, with a date of 4250 yr b2k. This subdivision was formally ratified by the Executive Committee of the International Union of Geological Sciences (IUGS) on 14th June 2018.",,"Walker, Mike; Gibbard, Phil; Head, Martin J.; Berkelhammer, Max; Björck, Svante; Cheng, Hai; Cwynar, Les C.; Fisher, David; Gkinis, Vasilios; Long, Antony; Lowe, John; Newnham, Rewi; Rasmussen, Sune Olander; Weiss, Harvey (2019.0). Formal Subdivision of the Holocene Series/Epoch: A Summary. nan. https://doi.org/10.1007/s12594-019-1141-9","[
  {
    ""resourceId"": ""a61a7292-9747-40a1-855c-44fb7c8b1f6c"",
    ""resourceXresourceId"": """",
    ""ontologyProperty"": """",
    ""inverseOntologyProperty"": """"
  }
]",,2025-07-18,,,2025-07-18
958ed685-39fa-4923-a120-a8b05f067dd1,INFO-00000176,LT7GUVRE,Journal article,"Fort sites of east bukusu, kenya","Scully, R T K",,1969,Azania: Archaeological Research in Africa,,DOI:10.1080/00672706909511510,,,105-114,4,,English,,,"Scully, R T K (1969.0). Fort Sites of East Bukusu, Kenya. nan. https://doi.org/DOI:10.1080/00672706909511510","[
  {
    ""resourceId"": ""a61a7292-9747-40a1-855c-44fb7c8b1f6c"",
    ""resourceXresourceId"": """",
    ""ontologyProperty"": """",
    ""inverseOntologyProperty"": """"
  }
]",,2025-07-18,,,2025-07-18
4803f5ff-a48b-45d9-a9c9-aad9f8ac99b0,INFO-00000177,WUF56SCF,Journal article,Excavations at mlambalasi rockshelter: a terminal pleistocene to recent iron age record in southern tanzania,"Biittner, K. M.; Sawchuk, E. A.; Miller, J. M.; Werner, J. J.; Bushozi, P. M.; Willoughby, P. R.",,2017,African Archaeological Review,2,10.1007/s10437-017-9253-3,,"0263-0338, 1572-9842",275-295,34,http://link.springer.com/10.1007/s10437-017-9253-3,English,,,"Biittner, K. M.; Sawchuk, E. A.; Miller, J. M.; Werner, J. J.; Bushozi, P. M.; Willoughby, P. R. (2017.0). Excavations at Mlambalasi Rockshelter: a Terminal Pleistocene to Recent Iron Age Record in Southern Tanzania. nan. https://doi.org/10.1007/s10437-017-9253-3","[
  {
    ""resourceId"": ""a61a7292-9747-40a1-855c-44fb7c8b1f6c"",
    ""resourceXresourceId"": """",
    ""ontologyProperty"": """",
    ""inverseOntologyProperty"": """"
  }
]",,2025-07-18,,,2025-07-18
bf66b0e6-6e53-486f-aca7-7423fc72845b,INFO-00000178,SYQ3WPS8,Journal article,Facts and fictions of the majimaji war graves in southern tanzania,"Rushohora, Nancy A.",,2019,African Archaeological Review,1,10.1007/s10437-019-09324-2,,"0263-0338, 1572-9842",145-159,36,http://link.springer.com/10.1007/s10437-019-09324-2,English,,,"Rushohora, Nancy A. (2019.0). Facts and Fictions of the Majimaji War Graves in Southern Tanzania. nan. https://doi.org/10.1007/s10437-019-09324-2","[
  {
    ""resourceId"": ""a61a7292-9747-40a1-855c-44fb7c8b1f6c"",
    ""resourceXresourceId"": """",
    ""ontologyProperty"": """",
    ""inverseOntologyProperty"": """"
  }
]",,2025-07-18,,,2025-07-18
75ff876d-ed1c-47de-8cab-af6aa29b2d7d,INFO-00000179,MLDHFRC3,Journal article,Enregistrements sédimentaires dans la moyenne vallée du bao bolon (sénégal). première esquisse chronostratigraphique holocène,"Stern, Mathilde; Ballouche, Aziz; Weisskopf, Emmanuel; Landry, David; Bocoum, Hamady; Laporte, Luc",,2019,Quaternaire,vol. 30/2,10.4000/quaternaire.11679,,"1142-2904, 1965-0795",117-132,,http://journals.openedition.org/quaternaire/11679,,,,"Stern, Mathilde; Ballouche, Aziz; Weisskopf, Emmanuel; Landry, David; Bocoum, Hamady; Laporte, Luc (2019.0). Enregistrements sédimentaires dans la moyenne vallée du Bao Bolon (Sénégal). Première esquisse chronostratigraphique Holocène. nan. https://doi.org/10.4000/quaternaire.11679","[
  {
    ""resourceId"": ""a61a7292-9747-40a1-855c-44fb7c8b1f6c"",
    ""resourceXresourceId"": """",
    ""ontologyProperty"": """",
    ""inverseOntologyProperty"": """"
  }
]",,2025-07-18,,,2025-07-18
44208c7d-9cdf-445a-928a-c3c052613728,INFO-00000180,9TWQQLW4,Journal article,Fouilles en pays dogon et reconnaissance archéologique au sénégal oriental: la 14ème année de recherches du programme peuplement humain et paléoenvironnement en afrique de l'ouest,"Huysecom, Eric; Ozainne, Sylvain; Mayor, Anne; Jeanbourquin, Chrystel; Loukou, Yao Serge Bonaventure; Canetti, Marie; Ballouche, Aziz; Cantin, Nadia; Cissé, Lassana; Eichhorn, Barbara; Kahlheber, Stefanie; Rasse, Michel; Sanogo, Kléna",,2012,Jahresbericht SLSA,,,,,99,2011,http://archive-ouverte.unige.ch:/unige:23032,French,"Lors de la 14ème année de recherches du programme ""Peuplement humain et paléoenvironnement en Afrique de l'Ouest"", une surface de 130 mètres carrés a été fouillée sur la butte d'habitat de Sadia (Pays dogon, Mali) afin d'étudier les vestiges architecturaux d'un village daté entre le 11ème et le 12ème siècle de notre ère. Les travaux avaient également pour objectif de préciser les caractéristiques culturelles et environnementales de cette période. Parallèlement, une mission de prospections archéologiques a été menée dans l'est du Sénégal.",,"Huysecom, Eric; Ozainne, Sylvain; Mayor, Anne; Jeanbourquin, Chrystel; Loukou, Yao Serge Bonaventure; Canetti, Marie; Ballouche, Aziz; Cantin, Nadia; Cissé, Lassana; Eichhorn, Barbara; Kahlheber, Stefanie; Rasse, Michel; Sanogo, Kléna (2012.0). Fouilles en Pays dogon et reconnaissance archéologique au Sénégal oriental: la 14ème année de recherches du programme Peuplement humain et paléoenvironnement en Afrique de l'Ouest. nan. http://archive-ouverte.unige.ch:/unige:23032","[
  {
    ""resourceId"": ""a61a7292-9747-40a1-855c-44fb7c8b1f6c"",
    ""resourceXresourceId"": """",
    ""ontologyProperty"": """",
    ""inverseOntologyProperty"": """"
  }
]",,2025-07-18,,,2025-07-18
7a5f27f2-6760-4652-9aac-037c5b6d28bf,INFO-00000181,PTDPPDRE,Book section,Évolutions typo-technologiques des productions céramiques de la nécropole de wanar (sénégal) : démarche archéologique et implications anthropologiques.,"Delvoye, A.; Laporte, Luc; Bocoum, Hamady",Archaeopress,2021,Apport des approches technologiques de la céramique à l'anthropologie et à l'archéologie des sociétés pré et protohistoriques.,,,,,,,https://hal.science/hal-03467270,,,,"Delvoye, A.; Laporte, Luc; Bocoum, Hamady (2021.0). Évolutions typo-technologiques des productions céramiques de la nécropole de Wanar (Sénégal) : démarche archéologique et implications anthropologiques.. Archaeopress. https://hal.science/hal-03467270","[
  {
    ""resourceId"": ""a61a7292-9747-40a1-855c-44fb7c8b1f6c"",
    ""resourceXresourceId"": """",
    ""ontologyProperty"": """",
    ""inverseOntologyProperty"": """"
  }
]",,2025-07-18,,,2025-07-18
037eb494-8b2a-4af6-ba9f-d5967073545e,INFO-00000182,P58V8R6H,Book section,Female archaeologists in west africa: the case of senegal,"Niang, Khady",Springer International Publishing,2023,Women in Archaeology,,10.1007/978-3-031-27650-7_22,978-3-031-27649-1 978-3-031-27650-7,,441-460,,https://link.springer.com/10.1007/978-3-031-27650-7_22,English,,,"Niang, Khady (2023.0). Female Archaeologists in West Africa: The Case of Senegal. Springer International Publishing. https://doi.org/10.1007/978-3-031-27650-7_22","[
  {
    ""resourceId"": ""a61a7292-9747-40a1-855c-44fb7c8b1f6c"",
    ""resourceXresourceId"": """",
    ""ontologyProperty"": """",
    ""inverseOntologyProperty"": """"
  }
]",,2025-07-18,,,2025-07-18
c9a4c63f-7d98-4755-b2e1-0727064e64bb,INFO-00000183,4JKL6PZE,Report,Environmental impact statement botswana transmission lines for the mmamabula energy project botswana power corporation,"Walker, Nick; van Ryneveld, Karen",Digby Wells & Associates,2007,,,,,,272,,https://documents1.worldbank.org/curated/zh/224441468199149504/pdf/E20680v10P11251IS010submitted0May07.pdf,English,,,"Walker, Nick; van Ryneveld, Karen (2007.0). Environmental Impact Statement Botswana Transmission Lines for the Mmamabula Energy Project Botswana Power Corporation. Digby Wells & Associates. https://documents1.worldbank.org/curated/zh/224441468199149504/pdf/E20680v10P11251IS010submitted0May07.pdf","[
  {
    ""resourceId"": ""a61a7292-9747-40a1-855c-44fb7c8b1f6c"",
    ""resourceXresourceId"": """",
    ""ontologyProperty"": """",
    ""inverseOntologyProperty"": """"
  }
]",,2025-07-18,,,2025-07-18
b42da6b6-e289-4ffb-9b04-2178321aa162,INFO-00000184,YBSCX4GM,Journal article,Early iron age pottery in eastern and southern africa,"Fagan, Brian M.",,1966,Azania: Archaeological Research in Africa,1,10.1080/00672706609511343,,"0067-270X, 1945-5534",101-109,1,http://www.tandfonline.com/doi/abs/10.1080/00672706609511343,English,,,"Fagan, Brian M. (1966.0). Early Iron Age Pottery in Eastern and Southern Africa. nan. https://doi.org/10.1080/00672706609511343","[
  {
    ""resourceId"": ""a61a7292-9747-40a1-855c-44fb7c8b1f6c"",
    ""resourceXresourceId"": """",
    ""ontologyProperty"": """",
    ""inverseOntologyProperty"": """"
  }
]",,2025-07-18,,,2025-07-18
a0afeb50-289e-4d2d-acaa-607ec0b699b8,INFO-00000185,5KK3IFJQ,Journal article,Early iron age pottery types from east africa: comparative analysis,"Soper, Robert",,1971,Azania: Archaeological Research in Africa,1,10.1080/00672707109511546,,"0067-270X, 1945-5534",39-52,6,http://www.tandfonline.com/doi/abs/10.1080/00672707109511546,English,,,"Soper, Robert (1971.0). Early Iron Age Pottery Types from East Africa: Comparative Analysis. nan. https://doi.org/10.1080/00672707109511546","[
  {
    ""resourceId"": ""a61a7292-9747-40a1-855c-44fb7c8b1f6c"",
    ""resourceXresourceId"": """",
    ""ontologyProperty"": """",
    ""inverseOntologyProperty"": """"
  }
]",,2025-07-18,,,2025-07-18
d3d82752-57f5-4223-aad6-4cb47bcd696d,INFO-00000186,H52EYWY6,Journal article,"Engaruka: additional observations on fields, furrows and enclosures","Sutton, J. E.G.",,1999,Azania: Archaeological Research in Africa,1,10.1080/00672709909511475,,"0067-270X, 1945-5534",114-115,34,http://www.tandfonline.com/doi/abs/10.1080/00672709909511475,English,,,"Sutton, J. E.G. (1999.0). Engaruka: additional observations on fields, furrows and enclosures. nan. https://doi.org/10.1080/00672709909511475","[
  {
    ""resourceId"": ""a61a7292-9747-40a1-855c-44fb7c8b1f6c"",
    ""resourceXresourceId"": """",
    ""ontologyProperty"": """",
    ""inverseOntologyProperty"": """"
  }
]",,2025-07-18,,,2025-07-18
bc5b8270-e799-4aa5-bcd3-311613205941,INFO-00000187,ASPFA8ZD,Journal article,"Excavations at nasera rock, tanzania","Mehlman, M. J.",,1977,Azania: Archaeological Research in Africa,1,10.1080/00672707709511250,,"0067-270X, 1945-5534",111-118,12,http://www.tandfonline.com/doi/abs/10.1080/00672707709511250,English,,,"Mehlman, M. J. (1977.0). Excavations at Nasera Rock, Tanzania. nan. https://doi.org/10.1080/00672707709511250","[
  {
    ""resourceId"": ""a61a7292-9747-40a1-855c-44fb7c8b1f6c"",
    ""resourceXresourceId"": """",
    ""ontologyProperty"": """",
    ""inverseOntologyProperty"": """"
  }
]",,2025-07-18,,,2025-07-18
0aaef5ee-20d7-4c0b-972a-cd3908b9efbd,INFO-00000188,Y5ZZY3CA,Journal article,"Faunal analysis from kibaoni, a late precolonial pimbwe village in rukwa valley, tanzania: first reconstructions of cultural and environmental histories","Foutch, Amy E.; Steele, Teresa E.; O'Brien, Christopher J.",,2009,Azania: Archaeological Research in Africa,2,10.1080/00671990903047637,,"0067-270X, 1945-5534",257-267,44,http://www.tandfonline.com/doi/abs/10.1080/00671990903047637,English,,,"Foutch, Amy E.; Steele, Teresa E.; O'Brien, Christopher J. (2009.0). Faunal analysis from Kibaoni, a late precolonial Pimbwe village in Rukwa Valley, Tanzania: first reconstructions of cultural and environmental histories. nan. https://doi.org/10.1080/00671990903047637","[
  {
    ""resourceId"": ""a61a7292-9747-40a1-855c-44fb7c8b1f6c"",
    ""resourceXresourceId"": """",
    ""ontologyProperty"": """",
    ""inverseOntologyProperty"": """"
  }
]",,2025-07-18,,,2025-07-18
c7a1c2a5-391a-4fff-9621-38480bb4ca8c,INFO-00000189,TSPYMNDA,Journal article,Further archaeological research on mafia island,"Chami, Felix A.",,2000,Azania: Archaeological Research in Africa,1,10.1080/00672700009511605,,"0067-270X, 1945-5534",208-214,35,http://www.tandfonline.com/doi/abs/10.1080/00672700009511605,English,,,"Chami, Felix A. (2000.0). Further Archaeological Research on Mafia Island. nan. https://doi.org/10.1080/00672700009511605","[
  {
    ""resourceId"": ""a61a7292-9747-40a1-855c-44fb7c8b1f6c"",
    ""resourceXresourceId"": """",
    ""ontologyProperty"": """",
    ""inverseOntologyProperty"": """"
  }
]",,2025-07-18,,,2025-07-18
d7c8a7f9-4452-4414-814f-5bb931d27363,INFO-00000190,V4ECLULQ,Journal article,"Early iron age and kansyore pottery: finds from gogo falls, south nyanza","Collett, D. P.; Robertshaw, P. T.",,1980,Azania: Archaeological Research in Africa,1,10.1080/00672708009511280,,"0067-270X, 1945-5534",133-145,15,http://www.tandfonline.com/doi/abs/10.1080/00672708009511280,English,,,"Collett, D. P.; Robertshaw, P. T. (1980.0). Early Iron Age and Kansyore Pottery: Finds from Gogo Falls, South Nyanza. nan. https://doi.org/10.1080/00672708009511280","[
  {
    ""resourceId"": ""a61a7292-9747-40a1-855c-44fb7c8b1f6c"",
    ""resourceXresourceId"": """",
    ""ontologyProperty"": """",
    ""inverseOntologyProperty"": """"
  }
]",,2025-07-18,,,2025-07-18
ac9c7f58-9b47-46e6-87fe-1c9df5f5ce39,INFO-00000191,DAA7NP7P,Journal article,Elusive wattle-and-daub: finding the hidden majority in the archaeology of the swahili,"Fleisher, Jeff; LaViolette, Adria",,1999,Azania: Archaeological Research in Africa,1,10.1080/00672709909511473,,"0067-270X, 1945-5534",87-108,34,http://www.tandfonline.com/doi/abs/10.1080/00672709909511473,English,,,"Fleisher, Jeff; LaViolette, Adria (1999.0). Elusive wattle-and-daub: Finding the hidden majority in the archaeology of the Swahili. nan. https://doi.org/10.1080/00672709909511473","[
  {
    ""resourceId"": ""a61a7292-9747-40a1-855c-44fb7c8b1f6c"",
    ""resourceXresourceId"": """",
    ""ontologyProperty"": """",
    ""inverseOntologyProperty"": """"
  }
]",,2025-07-18,,,2025-07-18
ebf38bf4-7ac1-47d9-a820-f0808e87c047,INFO-00000192,77VZZ4BN,Journal article,Engaruka and its waters,"Sutton, J. E. G.",,1978,Azania: Archaeological Research in Africa,1,10.1080/00672707809511631,,"0067-270X, 1945-5534",37-70,13,http://www.tandfonline.com/doi/abs/10.1080/00672707809511631,English,,,"Sutton, J. E. G. (1978.0). Engaruka and its Waters. nan. https://doi.org/10.1080/00672707809511631","[
  {
    ""resourceId"": ""a61a7292-9747-40a1-855c-44fb7c8b1f6c"",
    ""resourceXresourceId"": """",
    ""ontologyProperty"": """",
    ""inverseOntologyProperty"": """"
  }
]",,2025-07-18,,,2025-07-18
cd007549-48a0-48da-8b05-374ae1b5744c,INFO-00000193,UJARM5C6,Journal article,Engaruka: excavations during 1964,"Sassoon, Hamo",,1966,Azania: Archaeological Research in Africa,1,10.1080/00672706609511342,,"0067-270X, 1945-5534",79-99,1,http://www.tandfonline.com/doi/abs/10.1080/00672706609511342,English,,,"Sassoon, Hamo (1966.0). Engaruka: Excavations during 1964. nan. https://doi.org/10.1080/00672706609511342","[
  {
    ""resourceId"": ""a61a7292-9747-40a1-855c-44fb7c8b1f6c"",
    ""resourceXresourceId"": """",
    ""ontologyProperty"": """",
    ""inverseOntologyProperty"": """"
  }
]",,2025-07-18,,,2025-07-18
d2d9526e-eb02-409d-8432-414305e54ab2,INFO-00000194,6L7WEBV6,Journal article,"Excavations at narosura, a stone bowl site in the southern kenya highlands","Odner, Knut",,1972,Azania: Archaeological Research in Africa,1,10.1080/00672707209511557,,"0067-270X, 1945-5534",25-92,7,http://www.tandfonline.com/doi/abs/10.1080/00672707209511557,English,,,"Odner, Knut (1972.0). Excavations at Narosura, a Stone Bowl Site in the Southern Kenya Highlands. nan. https://doi.org/10.1080/00672707209511557","[
  {
    ""resourceId"": ""a61a7292-9747-40a1-855c-44fb7c8b1f6c"",
    ""resourceXresourceId"": """",
    ""ontologyProperty"": """",
    ""inverseOntologyProperty"": """"
  }
]",,2025-07-18,,,2025-07-18
99745056-960f-49f8-8514-1cb7f777e869,INFO-00000195,B8QBDINW,Journal article,Forgotten caravan towns in 19th century tanzania: mbwamaji and mpwapwa,"Rockel, Stephen J.",,2006,Azania: Archaeological Research in Africa,1,10.1080/00672700609480432,,"0067-270X, 1945-5534",001-25,41,http://www.tandfonline.com/doi/abs/10.1080/00672700609480432,English,,,"Rockel, Stephen J. (2006.0). Forgotten Caravan Towns in 19th Century Tanzania: Mbwamaji and Mpwapwa. nan. https://doi.org/10.1080/00672700609480432","[
  {
    ""resourceId"": ""a61a7292-9747-40a1-855c-44fb7c8b1f6c"",
    ""resourceXresourceId"": """",
    ""ontologyProperty"": """",
    ""inverseOntologyProperty"": """"
  }
]",,2025-07-18,,,2025-07-18
d42eea04-fd9f-4d91-ab03-a113a8930681,INFO-00000196,93WANXAR,Journal article,Further excavations of pastoral neolithic sites in serengeti,"Bower, John; Chadderdon, Thomas J.",,1986,Azania: Archaeological Research in Africa,1,10.1080/00672708609511374,,"0067-270X, 1945-5534",129-133,21,http://www.tandfonline.com/doi/abs/10.1080/00672708609511374,English,,,"Bower, John; Chadderdon, Thomas J. (1986.0). Further Excavations of Pastoral Neolithic Sites in Serengeti. nan. https://doi.org/10.1080/00672708609511374","[
  {
    ""resourceId"": ""a61a7292-9747-40a1-855c-44fb7c8b1f6c"",
    ""resourceXresourceId"": """",
    ""ontologyProperty"": """",
    ""inverseOntologyProperty"": """"
  }
]",,2025-07-18,,,2025-07-18
a810bc3b-e3cd-4fcd-9a0a-cbba5ffb9cc8,INFO-00000197,F9RUKJU7,Book,Fort jesus; a portuguese fortress on the east african coast,"Kirkman, J.S.",Clarendon Press,1974,,,,,,,,,,,,"Kirkman, J.S. (1974.0). Fort Jesus; A Portuguese Fortress on the East African Coast. Clarendon Press.","[
  {
    ""resourceId"": ""a61a7292-9747-40a1-855c-44fb7c8b1f6c"",
    ""resourceXresourceId"": """",
    ""ontologyProperty"": """",
    ""inverseOntologyProperty"": """"
  }
]",,2025-07-18,,,2025-07-18
b44ac0a1-1ea1-44a5-b1e8-3d71e4c4ec34,INFO-00000198,KJJX8BTQ,Book,Fort jesus (9th edition),"Kirkman, J.",National Museum of Kenya,1981,,,,,,,,,,,,"Kirkman, J. (1981.0). Fort Jesus (9th edition). National Museum of Kenya.","[
  {
    ""resourceId"": ""a61a7292-9747-40a1-855c-44fb7c8b1f6c"",
    ""resourceXresourceId"": """",
    ""ontologyProperty"": """",
    ""inverseOntologyProperty"": """"
  }
]",,2025-07-18,,,2025-07-18
eaaf5ce6-87f0-4ad6-b0cd-4e264ff8e26a,INFO-00000199,N6G7GFQ5,Journal article,"Excavation of the later stone age site of madola - kiwangwa, bagamoyo, tanzania","Kessy, Emanuel T.",,2019,Azania: Archaeological Research in Africa,2,10.1080/0067270X.2019.1619281,,"0067-270X, 1945-5534",177-202,54,https://www.tandfonline.com/doi/full/10.1080/0067270X.2019.1619281,English,,,"Kessy, Emanuel T. (2019.0). Excavation of the Later Stone Age Site of Madola - Kiwangwa, Bagamoyo, Tanzania. nan. https://doi.org/10.1080/0067270X.2019.1619281","[
  {
    ""resourceId"": ""a61a7292-9747-40a1-855c-44fb7c8b1f6c"",
    ""resourceXresourceId"": """",
    ""ontologyProperty"": """",
    ""inverseOntologyProperty"": """"
  }
]",,2025-07-18,,,2025-07-18
64049f02-5319-4d50-becb-bb7eab0b3f8d,INFO-00000200,P5MCJIWW,Book,Encyclopedic dictionary of archaeology,"Kipfer, Barbara Ann",Springer International Publishing,2021,,,10.1007/978-3-030-58292-0,978-3-030-58291-3 978-3-030-58292-0,,,,https://link.springer.com/10.1007/978-3-030-58292-0,English,,https://www.springer.com/tdm,"Kipfer, Barbara Ann (2021.0). Encyclopedic Dictionary of Archaeology. Springer International Publishing. https://doi.org/10.1007/978-3-030-58292-0","[
  {
    ""resourceId"": ""a61a7292-9747-40a1-855c-44fb7c8b1f6c"",
    ""resourceXresourceId"": """",
    ""ontologyProperty"": """",
    ""inverseOntologyProperty"": """"
  }
]",,2025-07-18,,,2025-07-18
7c411fba-aa09-4870-b557-1870d487d44b,INFO-00000201,BHZHC8G7,Thesis,Foraging communities of the murewa-mutoko landscape an archaeological study of human behaviour during the terminal pleistocene and holocene epochs,"Marufu, Happinos",University of Dar es Salaam,2012,,,,,,,,,English,"The study investigated behavioural elements of foraging communities in Murewa- Mutoko Landscape (northern Zimbabwe) during the terminal Pleistocene and Holocene epochs. Stone Age studies in the country mostly concentrated in the south western region because of its richness in Later Stone Age (LSA) sites, thereby marginalizing other regions in terms of research coverage as well as limiting our understanding of their Stone Age archaeology. The data for the study was collected through archaeological surveys and excavations, and findings include lithic materials, faunal remains, shell beads, pottery and pigment materials. Evidence shows that foraging communities inhabited the Murewa-Mutoko landscape from Middle Stone Age (MSA) until the appearance of Early Farming Communities (EFCs) around 2,000 bp. Whereas some parts of the Murewa-Mutoko landscape were continuously occupied, others were temporarily deserted during the terminal Pleistocene and mid Holocene perhaps because of the aridity caused by extreme cold and hot weather, respectively. Variation of human activities in the study area was influenced by ecological differences of the three studied zones but also scheduling of natural resource exploitation by foragers as a strategy for maintaining their inhabitation of the landscape. In spite of overlaps in behavioural elements of foraging communities in northern and south western regions of Zimbabwe, it remains unclear why foragers inhabited the latter much later compared to the former. Future researches are therefore recommended to tackle this area of research.",,"Marufu, Happinos (2012.0). FORAGING COMMUNITIES OF THE MUREWA-MUTOKO LANDSCAPE An Archaeological Study of Human Behaviour during the Terminal Pleistocene and Holocene Epochs. University of Dar es Salaam.","[
  {
    ""resourceId"": ""a61a7292-9747-40a1-855c-44fb7c8b1f6c"",
    ""resourceXresourceId"": """",
    ""ontologyProperty"": """",
    ""inverseOntologyProperty"": """"
  }
]",,2025-07-18,,,2025-07-18
097b9c73-dbf5-4ca8-bed6-53997d7853e1,INFO-00000202,FEHEK2EH,Journal article,"Fourteen years of archaeological and heritage research in the iringa region, tanzania","Miller, J. M.; Werner, J. J.; Biittner, K. M.; Willoughby, P. R.",,2020,African Archaeological Review,2,10.1007/s10437-020-09383-w,,"0263-0338, 1572-9842",271-292,37,https://link.springer.com/10.1007/s10437-020-09383-w,English,"Abstract              The Iringa Region is famous among archaeologists for the Acheulean site of Isimila, and among historians as the stronghold where Chief Mkwawa led the Hehe resistance against German colonial forces. However, our research reveals that Iringa has a rich archaeological record that spans the period from the Stone Age into the recent past. This article summarizes the results of 14 years of research by our team, the Iringa Region Archaeological Project (IRAP). Since 2006, IRAP members have recorded 67 sites, and this only scratches the surface of the archaeological potential in the area. These sites, some of which were recorded in conjunction with local participants, have archaeological component characteristic of the Early, Middle, and Later Stone Age, the Iron Age, and the recent past. We consider the archaeological and historical value of Iringa to be high and hope that this work inspires future research, tourism, and conservation efforts in the area.            ,               Résumé              La région d’Iringa en Tanzanie est. reconnue par les archéologues pour le site acheuléen d’Isimila et parmi les historiens comme le fief où le chef Mkwawa a dirigé la résistance du Hehe contre les forces coloniales allemandes. Cependant, nos recherches révèlent qu’Iringa possède de riches archives archéologiques allant de l’âge de pierre au passé récent. Cet article résume les résultats de quatorze années de recherche de notre équipe, le projet archéologique de la région d’Iringa (PARI). Depuis 2006, les membres du PARI ont enregistré 67 sites, ce qui ne fait qu’effleurer la surface du potentiel archéologique de la région. Les sites identifiés présentent des éléments archéologiques caractéristiques de l’âge de pierre précoce, moyen et postérieur, de l’âge du fer, et du passé historique. En outre, un certain nombre de sites culturels importants ont été enregistrés en collaboration avec des participants locaux. Nous considérons que la valeur archéologique et historique d’Iringa est. élevée et espérons que ces travaux inspireront la recherche, le tourisme et la conservation dans cette région importante.",,"Miller, J. M.; Werner, J. J.; Biittner, K. M.; Willoughby, P. R. (2020.0). Fourteen Years of Archaeological and Heritage Research in the Iringa Region, Tanzania. nan. https://doi.org/10.1007/s10437-020-09383-w","[
  {
    ""resourceId"": ""a61a7292-9747-40a1-855c-44fb7c8b1f6c"",
    ""resourceXresourceId"": """",
    ""ontologyProperty"": """",
    ""inverseOntologyProperty"": """"
  }
]",,2025-07-18,,,2025-07-18
7e4ae917-4787-41be-ba36-cf5d98340455,INFO-00000203,6PY896SI,Webpage,Environmental and social management framework. boosting inclusive growth for zanzibar (big-z): integrated development project,Ministry of Finance and Planning,,2020,,,,,,,,https://documents1.worldbank.org/curated/en/473841593496287461/pdf/Environmental-and-Social-Management-Framework.pdf,,,,Ministry of Finance and Planning (2020.0). Environmental and Social Management Framework. Boosting Inclusive Growth for Zanzibar (BIG-Z): Integrated Development Project. nan. https://documents1.worldbank.org/curated/en/473841593496287461/pdf/Environmental-and-Social-Management-Framework.pdf,"[
  {
    ""resourceId"": ""a61a7292-9747-40a1-855c-44fb7c8b1f6c"",
    ""resourceXresourceId"": """",
    ""ontologyProperty"": """",
    ""inverseOntologyProperty"": """"
  }
]",,2025-07-18,,,2025-07-18
22911bc1-f16b-4325-adcc-230f0212cf98,INFO-00000204,QBRU77JK,Journal article,El-khandaq – the town in the light of some western pre-modern sources,"Sjöström, Isabella Welsby",,,,,,,,,,,English,,,"Sjöström, Isabella Welsby (nan). El-Khandaq – the town in the light of some Western pre-modern sources. nan.","[
  {
    ""resourceId"": ""a61a7292-9747-40a1-855c-44fb7c8b1f6c"",
    ""resourceXresourceId"": """",
    ""ontologyProperty"": """",
    ""inverseOntologyProperty"": """"
  }
]",,2025-07-18,,,2025-07-18
e0d73613-b74a-4c83-b541-34b892a674b2,INFO-00000205,PI3WGKFS,Journal article,"Excavations at lanet, kenya, 1957","Posnansky, Merrick",,1967,Azania Archaeological  Research in Africa,1,DOI: 10.1080/0067270X.1967,,,89-114,2,,English,,,"Posnansky, Merrick (1967.0). Excavations at Lanet, Kenya, 1957. nan. https://doi.org/DOI: 10.1080/0067270X.1967","[
  {
    ""resourceId"": ""a61a7292-9747-40a1-855c-44fb7c8b1f6c"",
    ""resourceXresourceId"": """",
    ""ontologyProperty"": """",
    ""inverseOntologyProperty"": """"
  }
]",,2025-07-18,,,2025-07-18
1d2f15ec-158d-4e2c-90e0-3a0183cfeade,INFO-00000206,XL7L8SFC,Book,Fort jesus: a portuguese fortress on the east african coast,"Kirkman, James",Clarendon Place,1974,,,,0-19-920035-1 978-0-19-920035-1,,,,,,,,"Kirkman, James (1974.0). Fort Jesus: A Portuguese Fortress on the East African Coast. Clarendon Place.","[
  {
    ""resourceId"": ""a61a7292-9747-40a1-855c-44fb7c8b1f6c"",
    ""resourceXresourceId"": """",
    ""ontologyProperty"": """",
    ""inverseOntologyProperty"": """"
  }
]",,2025-07-18,,,2025-07-18
29b46d31-b7b0-4b84-baa1-f686eabf1f8a,INFO-00000207,RYUUNY5K,Journal article,"Exploring swahili urbanism through survey of songo mnara island, tanzania","Pawlowicz, Matthew; Fleisher, Jeffrey; Wynne-Jones, Stephanie",,2023,The Journal of Island and Coastal Archaeology,3,10.1080/15564894.2021.1988007,,"1556-4894, 1556-1828",426-450,18,https://www.tandfonline.com/doi/full/10.1080/15564894.2021.1988007,English,,,"Pawlowicz, Matthew; Fleisher, Jeffrey; Wynne-Jones, Stephanie (2023.0). Exploring Swahili urbanism through survey of Songo Mnara Island, Tanzania. nan. https://doi.org/10.1080/15564894.2021.1988007","[
  {
    ""resourceId"": ""a61a7292-9747-40a1-855c-44fb7c8b1f6c"",
    ""resourceXresourceId"": """",
    ""ontologyProperty"": """",
    ""inverseOntologyProperty"": """"
  }
]",,2025-07-18,,,2025-07-18
8dfee16e-0577-4503-9143-e214baec7ca7,INFO-00000208,INHIUIAA,Report,"Fasil ghebbi, gondar region periodic report",Ethiopian National AuthorityThe Authority for Research and Conservation of Cultural Heritage (ARCCH),,2017,,,,,,,,https://whc.unesco.org/en/list/19/documents/,,,,"Ethiopian National AuthorityThe Authority for Research and Conservation of Cultural Heritage (ARCCH) (2017.0). Fasil Ghebbi, Gondar Region Periodic Report. nan. https://whc.unesco.org/en/list/19/documents/","[
  {
    ""resourceId"": ""a61a7292-9747-40a1-855c-44fb7c8b1f6c"",
    ""resourceXresourceId"": """",
    ""ontologyProperty"": """",
    ""inverseOntologyProperty"": """"
  }
]",,2025-07-18,,,2025-07-18
d5892c18-38ad-4c6f-94c4-31465a4ef248,INFO-00000209,I4AQ4SMB,Document,"Fasil ghebbi, gondar region","CeThe Authority for Research and Conservation of Cultural Heritage (ARCCH)ntre, UNESCO World Heritage",,2025,,,,,,,,https://whc.unesco.org/en/list/19/,English,"In the 16th and 17th centuries, the fortress-city of Fasil Ghebbi was the residence of the Ethiopian emperor Fasilides and his successors. Surrounded by a 900-m-long wall, the city contains palaces, churches,  ...",,"CeThe Authority for Research and Conservation of Cultural Heritage (ARCCH)ntre, UNESCO World Heritage (2025.0). Fasil Ghebbi, Gondar Region. nan. https://whc.unesco.org/en/list/19/","[
  {
    ""resourceId"": ""a61a7292-9747-40a1-855c-44fb7c8b1f6c"",
    ""resourceXresourceId"": """",
    ""ontologyProperty"": """",
    ""inverseOntologyProperty"": """"
  }
]",,2025-07-18,,,2025-07-18
f3a87405-42cd-46be-9f12-f7f2710802e2,INFO-00000210,FMP37R39,Book,"Fouilles archéologiques dans la vallée du haut-lualaba, zaïre. ii : sanga et katongo, 1974.","de Maret, Pierre",Musée royal de l'Afrique Centrale,1985,,,,,,,I - Textes,,French,,,"de Maret, Pierre (1985.0). Fouilles archéologiques dans la vallée du Haut-Lualaba, Zaïre. II : Sanga et Katongo, 1974.. Musée royal de l'Afrique Centrale.","[
  {
    ""resourceId"": ""a61a7292-9747-40a1-855c-44fb7c8b1f6c"",
    ""resourceXresourceId"": """",
    ""ontologyProperty"": """",
    ""inverseOntologyProperty"": """"
  }
]",,2025-07-18,,,2025-07-18
ce4598c1-0376-4aa1-b3da-053487d81b23,INFO-00000211,F7PTJNUX,Book,Exploration du parc national albert: mission j. de heinzelin de braucourt (1950). fascicule 2: les fouilles d'ishango,"de Heinzelin de Braucourt, Jean",Institut des parcs nationaux du Congo Belge,1957,,,,,,,,,French,,,"de Heinzelin de Braucourt, Jean (1957.0). Exploration du Parc national Albert: mission J. de Heinzelin de Braucourt (1950). Fascicule 2: les fouilles d'Ishango. Institut des parcs nationaux du Congo Belge.","[
  {
    ""resourceId"": ""a61a7292-9747-40a1-855c-44fb7c8b1f6c"",
    ""resourceXresourceId"": """",
    ""ontologyProperty"": """",
    ""inverseOntologyProperty"": """"
  }
]",,2025-07-18,,,2025-07-18
21e0cd5c-2906-400a-aa7f-6b776784ffd3,INFO-00000212,2WH26CTK,Journal article,"From conflict archaeology to archaeologies of conflict: remote survey in kandahar, afghanistan","Boak, Emily",,2019,Journal of Conflict Archaeology,002-003,10.1080/15740773.2019.1731144,,"1574-0773, 1574-0781",143-162,14,https://www.tandfonline.com/doi/full/10.1080/15740773.2019.1731144,English,,,"Boak, Emily (2019.0). From conflict archaeology to archaeologies of conflict: remote survey in Kandahar, Afghanistan. nan. https://doi.org/10.1080/15740773.2019.1731144","[
  {
    ""resourceId"": ""a61a7292-9747-40a1-855c-44fb7c8b1f6c"",
    ""resourceXresourceId"": """",
    ""ontologyProperty"": """",
    ""inverseOntologyProperty"": """"
  }
]",,2025-07-18,,,2025-07-18
6d9a6d6d-c9fd-4f18-99ca-9674206d04e7,INFO-00000213,LPUZFCK8,Journal article,"Eyes in the sky on tigray, ethiopia - monitoring the impact of armed conflict on cultivated highlands using satellite imagery","Weldegebriel, Liya; Negash, Emnet; Nyssen, Jan; Lobell, David B.",,2024,Science of Remote Sensing,,10.1016/j.srs.2024.100133,,26660172,100133,9,https://linkinghub.elsevier.com/retrieve/pii/S2666017224000178,English,,,"Weldegebriel, Liya; Negash, Emnet; Nyssen, Jan; Lobell, David B. (2024.0). Eyes in the sky on Tigray, Ethiopia - Monitoring the impact of armed conflict on cultivated highlands using satellite imagery. nan. https://doi.org/10.1016/j.srs.2024.100133","[
  {
    ""resourceId"": ""a61a7292-9747-40a1-855c-44fb7c8b1f6c"",
    ""resourceXresourceId"": """",
    ""ontologyProperty"": """",
    ""inverseOntologyProperty"": """"
  }
]",,2025-07-18,,,2025-07-18
3c1cd13c-333b-491b-9288-bd37dae1c6bb,INFO-00000214,968GD9WB,Journal article,Estimation of water consumption and productivity for wheat using remote sensing and sebal model: a case study from central clay plain ecosystem in sudan,"Turk, Khalid G. Biro; Alsanad, Mohammed A.",,2023,Open Agriculture,1,10.1515/opag-2022-0230,,2391-9531,20220230,8,https://www.degruyter.com/document/doi/10.1515/opag-2022-0230/html,English,"Abstract                            Remote sensing (RS) can efficiently support the quantification of crop water requirements and water productivity (WP) for evaluating the performance of agricultural production systems and provides relevant feedback for management. This research aimed to estimate winter wheat water consumption and WP in the central clay plain of Sudan by integrating remotely sensed images, climate data, and biophysical modelling. The wheat crop was cultivated under a centre-pivot irrigation system during the winter season of 2014/2015. The Landsat-8 satellite data were used to retrieve the required spectral data. The Surface Energy Balance Algorithm for Land (SEBAL) was supported with RS and climate data for estimating the Actual Evapotranspiration (ETa) and the WP for the wheat crop. The SEBAL outputs were validated using the FAO Penman–Monteith method coupled with field measurements and observation. The results showed that the seasonal ETa ranged from 400 to 600 mm. However, the WP was between 1.2 and 1.5 kg/m               3               during the wheat cycle. The spatial ETa and WP Maps produced by the SEBAL model and Landsat-8 images can improve water use efficiency at field scale environment and estimate the water balance over large agricultural areas.",http://creativecommons.org/licenses/by/4.0,"Turk, Khalid G. Biro; Alsanad, Mohammed A. (2023.0). Estimation of water consumption and productivity for wheat using remote sensing and SEBAL model: A case study from central clay plain Ecosystem in Sudan. nan. https://doi.org/10.1515/opag-2022-0230","[
  {
    ""resourceId"": ""a61a7292-9747-40a1-855c-44fb7c8b1f6c"",
    ""resourceXresourceId"": """",
    ""ontologyProperty"": """",
    ""inverseOntologyProperty"": """"
  }
]",,2025-07-18,,,2025-07-18
a55a58b6-5a79-4697-8c20-05000a97717a,INFO-00000215,D7EK3N26,Journal article,"Hunter-gatherers of the high-altitude afromontane forest – the holocene occupation of mount dendi, ethiopia","Schepers, Christian; Lesur, Joséphine; Vogelsang, Ralf",,2020,Azania: Archaeological Research in Africa,3,10.1080/0067270X.2020.1792709,,"0067-270X, 1945-5534",329–359,55,https://www.tandfonline.com/doi/full/10.1080/0067270X.2020.1792709,,"Dendi Lake Rockshelter is situated about 100 km west of Addis Ababa on the west-central part of the Ethiopian Plateau in the Ginchi woreda of Ethiopia’s Oromiya regional state. In October 2012, a team from the University of Cologne excavated a testtrench that revealed four archaeological complexes that could clearly be distinguished on a typological basis as well as by radiocarbon dates. This article focuses on the lithic artefacts recovered from the excavation and specifically the microliths that are one of the main characteristics of the Later Stone Age. Their high variability in this assemblage is a common feature of contemporaneous sites in the Horn of Africa. The rockshelter is situated in a high-altitude Afromontane forest and was most probably used for short-term stays by groups of hunters.",,"Schepers, Christian; Lesur, Joséphine; Vogelsang, Ralf (2020.0). Hunter-Gatherers of the High-Altitude Afromontane Forest – the Holocene Occupation of Mount Dendi, Ethiopia. nan. https://doi.org/10.1080/0067270X.2020.1792709","[
  {
    ""resourceId"": ""a61a7292-9747-40a1-855c-44fb7c8b1f6c"",
    ""resourceXresourceId"": """",
    ""ontologyProperty"": """",
    ""inverseOntologyProperty"": """"
  }
]",,2026-04-10,,,2026-04-10
a7f9d0e7-c174-4b6e-a1de-0741282922f6,INFO-00000216,UFV2V4NM,Webpage,Island of mozambique,"Centre, UNESCO World Heritage",,2025,UNESCO World Heritage Centre,,,,,,,https://whc.unesco.org/en/list/599/,English,"The fortified city of Mozambique is located on this island, a former Portuguese trading-post on the route to India. Its remarkable architectural unity is due to the consistent use, since the 16th century, of the  ...",,"Centre, UNESCO World Heritage (2025.0). Island of Mozambique. nan. https://whc.unesco.org/en/list/599/","[
  {
    ""resourceId"": ""a61a7292-9747-40a1-855c-44fb7c8b1f6c"",
    ""resourceXresourceId"": """",
    ""ontologyProperty"": """",
    ""inverseOntologyProperty"": """"
  }
]",,2025-07-18,,,2025-07-18
0c1987b5-c9b0-4fd5-a723-585d4c9913c2,INFO-00000217,ERKWFTVV,Journal article,In search of identity and ownership of the mmamotshwane gorge,"Dichaba, Tsholofelo; Thebe, Phenyo Churchill",,2015,Botswana Notes and Records,,,,5255090,56-68,47,https://www.jstor.org/stable/90024304,,"[The paper discusses challenges associated with managing cultural landscapes at Mogonye, Southern District, Botswana. In this area, different stakeholders attach diverse values to the same locale. This has become challenging in the face of heritage tourism since some stakeholders are perceived as detrimental to the resources that are otherwise valuable to other stakeholders. These so-called ?destroyers? are therefore considered as ?outsiders? ?the ?other?. However, the perceived ?other? do not see themselves as being environmentally unfriendly but recognise themselves as having the right to the resources too. In discussing heritage tourism and values attached to the cultural landscape, the scientific, tourism, and spiritual values among others of the MmaMotshwane waterfalls are underscored. This paper further discusses gorges within theoretical frameworks developed by heritage practitioners and geographers in the field of recreation and tourism. To the local community of Mogonye, MmaMotshwane Gorge is a sacred site; a spiritual haven to traditional doctors and churches while to tourists and other stakeholders, the gorge remains a scientific, recreational and economic resource. Examples are drawn from various parts of the world including Jamaica, South Africa and Botswana.]",,"Dichaba, Tsholofelo; Thebe, Phenyo Churchill (2015.0). In Search of Identity and Ownership of the MmaMotshwane Gorge. nan. https://www.jstor.org/stable/90024304","[
  {
    ""resourceId"": ""a61a7292-9747-40a1-855c-44fb7c8b1f6c"",
    ""resourceXresourceId"": """",
    ""ontologyProperty"": """",
    ""inverseOntologyProperty"": """"
  }
]",,2025-07-18,,,2025-07-18
7ef4d42b-e016-4f54-90db-74f43708275f,INFO-00000218,3VVQG99R,Journal article,"Interregional interaction in southern africa: zhizo and leopard's kopje relations in northern south africa, southwestern zimbabwe, and eastern botswana, ad 1000 to 1200","Calabrese, John A.",,2000,African Archaeological Review,4,10.1023/A:1006796925891,,1572-9842,183-210,17,https://doi.org/10.1023/A:1006796925891,English,"The dominant model of relations between Zhizo- and Leopard's Kopje-ceramic using groups in northern South Africa, southwestern Zimbabwe, and eastern Botswana between AD 1000 and 1300 has been one of hostile invasion by Leopard's Kopje groups, who are thought to have forced Zhizo groups into eastern Botswana (Huffman, 1978, 1986a, 1996). Leopard's Kopje groups are thereupon thought to have set about the process of nascent state formation in the absence of any significant contact, other than violence or intermittent intermarriage (Denbow, 1982, 1983, 1986; Huffman, 1986a, 1996), with their Zhizo (i.e., Toutswe) neighbors to the west. More recently, Denbow (1990) has modified his position to include trade in exotic goods as a regular feature of Leopard's Kopje–Zhizo relations. Radiocarbon and ceramic data from the Iron Age site Leokwe Hill, in combination with the available ceramic data and a reanalysis of the ceramics from the site Schroda, indicate that current interpretations of the relations between Zhizo and Leopard's Kopje groups need to be reconsidered. New hypotheses are presented that posit that the nature and intensity of interaction between these groups was more far-reaching than is currently thought.",,"Calabrese, John A. (2000.0). Interregional Interaction in Southern Africa: Zhizo and Leopard's Kopje Relations in Northern South Africa, Southwestern Zimbabwe, and Eastern Botswana, AD 1000 to 1200. nan. https://doi.org/10.1023/A:1006796925891","[
  {
    ""resourceId"": ""a61a7292-9747-40a1-855c-44fb7c8b1f6c"",
    ""resourceXresourceId"": """",
    ""ontologyProperty"": """",
    ""inverseOntologyProperty"": """"
  }
]",,2025-07-18,,,2025-07-18
62a920dd-1d02-4d08-bf64-1302ec333f62,INFO-00000219,MNABCBMY,Journal article,Iron age sites in north-eastern tanzania,"Soper, Robert",Routledge,1967,Azania: Archaeological Research in Africa,1,10.1080/00672706709511438,,0067-270X,19-36,2,https://doi.org/10.1080/00672706709511438,,"This second report by Mr. Soper describes part of the results of a survey of Iron Age remains which has so far covered south-eastern Kenya and parts of Tanga and Kilimanjaro Regions of Tanzania. The survey is being conducted by the British Institute of History and Archaeology in East Africa and the associated Bantu Studies Project and is conceived as a preliminary examination by means of surface collection and limited excavation where appropriate; in two areas, the South Pare Hills and Usambara Mountains of Tanzania it has produced results of sufficient significance to merit publication at this stage.",,"Soper, Robert (1967.0). Iron Age Sites in North-Eastern Tanzania. Routledge. https://doi.org/10.1080/00672706709511438","[
  {
    ""resourceId"": ""a61a7292-9747-40a1-855c-44fb7c8b1f6c"",
    ""resourceXresourceId"": """",
    ""ontologyProperty"": """",
    ""inverseOntologyProperty"": """"
  }
]",,2025-07-18,,,2025-07-18
ab946019-0598-4197-a5d8-9f28d01cab23,INFO-00000220,76XZBD4N,Journal article,Iron age ceramic studies in great lakes eastern africa: a critical and historiographical review,"Stewart, Kearsley A.",,1993,African Archaeological Review,1,10.1007/BF01118141,,1572-9842,21-37,11,https://doi.org/10.1007/BF01118141,English,"The influence of Merrick Posnansky's work on the development of Iron Age Great Lakes ceramic studies is traced and an historiographical analysis of the published material of associated African, American, Belgian and British Iron Age Africanist archaeologists is offered. The article examines the methodologies and concepts employed by archaeologists from the 1950s to the present, as they defined the chronological, classificatory, regional and stylistic boundaries of Urewe and rouletted pottery. Particular attention is paid to the influence of American, British and Belgian worldviews on Iron Age research priorities and consequent disparities between Early Iron Age and Later Iron Age studies. Also examined are conclusions about the ethnic identities of the makers of the ceramic material and the significance of the shift from Urewe to rouletted pottery. The paper concludes with some alternative explanations about the relative scarcity of Early Iron Age ceramics and the swift but widely dispersed introduction of rouletted pottery.",,"Stewart, Kearsley A. (1993.0). Iron Age ceramic studies in Great Lakes eastern Africa: a critical and historiographical review. nan. https://doi.org/10.1007/BF01118141","[
  {
    ""resourceId"": ""a61a7292-9747-40a1-855c-44fb7c8b1f6c"",
    ""resourceXresourceId"": """",
    ""ontologyProperty"": """",
    ""inverseOntologyProperty"": """"
  }
]",,2025-07-18,,,2025-07-18
c63c7b5a-32b6-486f-90c9-bf8a60abba14,INFO-00000221,GM4F66JJ,Book section,Holocene lithic industries in nubia,"Jakob, Bastien",De Gruyter,2019,HandBook of Ancient Nubia,,,978-3-11-042038-8,,239-258,,https://www.degruyterbrill.com/document/doi/10.1515/9783110420388-012/pdf?licenseType=restricted,English,,,"Jakob, Bastien (2019.0). Holocene Lithic Industries in Nubia. De Gruyter. https://www.degruyterbrill.com/document/doi/10.1515/9783110420388-012/pdf?licenseType=restricted","[
  {
    ""resourceId"": ""a61a7292-9747-40a1-855c-44fb7c8b1f6c"",
    ""resourceXresourceId"": """",
    ""ontologyProperty"": """",
    ""inverseOntologyProperty"": """"
  }
]",,2025-07-18,,,2025-07-18
cbfbdfd3-1635-4392-aa5b-293a858e15c9,INFO-00000222,DF9XJFHP,Thesis,Inventaire et carte de distribution des sites archéologiques dans le ferlo. mémoire de maîtrise en histoire,"Athie, Adama Harouna",Université Cheikh Anta Diop de Dakar,2011,,,,,,,,,,,,"Athie, Adama Harouna (2011.0). Inventaire et carte de distribution des sites archéologiques dans le Ferlo. Mémoire de maîtrise en Histoire. Université Cheikh Anta Diop de Dakar.","[
  {
    ""resourceId"": ""a61a7292-9747-40a1-855c-44fb7c8b1f6c"",
    ""resourceXresourceId"": """",
    ""ontologyProperty"": """",
    ""inverseOntologyProperty"": """"
  }
]",,2025-07-18,,,2025-07-18
6372c21b-1b40-4ef3-b4bd-e7654d0b1a51,INFO-00000223,B6GREWBI,Journal article,Industrie pré-acheuléenne sur les bords du fleuve niger en amont de bamako (mali),"Tillet, T; Novikoff, A",,1989,Comptes Rendus de l'Académie des Sciences,,,,0249-6305,633-635,309,https://www.documentation.ird.fr/hor/fdi:26969,,,,"Tillet, T; Novikoff, A (1989.0). Industrie pré-acheuléenne sur les bords du fleuve Niger en amont de Bamako (Mali). nan. https://www.documentation.ird.fr/hor/fdi:26969","[
  {
    ""resourceId"": ""a61a7292-9747-40a1-855c-44fb7c8b1f6c"",
    ""resourceXresourceId"": """",
    ""ontologyProperty"": """",
    ""inverseOntologyProperty"": """"
  }
]",,2025-07-18,,,2025-07-18
e93a2bf3-fde1-4ac2-b312-6bec32200c46,INFO-00000224,UQFIYXW4,Book,Identifying ceramics: an introduction to the analysis and interpretation of ceramics excavated from 17th to 20th century archaeological sites and shipwrecks in the south-western cape.,"Klose, Jane","Historical Archaeology Research Group, University of Cape Town",2007,,,,,,,,,,,,"Klose, Jane (2007.0). Identifying ceramics: An introduction to the analysis and interpretation of ceramics excavated from 17th to 20th century archaeological sites and shipwrecks in the south-western Cape.. Historical Archaeology Research Group, University of Cape Town.","[
  {
    ""resourceId"": ""a61a7292-9747-40a1-855c-44fb7c8b1f6c"",
    ""resourceXresourceId"": """",
    ""ontologyProperty"": """",
    ""inverseOntologyProperty"": """"
  }
]",,2025-07-18,,,2025-07-18
47c14425-db99-41d8-8881-bb7249bb7432,INFO-00000225,BWFEXBU5,Journal article,Interconnections : glass beads and trade in southern and eastern africa and the indian ocean - 7th to 16th centuries ad,"Wood, Marilee",Department of Archaeology and Ancient History,2011,,,,,,,,https://urn.kb.se/resolve?urn=urn:nbn:se:uu:diva-162650,English,,,"Wood, Marilee (2011.0). Interconnections : Glass beads and trade in southern and eastern Africa and the Indian Ocean - 7th to 16th centuries AD. Department of Archaeology and Ancient History. https://urn.kb.se/resolve?urn=urn:nbn:se:uu:diva-162650","[
  {
    ""resourceId"": ""a61a7292-9747-40a1-855c-44fb7c8b1f6c"",
    ""resourceXresourceId"": """",
    ""ontologyProperty"": """",
    ""inverseOntologyProperty"": """"
  }
]",,2025-07-18,,,2025-07-18
c8558db9-8b70-41b4-a71b-af7b5a1e86ec,INFO-00000226,78L9W7LA,Journal article,"Historical perspectives on pastoralism and land tenure transformation in ngamiland, botswana: what are the policy and institutional lessons?","Basupi, Lenyeletse; Quinn, Claire; Dougill, Andrew",,2017,"Pastoralism: Research, Policy and Practice",24,10.1186/s13570-017-0093-1,,,001-14,7,https://www.researchgate.net/publication/317328278_Historical_perspectives_on_pastoralism_and_land_tenure_transformation_in_Ngamiland_Botswana_What_are_the_policy_and_institutional_lessons,,,,"Basupi, Lenyeletse; Quinn, Claire; Dougill, Andrew (2017.0). Historical perspectives on pastoralism and land tenure transformation in Ngamiland, Botswana: What are the policy and institutional lessons?. nan. https://doi.org/10.1186/s13570-017-0093-1","[
  {
    ""resourceId"": ""a61a7292-9747-40a1-855c-44fb7c8b1f6c"",
    ""resourceXresourceId"": """",
    ""ontologyProperty"": """",
    ""inverseOntologyProperty"": """"
  }
]",,2025-07-18,,,2025-07-18
e29e30a9-5239-4c04-9909-3434600d091e,INFO-00000227,7XIFET95,Book,Human beginnings in south africa: uncovering the secrets of the stone age,"Deacon, H. J.; Deacon, Janette",Rowman Altamira,1999,,,,978-0-7619-9086-4,,,,,English,"In this readable, contemporary account, two of Africa's leading archaeologists present what we have learned about the development of human species in Southern Africa in 150 years of research. Generously illustrated with over 100 photos, drawings, and Maps, the Deacons describe our primate ancestors, outline the process of emergence of the modern human species, and follow its development through Khoisan prehistory to the point of European contact. An ideal resource for professionals, text for university students, and reader for avocational archaeology.",,"Deacon, H. J.; Deacon, Janette (1999.0). Human Beginnings in South Africa: Uncovering the Secrets of the Stone Age. Rowman Altamira.","[
  {
    ""resourceId"": ""a61a7292-9747-40a1-855c-44fb7c8b1f6c"",
    ""resourceXresourceId"": """",
    ""ontologyProperty"": """",
    ""inverseOntologyProperty"": """"
  }
]",,2025-07-18,,,2025-07-18
e5bd8e9d-5e2e-4cc7-8568-88a9e5cb913c,INFO-00000228,XUN2KD8C,Book section,Howiesons poort,"Peña, Paloma de la",,2024,Oxford Research Encyclopedia of Anthropology,,,978-0-19-085458-4,,,,https://oxfordre.com/anthropology/display/10.1093/acrefore/9780190854584.001.0001/acrefore-9780190854584-e-34?d=%2F10.1093%2Facrefore%2F9780190854584.001.0001%2Facrefore-9780190854584-e-34&p=emailAqW9hiUxOPcus,English,"""Howiesons Poort"" published on  by Oxford University Press.",,"Peña, Paloma de la (2024.0). Howiesons Poort. nan. https://oxfordre.com/anthropology/display/10.1093/acrefore/9780190854584.001.0001/acrefore-9780190854584-e-34?d=%2F10.1093%2Facrefore%2F9780190854584.001.0001%2Facrefore-9780190854584-e-34&p=emailAqW9hiUxOPcus","[
  {
    ""resourceId"": ""a61a7292-9747-40a1-855c-44fb7c8b1f6c"",
    ""resourceXresourceId"": """",
    ""ontologyProperty"": """",
    ""inverseOntologyProperty"": """"
  }
]",,2025-07-18,,,2025-07-18
4df8b436-d967-44fd-a40f-50d25b5a48af,INFO-00000229,VB8E3KNB,Journal article,"Hunting and foraging in the eyasi basin, northern tanzania: past, present and future prospects","Mabulla, Audax Z. P.",,2007,African Archaeological Review,001-002,10.1007/s10437-007-9013-x,,"0263-0338, 1572-9842",15-33,24,http://link.springer.com/10.1007/s10437-007-9013-x,English,,http://www.springer.com/tdm,"Mabulla, Audax Z. P. (2007.0). Hunting and Foraging in the Eyasi Basin, Northern Tanzania: Past, Present and Future Prospects. nan. https://doi.org/10.1007/s10437-007-9013-x","[
  {
    ""resourceId"": ""a61a7292-9747-40a1-855c-44fb7c8b1f6c"",
    ""resourceXresourceId"": """",
    ""ontologyProperty"": """",
    ""inverseOntologyProperty"": """"
  }
]",,2025-07-18,,,2025-07-18
6083acbd-9142-4f19-9a9b-58710e0652b2,INFO-00000230,BXSN98RJ,Journal article,"Iron production in north pare, tanzania: archaeometallurgical and geoarchaeological perspectives on landscape change","Iles, L.; Stump, D.; Heckmann, M.; Lang, C.; Lane, P. J.",,2018,African Archaeological Review,4,10.1007/s10437-018-9312-4,,"0263-0338, 1572-9842",507-530,35,http://link.springer.com/10.1007/s10437-018-9312-4,English,,,"Iles, L.; Stump, D.; Heckmann, M.; Lang, C.; Lane, P. J. (2018.0). Iron Production in North Pare, Tanzania: Archaeometallurgical and Geoarchaeological Perspectives on Landscape Change. nan. https://doi.org/10.1007/s10437-018-9312-4","[
  {
    ""resourceId"": ""a61a7292-9747-40a1-855c-44fb7c8b1f6c"",
    ""resourceXresourceId"": """",
    ""ontologyProperty"": """",
    ""inverseOntologyProperty"": """"
  }
]",,2025-07-18,,,2025-07-18
c39b57b4-4125-4dfd-86f2-7de04237a943,INFO-00000231,HJVQ8P59,Journal article,"Jack of two trades, master of both: smelting and healing in ufipa, southwestern tanzania","Mapunda, Bertram",,2011,African Archaeological Review,3,10.1007/s10437-011-9099-z,,"0263-0338, 1572-9842",161-175,28,http://link.springer.com/10.1007/s10437-011-9099-z,English,,http://www.springer.com/tdm,"Mapunda, Bertram (2011.0). Jack of Two Trades, Master of Both: Smelting and Healing in Ufipa, Southwestern Tanzania. nan. https://doi.org/10.1007/s10437-011-9099-z","[
  {
    ""resourceId"": ""a61a7292-9747-40a1-855c-44fb7c8b1f6c"",
    ""resourceXresourceId"": """",
    ""ontologyProperty"": """",
    ""inverseOntologyProperty"": """"
  }
]",,2025-07-18,,,2025-07-18
fd88c9d7-68f0-431f-a7ce-8008a7e469cd,INFO-00000232,RGR2KY66,Book,Holocene archaeology of the southern coast of tanzania,"Kweka, Amandus P.",E & D Vision Pub,2011,,,,978-9987-521-67-8,,,,,,,,"Kweka, Amandus P. (2011.0). Holocene archaeology of the southern coast of Tanzania. E & D Vision Pub.","[
  {
    ""resourceId"": ""a61a7292-9747-40a1-855c-44fb7c8b1f6c"",
    ""resourceXresourceId"": """",
    ""ontologyProperty"": """",
    ""inverseOntologyProperty"": """"
  }
]",,2025-07-18,,,2025-07-18
1341313e-6cce-48c6-96e9-2d441bd03414,INFO-00000233,WJLB33HE,Journal article,Innovation and industry during the early iron age in east africa: the km2 and km3 sites of northwest tanzania,"Schmidt, Peter R.; Childs, S. Terry",,1985,The African Archaeological Review,1,10.1007/BF01117455,,"0263-0338, 1572-9842",53-94,3,http://link.springer.com/10.1007/BF01117455,English,,http://www.springer.com/tdm,"Schmidt, Peter R.; Childs, S. Terry (1985.0). Innovation and industry during the Early Iron Age in East Africa: the KM2 and KM3 sites of northwest Tanzania. nan. https://doi.org/10.1007/BF01117455","[
  {
    ""resourceId"": ""a61a7292-9747-40a1-855c-44fb7c8b1f6c"",
    ""resourceXresourceId"": """",
    ""ontologyProperty"": """",
    ""inverseOntologyProperty"": """"
  }
]",,2025-07-18,,,2025-07-18
d432709b-107d-4cd1-929b-5183673f4a5d,INFO-00000234,8VTDJ8T8,Book section,Histories and material manifestations of slavery in the upper gambia river region: preliminary results of the bandafassi regional archaeological project,"Kroot, Matthew V.; Gokee, Cameron",Routledge,2021,Landscapes of Slavery in Africa,,10.4324/9781003121527-2,978-1-003-12152-7,,004-34,,https://www.taylorfrancis.com/Books/9781000334838/chapters/10.4324/9781003121527-2,English,,,"Kroot, Matthew V.; Gokee, Cameron (2021.0). Histories and Material Manifestations of Slavery in the Upper Gambia River Region: Preliminary Results of the Bandafassi Regional Archaeological Project. Routledge. https://doi.org/10.4324/9781003121527-2","[
  {
    ""resourceId"": ""a61a7292-9747-40a1-855c-44fb7c8b1f6c"",
    ""resourceXresourceId"": """",
    ""ontologyProperty"": """",
    ""inverseOntologyProperty"": """"
  }
]",,2025-07-18,,,2025-07-18
45c818a4-a8a5-4547-8b65-cd95e51601a4,INFO-00000235,8QD7KJ3X,Journal article,How to deal with an elephant in the room? understanding non-flint raw materials: characterisation and technological organisation,"Prieto, Alejandro; Aldea-Moreira, Xes; Arzarello, Marta; Berruti, Gabriele L. F.; Caracausi, Sandro; Daffara, Sara; de la Peña, Paloma; Favreau, Julien; García-Rojas, Maite; Huysecom, Eric; Janardhana, Bora; Jha, Deepak Kumar; Lahari, Lalita; Molefyane, T. R.; Pruvost, Charlotte; Rodríguez-Álvarez, Xosé Pedro; Thomas, M.; Vaishnav, Hemant Kumar; Villeneuve, Quentin; de Lombera-Hermida, Arturo",,2022,ArkeoGazte,12,,,2174-856X,73,,http://archive-ouverte.unige.ch:/unige:163603,English,"<p>The increasing approaches to non-flint lithic raw materials are widening our understanding of the economy around lithic resources by prehistoric societies. The characterisation of stone using geoarchaeological disciplines, the identification of technological features on stone artefacts, and the spatio-temporal organisation of lithic reduction sequences are promoting new narratives in lithic studies. Although such lithic studies have gained attention over the last decades, approaches combining different scientific disciplines are still rare. Traditionally, these raw materials, among others: quartz, quartzite, hornfels, limestone or slate, have only been considered as alternative resources in those territories void of flint outcrops. However, they are also present worldwide, playing different techno-economic roles. In addition, the lack of protocol standardisation for the understanding of these raw materials and the mainly flint-minded perspective to understand lithic technology are promoting the underrepresentation of research dealing with non-flint rocks but also the potential historic and human narratives that are hidden on them.</p> <p>This paper aims to bring to the scientific debate the presentations and discussions that have taken place in the session “Understanding Non-Flint Raw materials: Characterisation and Technological Organisation”; from the <i>Rock and Roll: 13th International Symposium on Knappable materials</i>. The information given by the nine communications sheds light on new methodologies to deal with different raw materials than flint worldwide but, especially, they contribute to the understanding of these rocks and the technological organisation of the artefacts created on them by Pleistocene and Holocene societies. Complex technological management, varied procurement strategies, complementary management of resources, the understanding of chronocultural markers, or the comprehension of the nature of lithic assemblages are some of the topics here addressed. In addition, in this paper, we think about the so-called non-flint raw materials and suggest new directions to continue researching them.</p>",,"Prieto, Alejandro; Aldea-Moreira, Xes; Arzarello, Marta; Berruti, Gabriele L. F.; Caracausi, Sandro; Daffara, Sara; de la Peña, Paloma; Favreau, Julien; García-Rojas, Maite; Huysecom, Eric; Janardhana, Bora; Jha, Deepak Kumar; Lahari, Lalita; Molefyane, T. R.; Pruvost, Charlotte; Rodríguez-Álvarez, Xosé Pedro; Thomas, M.; Vaishnav, Hemant Kumar; Villeneuve, Quentin; de Lombera-Hermida, Arturo (2022.0). How to deal with an elephant in the room? Understanding non-flint raw materials: Characterisation and technological organisation. nan. http://archive-ouverte.unige.ch:/unige:163603","[
  {
    ""resourceId"": ""a61a7292-9747-40a1-855c-44fb7c8b1f6c"",
    ""resourceXresourceId"": """",
    ""ontologyProperty"": """",
    ""inverseOntologyProperty"": """"
  }
]",,2025-07-18,,,2025-07-18
18f3e0e6-dc33-4798-b075-644e84ff21de,INFO-00000236,GK3FKKA4,Journal article,"History, imagination and reMapping space in a small urban centre: makambako, iringa region, tanzania","Giblin, James L.",,2001,Azania: Archaeological Research in Africa,1,10.1080/00672700109511707,,"0067-270X, 1945-5534",187-203,36-37,http://www.tandfonline.com/doi/abs/10.1080/00672700109511707,English,,,"Giblin, James L. (2001.0). History, imagination and reMapping space in a small urban centre: Makambako, Iringa Region, Tanzania. nan. https://doi.org/10.1080/00672700109511707","[
  {
    ""resourceId"": ""a61a7292-9747-40a1-855c-44fb7c8b1f6c"",
    ""resourceXresourceId"": """",
    ""ontologyProperty"": """",
    ""inverseOntologyProperty"": """"
  }
]",,2025-07-18,,,2025-07-18
578083be-89bf-4b04-813a-0eb24d856d04,INFO-00000237,IH77L7XU,Journal article,Ilula: excavations of late iron age ‘brick’ sites in the southern highlands of tanzania,"Sutton, J. E. G.",,1973,Azania: Archaeological Research in Africa,1,10.1080/00672707309511577,,"0067-270X, 1945-5534",141-150,8,http://www.tandfonline.com/doi/abs/10.1080/00672707309511577,English,,,"Sutton, J. E. G. (1973.0). Ilula: Excavations of Late Iron Age ‘brick’ sites in the Southern Highlands of Tanzania. nan. https://doi.org/10.1080/00672707309511577","[
  {
    ""resourceId"": ""a61a7292-9747-40a1-855c-44fb7c8b1f6c"",
    ""resourceXresourceId"": """",
    ""ontologyProperty"": """",
    ""inverseOntologyProperty"": """"
  }
]",,2025-07-18,,,2025-07-18
01ddec42-b136-434d-a866-8cd4b6a7735c,INFO-00000238,EFJQ7IQN,Journal article,"Iron age settlement around mkiu, south-eastern tanzania","Fawcett, William B.; Violette, Adria La",,1990,Azania: Archaeological Research in Africa,1,10.1080/00672709009511405,,"0067-270X, 1945-5534",19-26,25,http://www.tandfonline.com/doi/abs/10.1080/00672709009511405,English,,,"Fawcett, William B.; Violette, Adria La (1990.0). Iron Age Settlement around Mkiu, south-eastern Tanzania. nan. https://doi.org/10.1080/00672709009511405","[
  {
    ""resourceId"": ""a61a7292-9747-40a1-855c-44fb7c8b1f6c"",
    ""resourceXresourceId"": """",
    ""ontologyProperty"": """",
    ""inverseOntologyProperty"": """"
  }
]",,2025-07-18,,,2025-07-18
542ef7f2-1add-40d2-baaf-61321e290fd7,INFO-00000239,PR46A3J4,Journal article,"Iron age agriculture, fishing and trade in the mafia archipelago, tanzania: new evidence from ukunju cave","Crowther, Alison; Horton, Mark; Kotarba-Morley, Anna; Prendergast, Mary; Quintana Morales, Eréndira; Wood, Marilee; Shipton, Ceri; Fuller, Dorian Q; Tibesasa, Ruth; Mills, William; Boivin, Nicole",,2014,Azania: Archaeological Research in Africa,1,10.1080/0067270X.2013.878104,,"0067-270X, 1945-5534",21-44,49,http://www.tandfonline.com/doi/abs/10.1080/0067270X.2013.878104,English,,,"Crowther, Alison; Horton, Mark; Kotarba-Morley, Anna; Prendergast, Mary; Quintana Morales, Eréndira; Wood, Marilee; Shipton, Ceri; Fuller, Dorian Q; Tibesasa, Ruth; Mills, William; Boivin, Nicole (2014.0). Iron Age agriculture, fishing and trade in the Mafia Archipelago, Tanzania: new evidence from Ukunju Cave. nan. https://doi.org/10.1080/0067270X.2013.878104","[
  {
    ""resourceId"": ""a61a7292-9747-40a1-855c-44fb7c8b1f6c"",
    ""resourceXresourceId"": """",
    ""ontologyProperty"": """",
    ""inverseOntologyProperty"": """"
  }
]",,2025-07-18,,,2025-07-18
2a0988f4-5127-4ce0-b534-0e00520309bc,INFO-00000240,JN6ZS53K,Journal article,History of darfur,"Lampen, G. D.",University of Khartoum,1950,Sudan Notes and Records,2,,,0375-2984,177-209,31,https://www.jstor.org/stable/41716624,,,,"Lampen, G. D. (1950.0). History of Darfur. University of Khartoum. https://www.jstor.org/stable/41716624","[
  {
    ""resourceId"": ""a61a7292-9747-40a1-855c-44fb7c8b1f6c"",
    ""resourceXresourceId"": """",
    ""ontologyProperty"": """",
    ""inverseOntologyProperty"": """"
  }
]",,2025-07-18,,,2025-07-18
556e92ed-8291-49d6-a6db-f9bface65209,INFO-00000241,MW6QRI55,Journal article,"Islamization and urbanization on the coast of east africa: recent excavations at gedi, kenya","Pradines, S",,2003,Azania Archaeological Research in Africa,1,10.1080/00672700309480369,,,180-182,38,https://www.researchgate.net/publication/233295071_Islamization_and_Urbanization_on_the_Coast_of_East_Africa_recent_excavations_at_Gedi_Kenya,,,,"Pradines, S (2003.0). Islamization and Urbanization on the Coast of East Africa: recent excavations at Gedi, Kenya. nan. https://doi.org/10.1080/00672700309480369","[
  {
    ""resourceId"": ""a61a7292-9747-40a1-855c-44fb7c8b1f6c"",
    ""resourceXresourceId"": """",
    ""ontologyProperty"": """",
    ""inverseOntologyProperty"": """"
  }
]",,2025-07-18,,,2025-07-18
61ca2e81-8580-4cc5-b044-ea15d5d74e72,INFO-00000242,D9PAMW2P,Journal article,"Holocene climate change and cultural adaptation: case study from the saloum delta, senegal, west africa","Holl, Augustin",,2023,,,10.32474/JAAS.2023.07.000273,,,,,,,"Islands and coastal areas tend to be hyper-sensitive to climate change at different magnitude and time scales. Building on previous research conducted from the first half of the 20th century to the present, the Saloum Delta anthropological archaeology project launched in 2017 aims to investigate the onset and development of intensive exploitation of deltaic resources as well as patterns of cultural adaptation in the context of global Holocene climate change along coastal West Africa. The Saloum delta is located in coastal Senegal at the western end of West Africa. It is today the northernmost mangrove along the West African coast, a UNESCO listed mixed biological preserve and world Heritage site, with birds' sanctuaries and hundreds of shell-middens. Hypothetically, fluctuating species compositions of the collected shells' samples may have reflected the interplay between anthropic action and natural phenomena triggered by climate change. Middens size differences and location are key cultural variable to be investigated. For the first time some activities areas, beside burials, were recorded in one of the tested midden. Complete shells size (length and width) is relied upon to monitor cycles of exploitation in the largest tested midden of Oudierin-Boumak and used as proxy for either climate or anthropic induced changes. The formation of the tested midden spans the entire Holocene period from 8500 BCE to 1350 CE, visited intermittently for short periods of intensive shellfish processing followed by long periods of abandonment. This paper investigates the most probable causes of the documented punctuated nature of shellfish exploitation and by extension the formation of the shell-midden under consideration.",,"Holl, Augustin (2023.0). Holocene Climate Change and Cultural Adaptation: Case Study from the Saloum Delta, Senegal, West Africa. nan. https://doi.org/10.32474/JAAS.2023.07.000273","[
  {
    ""resourceId"": ""a61a7292-9747-40a1-855c-44fb7c8b1f6c"",
    ""resourceXresourceId"": """",
    ""ontologyProperty"": """",
    ""inverseOntologyProperty"": """"
  }
]",,2025-07-18,,,2025-07-18
1b43269e-46a7-4f74-a439-d12c9dc3613a,INFO-00000243,DBLHE3F3,Journal article,Iron age sites in northern botswana’s okavango delta 1: the southern delta sites mat82 and matlapaneng plus qogana on the region’s eastern margin,"Denbow, James; Wilmsen, Edwin N.",,2023,Azania: Archaeological Research in Africa,1,10.1080/0067270X.2023.2182563,,"0067-270X, 1945-5534",34-73,58,https://www.tandfonline.com/doi/full/10.1080/0067270X.2023.2182563,English,,,"Denbow, James; Wilmsen, Edwin N. (2023.0). Iron Age sites in northern Botswana’s Okavango Delta 1: the southern Delta sites Mat82 and Matlapaneng plus Qogana on the region’s eastern margin. nan. https://doi.org/10.1080/0067270X.2023.2182563","[
  {
    ""resourceId"": ""a61a7292-9747-40a1-855c-44fb7c8b1f6c"",
    ""resourceXresourceId"": """",
    ""ontologyProperty"": """",
    ""inverseOntologyProperty"": """"
  }
]",,2025-07-18,,,2025-07-18
be0b7b33-0144-4558-8fec-32517397a97d,INFO-00000244,REW5AK42,Journal article,Iron age sites in northern botswana’s okavango delta 2: the xaro sites in the panhandle of the river-delta system,"Wilmsen, Edwin N.; Denbow, James",,2023,Azania: Archaeological Research in Africa,1,10.1080/0067270X.2023.2182570,,"0067-270X, 1945-5534",74-103,58,https://www.tandfonline.com/doi/full/10.1080/0067270X.2023.2182570,English,,,"Wilmsen, Edwin N.; Denbow, James (2023.0). Iron Age sites in northern Botswana’s Okavango Delta 2: the Xaro sites in the Panhandle of the river-delta system. nan. https://doi.org/10.1080/0067270X.2023.2182570","[
  {
    ""resourceId"": ""a61a7292-9747-40a1-855c-44fb7c8b1f6c"",
    ""resourceXresourceId"": """",
    ""ontologyProperty"": """",
    ""inverseOntologyProperty"": """"
  }
]",,2025-07-18,,,2025-07-18
ed7954fc-c6c9-4f46-948c-ab52497eb367,INFO-00000245,7GWE67LK,Blog post,Historical archaeologies of nineteenth-century colonial tanzania: a comparative study,"Rhodes, Daniel",,2010,BAR Publishing,,,,,,,https://www.barpublishing.com/Book/historical-archaeologies-of-nineteenth-century-colonial-tanzania-a-comparative-study/,,"By conducting a study of archaeology and the built environment within an East African context, this monograph aims to actively promote the conservation of culturally important and endangered environments, and to use archaeology to address fundamentalquestions of identity within the process of colonialism in East Africa in the nineteenth century. Through a comparison of material […]",,"Rhodes, Daniel (2010.0). Historical Archaeologies of Nineteenth-Century Colonial Tanzania: A Comparative Study. nan. https://www.barpublishing.com/Book/historical-archaeologies-of-nineteenth-century-colonial-tanzania-a-comparative-study/","[
  {
    ""resourceId"": ""a61a7292-9747-40a1-855c-44fb7c8b1f6c"",
    ""resourceXresourceId"": """",
    ""ontologyProperty"": """",
    ""inverseOntologyProperty"": """"
  }
]",,2025-07-18,,,2025-07-18
de1f394c-8f8d-4dcd-8f94-1680c8ce10ce,INFO-00000246,AK25T4ZT,Journal article,"Heritage proximity, attitudes to tourism impacts and residents’ support for heritage tourism in kaole site, tanzania","Lwoga, Noel Biseko",,2018,ResearchGate,,,,,,,https://www.researchgate.net/publication/329805911_Heritage_proximity_attitudes_to_tourism_impacts_and_residents'_support_for_heritage_tourism_in_Kaole_Site_Tanzania,English,Access 135+ million publications and connect with 20+ million researchers. Join for free and gain visibility by uploading your research.,,"Lwoga, Noel Biseko (2018.0). Heritage proximity, attitudes to tourism impacts and residents’ support for heritage tourism in Kaole Site, Tanzania. nan. https://www.researchgate.net/publication/329805911_Heritage_proximity_attitudes_to_tourism_impacts_and_residents'_support_for_heritage_tourism_in_Kaole_Site_Tanzania","[
  {
    ""resourceId"": ""a61a7292-9747-40a1-855c-44fb7c8b1f6c"",
    ""resourceXresourceId"": """",
    ""ontologyProperty"": """",
    ""inverseOntologyProperty"": """"
  }
]",,2025-07-18,,,2025-07-18
3c0bf89f-82c6-40be-ac60-1d7fcaf0a038,INFO-00000247,IDIWJXK7,Webpage,Historic georgetown,"UNESCO, UNESCO World Heritage",,2025,UNESCO World Heritage Centre,,,,,,,https://whc.unesco.org/en/tentativelists/6064/,English,UNESCO World Heritage Centre,,"UNESCO, UNESCO World Heritage (2025.0). Historic Georgetown. nan. https://whc.unesco.org/en/tentativelists/6064/","[
  {
    ""resourceId"": ""a61a7292-9747-40a1-855c-44fb7c8b1f6c"",
    ""resourceXresourceId"": """",
    ""ontologyProperty"": """",
    ""inverseOntologyProperty"": """"
  }
]",,2025-07-18,,,2025-07-18
ff9cbbd9-ef60-43f7-a1b9-b836b3a588a3,INFO-00000248,776Z94D5,Webpage,Inscription sibiloi/central island national parks (kenya),UNESCO,,1997,World Heritage Centre,,,,,,,https://whc.unesco.org/en/decisions/2857,,,,UNESCO (1997.0). Inscription Sibiloi/Central Island National Parks (Kenya). nan. https://whc.unesco.org/en/decisions/2857,"[
  {
    ""resourceId"": ""a61a7292-9747-40a1-855c-44fb7c8b1f6c"",
    ""resourceXresourceId"": """",
    ""ontologyProperty"": """",
    ""inverseOntologyProperty"": """"
  }
]",,2025-07-18,,,2025-07-18
7fd4b134-84f2-4bd1-8d1e-4dfc846c0765,INFO-00000249,ESNE8L63,Webpage,"Inscription of lamu old town, kenya",UNESCO,,2001,,,,,,,,https://whc.unesco.org/archive/repcom01.htm#1055,English,,,"UNESCO (2001.0). Inscription of Lamu Old Town, Kenya. nan. https://whc.unesco.org/archive/repcom01.htm#1055","[
  {
    ""resourceId"": ""a61a7292-9747-40a1-855c-44fb7c8b1f6c"",
    ""resourceXresourceId"": """",
    ""ontologyProperty"": """",
    ""inverseOntologyProperty"": """"
  }
]",,2025-07-18,,,2025-07-18
143b9ba8-4ae4-4a1f-88cc-b8d39c527a0a,INFO-00000250,NV6DDDWB,Webpage,Inscription of thimlich ohinga archaeological site (kenya),UNESCO,,2018,,,,,,,,https://whc.unesco.org/en/decisions/7127,,,,UNESCO (2018.0). Inscription of Thimlich Ohinga Archaeological Site (Kenya). nan. https://whc.unesco.org/en/decisions/7127,"[
  {
    ""resourceId"": ""a61a7292-9747-40a1-855c-44fb7c8b1f6c"",
    ""resourceXresourceId"": """",
    ""ontologyProperty"": """",
    ""inverseOntologyProperty"": """"
  }
]",,2025-07-18,,,2025-07-18
455cbfd2-9f34-41a5-9554-2d507928d4b1,INFO-00000251,NC5D87KR,Webpage,Inscription of lake turkana parks into list of world heritage in danger,UNESCO,,2018,,,,,,,,https://whc.unesco.org/en/decisions/7160,,,,UNESCO (2018.0). Inscription of Lake Turkana Parks into List of World Heritage in Danger. nan. https://whc.unesco.org/en/decisions/7160,"[
  {
    ""resourceId"": ""a61a7292-9747-40a1-855c-44fb7c8b1f6c"",
    ""resourceXresourceId"": """",
    ""ontologyProperty"": """",
    ""inverseOntologyProperty"": """"
  }
]",,2025-07-18,,,2025-07-18
32f15406-67b2-4d65-ad3a-a40049bdced4,INFO-00000252,J434NF6V,Webpage,"Inscription of fort jesus mombasa, kenya into wh list",UNESCO,,2011,,,,,,,,https://whc.unesco.org/en/decisions/4290,,,,"UNESCO (2011.0). Inscription of Fort Jesus Mombasa, Kenya into WH List. nan. https://whc.unesco.org/en/decisions/4290","[
  {
    ""resourceId"": ""a61a7292-9747-40a1-855c-44fb7c8b1f6c"",
    ""resourceXresourceId"": """",
    ""ontologyProperty"": """",
    ""inverseOntologyProperty"": """"
  }
]",,2025-07-18,,,2025-07-18
c516d9b3-3b4d-4600-9c10-21a73358eaed,INFO-00000253,XYP4KZQC,Webpage,"Husuni kubwa kilwa kisiwani, tanzania",Archnet,,,Archnet,,,,,,,https://www.archnet.org/sites/3780,English,,,"Archnet (nan). Husuni Kubwa Kilwa Kisiwani, Tanzania. nan. https://www.archnet.org/sites/3780","[
  {
    ""resourceId"": ""a61a7292-9747-40a1-855c-44fb7c8b1f6c"",
    ""resourceXresourceId"": """",
    ""ontologyProperty"": """",
    ""inverseOntologyProperty"": """"
  }
]",,2025-07-18,,,2025-07-18
32d3ee17-160f-4cce-924a-ddf11b75dd61,INFO-00000254,UXP8RA3H,Journal article,Hyrax hill-fifty years of archaeological research,"Kyule, David",,1993,Kenya Past and Present,25,,,,47-53,,https://journals.co.za/doi/pdf/10.10520/AJA02578301_123,,,,"Kyule, David (1993.0). Hyrax Hill-Fifty Years of Archaeological Research. nan. https://journals.co.za/doi/pdf/10.10520/AJA02578301_123","[
  {
    ""resourceId"": ""a61a7292-9747-40a1-855c-44fb7c8b1f6c"",
    ""resourceXresourceId"": """",
    ""ontologyProperty"": """",
    ""inverseOntologyProperty"": """"
  }
]",,2025-07-18,,,2025-07-18
6c691694-439d-4aef-b453-3406046ab117,INFO-00000255,YR7GGNZ9,Journal article,Husuni kubwa palace: a brief history of kilwa’s magnificent ruins,Ikechukwu,,2024,,,,,,,,https://panafrocore.com/2024/03/13/husuni-kubwa-palace-a-brief-history-of-kilwas-magnificent-ruins/,,,,Ikechukwu (2024.0). Husuni Kubwa Palace: A Brief History of Kilwa’s Magnificent Ruins. nan. https://panafrocore.com/2024/03/13/husuni-kubwa-palace-a-brief-history-of-kilwas-magnificent-ruins/,"[
  {
    ""resourceId"": ""a61a7292-9747-40a1-855c-44fb7c8b1f6c"",
    ""resourceXresourceId"": """",
    ""ontologyProperty"": """",
    ""inverseOntologyProperty"": """"
  }
]",,2025-07-18,,,2025-07-18
35fc6440-7c21-4662-9837-8748a4c16451,INFO-00000256,JKK6936M,Document,Harrar advisory body evaluation (icomos),ICOMOS,,2006,,,,,,,,https://whc.unesco.org/en/list/1189/documents/,,,,ICOMOS (2006.0). Harrar Advisory Body Evaluation (ICOMOS). nan. https://whc.unesco.org/en/list/1189/documents/,"[
  {
    ""resourceId"": ""a61a7292-9747-40a1-855c-44fb7c8b1f6c"",
    ""resourceXresourceId"": """",
    ""ontologyProperty"": """",
    ""inverseOntologyProperty"": """"
  }
]",,2025-07-18,,,2025-07-18
bc7a4dde-61c5-4b17-88b6-550fe92dee36,INFO-00000257,JFPNBU3I,Map,Harrar buffer zone,The Authority for Research and Conservation of Cultural Heritage (ARCCH),,2006,,,,,,,,file:///C:/Users/ad.Dana/Downloads/ET-1189%20(5).pdf,,,,The Authority for Research and Conservation of Cultural Heritage (ARCCH) (2006.0). Harrar Buffer Zone. nan. file:///C:/Users/ad.Dana/Downloads/ET-1189%20(5).pdf,"[
  {
    ""resourceId"": ""a61a7292-9747-40a1-855c-44fb7c8b1f6c"",
    ""resourceXresourceId"": """",
    ""ontologyProperty"": """",
    ""inverseOntologyProperty"": """"
  }
]",,2025-07-18,,,2025-07-18
80c5e9d1-56c1-4866-bb01-a176e83841a9,INFO-00000258,7HPXZIGL,Report,Harrar periodic report,The Authority for Research and Conservation of Cultural Heritage (ARCCH),,2021,,,,,,,,https://whc.unesco.org/en/list/1189/documents/,,,,The Authority for Research and Conservation of Cultural Heritage (ARCCH) (2021.0). HARRAR Periodic Report. nan. https://whc.unesco.org/en/list/1189/documents/,"[
  {
    ""resourceId"": ""a61a7292-9747-40a1-855c-44fb7c8b1f6c"",
    ""resourceXresourceId"": """",
    ""ontologyProperty"": """",
    ""inverseOntologyProperty"": """"
  }
]",,2025-07-18,,,2025-07-18
d2f8ce0e-867e-40fc-aad5-e035e8ac568f,INFO-00000259,QN9VEKYB,Document,Icomos reactive monitoring mission to the aksum world heritage property (c15),ICOMOS,,2016,,,,,,,,file:///C:/Users/ad.Dana/Downloads/upload%20on%206%20April%20-%202016%20ICOMOS%20Reactive%20Monitoring%20Mission%20Aksum%20(6).pdf,,,,ICOMOS (2016.0). Icomos Reactive Monitoring Mission To The    Aksum World Heritage Property (C15). nan. file:///C:/Users/ad.Dana/Downloads/upload%20on%206%20April%20-%202016%20ICOMOS%20Reactive%20Monitoring%20Mission%20Aksum%20(6).pdf,"[
  {
    ""resourceId"": ""a61a7292-9747-40a1-855c-44fb7c8b1f6c"",
    ""resourceXresourceId"": """",
    ""ontologyProperty"": """",
    ""inverseOntologyProperty"": """"
  }
]",,2025-07-18,,,2025-07-18
9b3027ef-55c2-4aeb-a8d9-f7e8132d20a2,INFO-00000260,L65TGGST,Report,James island (gambia),ICOMOS,,2003,,,,,,117-121,,https://whc.unesco.org/document/154203,English,,,ICOMOS (2003.0). James Island (Gambia). nan. https://whc.unesco.org/document/154203,"[
  {
    ""resourceId"": ""a61a7292-9747-40a1-855c-44fb7c8b1f6c"",
    ""resourceXresourceId"": """",
    ""ontologyProperty"": """",
    ""inverseOntologyProperty"": """"
  }
]",,2025-07-18,,,2025-07-18
1f8cba5f-a332-4775-bd99-298153ddd32f,INFO-00000261,4YZ6UY55,Book,Inventaire des sites protohistoriques de la sénégambie,V. MARTIN et Ch. BECKER,"CNRS, ORSTOM, IFAN",1981,,,,,,,,,French,,,"V. MARTIN et Ch. BECKER (1981.0). Inventaire des sites protohistoriques de la Sénégambie. CNRS, ORSTOM, IFAN.","[
  {
    ""resourceId"": ""a61a7292-9747-40a1-855c-44fb7c8b1f6c"",
    ""resourceXresourceId"": """",
    ""ontologyProperty"": """",
    ""inverseOntologyProperty"": """"
  }
]",,2025-07-18,,,2025-07-18
7878347b-a9d0-4870-aa43-e4f3fa7a28a3,INFO-00000262,2W9SIDX3,Document,"Harar jugol, the fortified historic town","The Authority for Research and Conservation of Cultural Heritage (ARCCH), UNESCO World Heritage",,2025,,,,,,,,https://whc.unesco.org/en/list/1189/,English,The fortified historic town of Harar is located in the eastern part of the country on a plateau with deep gorges surrounded by deserts and savannah. The walls surrounding this sacred Muslim city were built between  ...,,"The Authority for Research and Conservation of Cultural Heritage (ARCCH), UNESCO World Heritage (2025.0). Harar Jugol, the Fortified Historic Town. nan. https://whc.unesco.org/en/list/1189/","[
  {
    ""resourceId"": ""a61a7292-9747-40a1-855c-44fb7c8b1f6c"",
    ""resourceXresourceId"": """",
    ""ontologyProperty"": """",
    ""inverseOntologyProperty"": """"
  }
]",,2025-07-18,,,2025-07-18
678b0e52-79c6-4b53-a0a5-bfdddf00018f,INFO-00000263,YXHEGH56,Journal article,Investigation on harari traditional aged houses maintenance work,"Amenu, Kalebe Getachew",,,,,,,,,,,English,,,"Amenu, Kalebe Getachew (nan). Investigation on Harari Traditional Aged Houses Maintenance Work. nan.","[
  {
    ""resourceId"": ""a61a7292-9747-40a1-855c-44fb7c8b1f6c"",
    ""resourceXresourceId"": """",
    ""ontologyProperty"": """",
    ""inverseOntologyProperty"": """"
  }
]",,2025-07-18,,,2025-07-18
b4d61510-4655-4eae-b3d7-8acabc81ef9d,INFO-00000264,N9Q6588C,Journal article,Jebel barkal and ancient napata: an historical overview,"Kendall, Timothy",,,,,,,,,,,English,,,"Kendall, Timothy (nan). Jebel Barkal and Ancient Napata: An Historical Overview. nan.","[
  {
    ""resourceId"": ""a61a7292-9747-40a1-855c-44fb7c8b1f6c"",
    ""resourceXresourceId"": """",
    ""ontologyProperty"": """",
    ""inverseOntologyProperty"": """"
  }
]",,2025-07-18,,,2025-07-18
73150233-e199-449a-8d14-d4ff5d444cf0,INFO-00000265,5EVHFR5E,Journal article,Iron smelting in sudan: experimental archaeology at the royal city of meroe,"Humphris, Jane; Charlton, Michael F.; Keen, Jake; Sauder, Lee; Alshishani, Fareed",Informa UK Limited,2018,Journal of Field Archaeology,5,10.1080/00934690.2018.1479085,,"0093-4690, 2042-4582",399-416,43,https://www.tandfonline.com/doi/full/10.1080/00934690.2018.1479085,English,,,"Humphris, Jane; Charlton, Michael F.; Keen, Jake; Sauder, Lee; Alshishani, Fareed (2018.0). Iron Smelting in Sudan: Experimental Archaeology at The Royal City of Meroe. Informa UK Limited. https://doi.org/10.1080/00934690.2018.1479085","[
  {
    ""resourceId"": ""a61a7292-9747-40a1-855c-44fb7c8b1f6c"",
    ""resourceXresourceId"": """",
    ""ontologyProperty"": """",
    ""inverseOntologyProperty"": """"
  }
]",,2025-07-18,,,2025-07-18
3660d07c-4c6c-4ebd-9e35-782636cd73e9,INFO-00000266,GM7I6MLS,Webpage,International kurru archaeological project,International Kurru Archaeological Project,,2025,International Kurru Archaeological Project,,,,,,,https://ikap.us/,,"Excavation, Conservation, Collaboration",,International Kurru Archaeological Project (2025.0). International Kurru Archaeological Project. nan. https://ikap.us/,"[
  {
    ""resourceId"": ""a61a7292-9747-40a1-855c-44fb7c8b1f6c"",
    ""resourceXresourceId"": """",
    ""ontologyProperty"": """",
    ""inverseOntologyProperty"": """"
  }
]",,2025-07-18,,,2025-07-18
db41e88a-fd61-4910-825b-3c3cb4a974ce,INFO-00000267,W2XLGDSP,Blog post,History – kerma,Mission archéologique suisse au Soudan; Université de Neuchâtel,,2025,,,,,,,,https://kerma.ch/en/history/,,,,Mission archéologique suisse au Soudan; Université de Neuchâtel (2025.0). History – Kerma. nan. https://kerma.ch/en/history/,"[
  {
    ""resourceId"": ""a61a7292-9747-40a1-855c-44fb7c8b1f6c"",
    ""resourceXresourceId"": """",
    ""ontologyProperty"": """",
    ""inverseOntologyProperty"": """"
  }
]",,2025-07-18,,,2025-07-18
0847bb1e-aefd-447d-9f87-7d3c898023c1,INFO-00000268,CUVNJE8T,Book section,"Impact of vegetation cover changes on gum arabic production using remote sensing applications in gedarif state, sudan","Ahmed, Sara A.; Kheiry, Manal A.; Mofadel Hassan, I.A.",Elsevier,2018,Gum Arabic,,10.1016/B978-0-12-812002-6.00004-X,978-0-12-812002-6,,29-43,,https://linkinghub.elsevier.com/retrieve/pii/B978012812002600004X,English,,https://www.elsevier.com/tdm/userlicense/1.0/,"Ahmed, Sara A.; Kheiry, Manal A.; Mofadel Hassan, I.A. (2018.0). Impact of Vegetation Cover Changes on Gum Arabic Production Using Remote Sensing Applications in Gedarif State, Sudan. Elsevier. https://doi.org/10.1016/B978-0-12-812002-6.00004-X","[
  {
    ""resourceId"": ""a61a7292-9747-40a1-855c-44fb7c8b1f6c"",
    ""resourceXresourceId"": """",
    ""ontologyProperty"": """",
    ""inverseOntologyProperty"": """"
  }
]",,2025-07-18,,,2025-07-18
a9641e6b-9f69-4922-a790-f9bfca78a978,INFO-00000269,HZUF83MY,Journal article,Hydrological studies in the white nile state in sudan,"Salih, Abdelrahim A.M.; Hamid, Amna Ahmed",,2017,The Egyptian Journal of Remote Sensing and Space Science,,10.1016/j.ejrs.2016.12.004,,11109823,S31-S38,20,https://linkinghub.elsevier.com/retrieve/pii/S1110982316301600,English,,,"Salih, Abdelrahim A.M.; Hamid, Amna Ahmed (2017.0). Hydrological studies in the White Nile State in Sudan. nan. https://doi.org/10.1016/j.ejrs.2016.12.004","[
  {
    ""resourceId"": ""a61a7292-9747-40a1-855c-44fb7c8b1f6c"",
    ""resourceXresourceId"": """",
    ""ontologyProperty"": """",
    ""inverseOntologyProperty"": """"
  }
]",,2025-07-18,,,2025-07-18
9e9119b0-b9b8-4c0a-9305-98369f809c77,INFO-00000270,AW5WIG6N,Journal article,L’afrique de l’est dans la réflexion globale sur le middle stone age,"Douze, Katja",,2011,Annales d'Ethiopie,1,10.3406/ethio.2011.1430,,0066-2127,15–51,26,https://www.persee.fr/doc/ethio_0066-2127_2011_num_26_1_1430,,"Eastern Africa in the general reflection on the Middle Stone Age ; The main research topics on the Middle Stone Age are the discovery of the earliest known Homo sapiens in eastern Africa and the early occurrence of symbolic remains throughout the continent. This paper presents the theoretical controversies about the emergence of a behavioral modernity and the contribution of eastern Africa to this debate. A historical background on the construction of the Middle Stone Age as well as a summary of the archaeological data over the period in eastern Africa will come to back up these comments. More specifically, a review of the Ethiopian sites shows the state of the knowledge on the Middle Stone Age as well as the necessity of a better understanding of the regional and chronological characteristics of the period. , La réflexion globale sur le Middle Stone Age est surtout marquée par la découverte des plus anciens Homo sapiens connus en Afrique de l’Est et par l’apparition précoce de vestiges attestant d’une pensée symbolique dans le reste du continent. Cet article présente les controverses théoriques au sujet de l’émergence d’une modernité comportementale et la contribution de l’Afrique de l’Est à ce débat. Un historique sur la construction du Middle Stone Age ainsi qu’une synthèse des données archéologiques sur la période en Afrique de l’Est viennent corroborer ces propos. Plus spécifiquement, une revue des sites éthiopiens permet de mettre en avant l’état des connaissances sur le Middle Stone Age ainsi que la nécessité de mieux cerner les caractéristiques chronologiques et régionales de la période.",,"Douze, Katja (2011.0). L’Afrique de l’Est dans la réflexion globale sur le Middle Stone Age. nan. https://doi.org/10.3406/ethio.2011.1430","[
  {
    ""resourceId"": ""a61a7292-9747-40a1-855c-44fb7c8b1f6c"",
    ""resourceXresourceId"": """",
    ""ontologyProperty"": """",
    ""inverseOntologyProperty"": """"
  }
]",,2026-04-10,,,2026-04-10
6222af09-2134-414c-aeb5-b7d32e4adeea,INFO-00000271,G8NM35CK,Journal article,Les monuments mégalithiques du mänz (nord-shoa) : un inventaire provisoire,"Fauvelle-Aymar, François-Xavier; Ayenachew, Derese; Hirsch, Bertrand; Bernard, Régis",,2007,Annales d'Ethiopie,1,10.3406/ethio.2007.1513,,0066-2127,329–398,23,https://www.persee.fr/doc/ethio_0066-2127_2007_num_23_1_1513,,"This article presents a preliminary inventary of megaliths, in particular funerary tumuli, found in Mänz, Ethiopia. The inventory provides the geographical and morphological information, as well as oral information gathered about these monuments.",,"Fauvelle-Aymar, François-Xavier; Ayenachew, Derese; Hirsch, Bertrand; Bernard, Régis (2007.0). Les monuments mégalithiques du Mänz (Nord-Shoa) : un inventaire provisoire. nan. https://doi.org/10.3406/ethio.2007.1513","[
  {
    ""resourceId"": ""a61a7292-9747-40a1-855c-44fb7c8b1f6c"",
    ""resourceXresourceId"": """",
    ""ontologyProperty"": """",
    ""inverseOntologyProperty"": """"
  }
]",,2026-04-10,,,2026-04-10
fc3cafd6-f39a-4e6f-b212-8f550e40d31b,INFO-00000272,AJEZTJUB,Journal article,"Late hunters of western ethiopia: the sites of ajilak (gambela), \mkbibemphc . ad 1000–1200","González-Ruibal, Alfredo; Marín Suárez, Carlos; Sánchez-Elipe, Manuel; Lesur, Joséphine; Martínez Barrio, Candela",,2014,Azania: Archaeological Research in Africa,1,10.1080/0067270X.2013.866843,,"0067-270X, 1945-5534",64–101,49,http://www.tandfonline.com/doi/abs/10.1080/0067270X.2013.866843,,,,"González-Ruibal, Alfredo; Marín Suárez, Carlos; Sánchez-Elipe, Manuel; Lesur, Joséphine; Martínez Barrio, Candela (2014.0). Late Hunters of Western Ethiopia: The Sites of Ajilak (Gambela), \mkbibemphc . AD 1000–1200. nan. https://doi.org/10.1080/0067270X.2013.866843","[
  {
    ""resourceId"": ""a61a7292-9747-40a1-855c-44fb7c8b1f6c"",
    ""resourceXresourceId"": """",
    ""ontologyProperty"": """",
    ""inverseOntologyProperty"": """"
  }
]",,2026-04-10,,,2026-04-10
44790883-ef69-4956-8de3-083f5b50e238,INFO-00000273,WCPW2HQU,Journal article,Landscapes of state formation: geospatial analysis of aksumite settlement patterns (ethiopia),"Harrower, Michael J.; D’Andrea, A. Catherine",,2014,African Archaeological Review,3,10.1007/s10437-014-9165-4,,"0263-0338, 1572-9842",513–541,31,http://link.springer.com/10.1007/s10437-014-9165-4,,"Landscape-scale dynamics of the Kingdom of Aksum and its territories are exceptionally well-suited to help refine understanding of ancient complex polities in Africa and beyond. Archaeological explanations of ancient state formation have long centered on a small number of so-called primary cases that are thought to have inspired the rise of descendant, secondary states. Yet the rise of Aksum shows both local and multiregional influences which contradict diffusion and independent-origination focused explanations. Over four summer field-seasons (2005–2008), the Eastern Tigrai Archaeological Project (ETAP) targeted a 196-km2 inland area between Aksum and the Red Sea recording 137 sites, including 7 ancient towns larger than 6 ha. We report results of spatial analysis of site sizes, site clustering, trade routes, and spatial associations of sites with landforms and hydrology. Least-cost path GIS analysis of trade routes from Adulis to Aksum is broadly consistent with the reports of the Periplus Maris Erythraei, yet many travelers may have opted for a more circuitous highland itinerary rather than a direct least-cost route. Ranksize analysis reveals no conclusive evidence of site-size hierarchies suggesting, at least in this area, complex polities may not be characterized by clear categories of different size settlements. Ripley’s K multiscalar cluster analysis shows a spatial distribution of sites lacking pronounced clustering/dispersion, indicating that settlement locations were not determined predominantly by the proximity of neighbors. Finally, satellite imagery modeling shows statistically significant associations between settlements, landforms, and water-rich areas most amenable to high-productivity agriculture, showing environmental conditions played a pivotal role in shaping landscape-scale site patterning.",,"Harrower, Michael J.; D’Andrea, A. Catherine (2014.0). Landscapes of State Formation: Geospatial Analysis of Aksumite Settlement Patterns (Ethiopia). nan. https://doi.org/10.1007/s10437-014-9165-4","[
  {
    ""resourceId"": ""a61a7292-9747-40a1-855c-44fb7c8b1f6c"",
    ""resourceXresourceId"": """",
    ""ontologyProperty"": """",
    ""inverseOntologyProperty"": """"
  }
]",,2026-04-10,,,2026-04-10
488e4837-95f6-48b9-8d5f-51b80d5669ef,INFO-00000274,58ZB9A2T,Journal article,Les sociétés de l’holocène récent du sud de l’éthiopie : résultats de la mission archéologique dans le parc national de nechisar,"Lesur, Joséphine; Gutherz, Xavier; Jallot, Luc; Diaz, Amélie; Arthur, John",,2014,Annales d'Ethiopie,1,10.3406/ethio.2014.1562,,0066-2127,121–146,29,https://www.persee.fr/doc/ethio_0066-2127_2014_num_29_1_1562,,"Late Holocene societies from southern Ethiopia : results from archaeological project in Nechisar National Park This paper will present the results from an archaeological survey conducted in November 2009 inside the Nechisar National Park in the south part of Ethiopia. During this survey, we have found two rock shelters, Mome Gongolo 1 and Mome Gongolo 2, located on the slope on the Mome Mountain on the south-western foothills of the Somali plateau. Test excavations were made in both sites, showing the presence of several occupation layers that contained lithic artefacts, bones fragments and in one of them ceramic sherds. Mome Gongolo 1, dated from 6th century AD is interpreted as being used as a hunting camp. Mome Gongolo 2 that was occupied during the 16th century AD was also a hunting camp with the presence of throwing lithic weapons and wild animals’ bones. The occupants produced also locally a pottery that presents stylistic similarities with the one from the Borada that occupied at the same period the mountainous area of Gamo. However, more archaeological research is needed in this very diverse region to understand the development of late Holocene societies. , Cet article présente les résultats d’une prospection archéologique menée en novembre 2009 dans le Parc National de Néchisar, dans le Sud de l’Éthiopie. Au cours de cette mission, deux abris sous roche, Mome Gongolo 1 et Mome Gongolo 2, ont été découverts sur les pentes de la montagne Momé, en contrebas du plateau Somali. Des sondages ont été réalisés dans les deux sites, révélant la présence de niveaux d’occupation anthropiques livrant du matériel li -thique, des fragments osseux ainsi que, dans l’un d’entre eux, de la céramique. Mome Gongolo 1, daté du VI e siècle de notre ère, a été interprété comme un camp de chasse. Mome Gongolo 2 a, lui, été occupé pendant le XVI e siècle après J.-C., également par des chasseurs comme le montre la présence de petites armatures tranchantes et d’ossements d’animaux sauvages. Les occupants ont par ailleurs produit localement une céramique qui présente des similarités stylistiques avec celle des Borada qui occupaient alors les montagnes du Gamo voisin. Toutefois, un important travail de prospection et de fouille reste à accomplir dans cette région d’Éthiopie pour comprendre le développement des sociétés de l’Holocène récent.",,"Lesur, Joséphine; Gutherz, Xavier; Jallot, Luc; Diaz, Amélie; Arthur, John (2014.0). Les sociétés de l’Holocène récent du Sud de l’Éthiopie : résultats de la mission archéologique dans le Parc National de Nechisar. nan. https://doi.org/10.3406/ethio.2014.1562","[
  {
    ""resourceId"": ""a61a7292-9747-40a1-855c-44fb7c8b1f6c"",
    ""resourceXresourceId"": """",
    ""ontologyProperty"": """",
    ""inverseOntologyProperty"": """"
  }
]",,2026-04-10,,,2026-04-10
63a790b0-7311-42f8-91bc-936cd7a402de,INFO-00000275,DHV74HII,Journal article,Le lion de kombolcha et le léopard d’aksum : des félins rupestres paléochrétiens ?,"Tesfaye, Habtamu; Letricot, Aurèle; Poissonnier, Bertrand; Fauvelle-Aymar, François-Xavier",,2011,Annales d'Ethiopie,1,10.3406/ethio.2011.1442,,0066-2127,269–289,26,https://www.persee.fr/doc/ethio_0066-2127_2011_num_26_1_1442,,"The lion of Kombolcha and the leopard of Aksum : rupestrian paleo-Christian felines ? Two famous rupestrian sculptures of felines, one found near Kombolcha (the “ lion” of Kombolcha) et the other one close to Aksum (the “ lionness” of Gobedra), have been known for long. These two monuments are here described in depth, allowing detailing their morphological, technological and taphonomical features. The lion of Kombolcha, having non-realistic traits, takes part within the variability of a mythological leonine figure represented in the ancient Near and Middle-East. As for the feline of Gobedra, it appears as a leopard. In addition, the description of these monuments allows supporting (on the contrary of previous suggestions) the likely association of these figures with those of a cross and to suggest their chronological attribution to the Aksumite period during the earliest times of Christian influence.",,"Tesfaye, Habtamu; Letricot, Aurèle; Poissonnier, Bertrand; Fauvelle-Aymar, François-Xavier (2011.0). Le lion de Kombolcha et le léopard d’Aksum : des félins rupestres paléochrétiens ?. nan. https://doi.org/10.3406/ethio.2011.1442","[
  {
    ""resourceId"": ""a61a7292-9747-40a1-855c-44fb7c8b1f6c"",
    ""resourceXresourceId"": """",
    ""ontologyProperty"": """",
    ""inverseOntologyProperty"": """"
  }
]",,2026-04-10,,,2026-04-10
ec7b6d71-4205-4703-9029-1bff905ece4c,INFO-00000276,67D2UNCC,Book section,Kenya coast historical sites and monuments,"Bwana, O.",,1978,The Lamu Workshop/Conference Report,,,,,21-27,,,,,,"Bwana, O. (1978.0). Kenya Coast Historical Sites and Monuments. nan.","[
  {
    ""resourceId"": ""a61a7292-9747-40a1-855c-44fb7c8b1f6c"",
    ""resourceXresourceId"": """",
    ""ontologyProperty"": """",
    ""inverseOntologyProperty"": """"
  }
]",,2025-07-18,,,2025-07-18
512a5c78-b878-4fa2-83d8-adef57674217,INFO-00000277,QYTGI9W4,Webpage,La necropole mégalithique de wanar (sénégal ),"Bokoum, H; Khane, A; Laporte, L",,2005,Fichier PDF,,,,,,,https://www.fichier-pdf.fr/2012/10/05/rapport-wanar-2005/preview/page/1/,French,Lecture et téléchargement du fichier Rapport wanar 2005.pdf,,"Bokoum, H; Khane, A; Laporte, L (2005.0). La necropole mégalithique de Wanar (Sénégal ). nan. https://www.fichier-pdf.fr/2012/10/05/rapport-wanar-2005/preview/page/1/","[
  {
    ""resourceId"": ""a61a7292-9747-40a1-855c-44fb7c8b1f6c"",
    ""resourceXresourceId"": """",
    ""ontologyProperty"": """",
    ""inverseOntologyProperty"": """"
  }
]",,2025-07-18,,,2025-07-18
71afc429-643d-4d8b-8946-71a38703e799,INFO-00000278,A7Z57YB2,Book section,Less implict historical archaeologies: oral traditions and later karanga settlement in south-central zimbabwe,"Pikirayi, Innocent",Springer US,2004,African Historical Archaeologies,,10.1007/978-1-4419-8863-8_9,978-0-306-47996-0 978-1-4419-8863-8,,243-267,,http://link.springer.com/10.1007/978-1-4419-8863-8_9,English,,,"Pikirayi, Innocent (2004.0). Less Implict Historical Archaeologies: Oral Traditions and Later Karanga Settlement in South-Central Zimbabwe. Springer US. https://doi.org/10.1007/978-1-4419-8863-8_9","[
  {
    ""resourceId"": ""a61a7292-9747-40a1-855c-44fb7c8b1f6c"",
    ""resourceXresourceId"": """",
    ""ontologyProperty"": """",
    ""inverseOntologyProperty"": """"
  }
]",,2025-07-18,,,2025-07-18
73c79f64-9e70-4eb5-a43d-0fe912637e37,INFO-00000279,BV8JU584,Journal article,Korounkorokalé revisited: thepays mande and the west african microlithic technocomplex,"MacDonald, Kevin C.",,1997,African Archaeological Review,3,10.1007/BF02968406,,1572-9842,161-200,14,https://doi.org/10.1007/BF02968406,English,"In 1992 and 1993, the author reexcavated the rockshelter of Korounkorokalé, located in the heart of the Pays Mande. Evidence from this reinvestigation supports the idea of a long-term recurrent occupation of this site by peoples possessing a conservative quartz microlithic tradition for at least 5000 years. Seemingly aberrant “recent” first millennium AD dates from similar sites in the region are reexamined in the light of the Korounkorokalé sequence. It is argued that some isolated groups of Sub-Saharan peoples maintained a hunting-gathering lifestyle as recently as the mid to late first millennium AD. Oral traditions among modern Savanna groups, which refer to the presence of “little peoples” at their first colonization of the region, are used to support this argument. A new model for the peopling of West Africa is presented based upon a long-term autochthonous presence south of the Sahara.",,"MacDonald, Kevin C. (1997.0). Korounkorokalé revisited: ThePays Mande and the West African microlithic technocomplex. nan. https://doi.org/10.1007/BF02968406","[
  {
    ""resourceId"": ""a61a7292-9747-40a1-855c-44fb7c8b1f6c"",
    ""resourceXresourceId"": """",
    ""ontologyProperty"": """",
    ""inverseOntologyProperty"": """"
  }
]",,2025-07-18,,,2025-07-18
1d35011f-d52f-4c28-982d-5ffb2a547c2e,INFO-00000280,6Q9LXABP,Journal article,Late antique evidences in se sudan,"Manzo, Andrea",,2004,Sudan & Nubia,8,,,,75-83,,https://unora.unior.it/handle/11574/37416,English,The article deals with some Meroitic/Post-Meroitic materials from eastern sudan and with some Eastern Desert Ware sites in the same region. The relationships between these archaeological evidences and the information on the region in Aksumite inscriptions is studies as well.,,"Manzo, Andrea (2004.0). Late Antique Evidences in SE Sudan. nan. https://unora.unior.it/handle/11574/37416","[
  {
    ""resourceId"": ""a61a7292-9747-40a1-855c-44fb7c8b1f6c"",
    ""resourceXresourceId"": """",
    ""ontologyProperty"": """",
    ""inverseOntologyProperty"": """"
  }
]",,2025-07-18,,,2025-07-18
3fa9b7d6-dea9-4af4-9e09-b4ffd85a841a,INFO-00000281,WZMMGKV4,Journal article,Les productions céramiques protohistoriques de l’aire mégalithique sénégambienne dans le contexte de l’afrique de l’ouest aux ier et iie millénaires de notre ère,"Delvoye, Adrien",CNRS - UMR 8068 ( Technologie et Ethnologie des Mondes PréhistoriqueS),2018,Afrique : Archéologie & Arts,14,10.4000/aaa.1887,,1634-3123,121-124,,https://journals.openedition.org/aaa/1887,French,"Situé en Afrique de l’Ouest sur les actuels territoires du Sénégal et de la Gambie, le phénomène mégalithique sénégambien constitue, avec près de 20 000 monuments répartis au sein d’une aire d’environ 30 000 km2, l’une des plus importantes concentrations d’architectures mégalithiques du continent africain (Martin & Becker 1974). En l’absence de sources textuelles ou orales, l’archéologie représente ici l’unique vecteur d’information sur ces structures à caractère funéraire. Les travaux menés ...",All rights reserved,"Delvoye, Adrien (2018.0). Les productions céramiques protohistoriques de l’aire mégalithique sénégambienne dans le contexte de l’Afrique de l’Ouest aux ier et iie millénaires de notre ère. CNRS - UMR 8068 ( Technologie et Ethnologie des Mondes PréhistoriqueS). https://doi.org/10.4000/aaa.1887","[
  {
    ""resourceId"": ""a61a7292-9747-40a1-855c-44fb7c8b1f6c"",
    ""resourceXresourceId"": """",
    ""ontologyProperty"": """",
    ""inverseOntologyProperty"": """"
  }
]",,2025-07-18,,,2025-07-18
d016da5c-675b-486c-98a2-d31bdb173e75,INFO-00000282,CDB3B7U8,Journal article,Lithostratigraphic classification of the tsodilo hills group: a palaeo- to mesoproterozoic metasedimentary succession in nw botswana,"Wendorff, Marek; Świąder, Andrzej",,2019,Geology Geophysics & Environment,,10.7494/geol.2019.45.4.305,,,305-318,45,,,,,"Wendorff, Marek; Świąder, Andrzej (2019.0). Lithostratigraphic classification of the Tsodilo Hills Group: a Palaeo- to Mesoproterozoic metasedimentary succession in NW Botswana. nan. https://doi.org/10.7494/geol.2019.45.4.305","[
  {
    ""resourceId"": ""a61a7292-9747-40a1-855c-44fb7c8b1f6c"",
    ""resourceXresourceId"": """",
    ""ontologyProperty"": """",
    ""inverseOntologyProperty"": """"
  }
]",,2025-07-18,,,2025-07-18
056e5c9b-3897-4678-975e-10acb9164ae9,INFO-00000283,4EWPCEKR,Journal article,La céramique dans l'espace sénégambien : un patrimoine méconnu,"Thiam, Mandiomé",L'Harmattan,2010,,,,,,1-215,,https://www.torrossa.com/en/resources/an/4884098,English,"Purchase online the PDF of La céramique dans l'espace sénégambien, Thiam, Mandiomé - L'Harmattan - E-Book",,"Thiam, Mandiomé (2010.0). La céramique dans l'espace sénégambien : un patrimoine méconnu. L'Harmattan. https://www.torrossa.com/en/resources/an/4884098","[
  {
    ""resourceId"": ""a61a7292-9747-40a1-855c-44fb7c8b1f6c"",
    ""resourceXresourceId"": """",
    ""ontologyProperty"": """",
    ""inverseOntologyProperty"": """"
  }
]",,2025-07-18,,,2025-07-18
7e2db8b2-539e-4b9e-bbf2-af5cccd35430,INFO-00000284,KW3JTPQM,Thesis,Les amas coquilliers du delta du sénégal : étude ethno-archéologique,"Mbow, Marie-Amy; Polet, Jean",Paris 1,1997,,,,,,,,https://theses.fr/1997PA010710,,"Les zones littorales ont été occupées par l'homme, au moins, dès la fin du pléistocène et le début de l'holocène (autour de 10 000 ans a. P. ), comme en témoignent différents sites archéologiques sous la forme d'amas coquilliers. L'étude de certains amas situés dans la zone sahélo-soudanienne de l’Afrique occidentale, contribue à la connaissance : des mouvements des peuples après le dessèchement du Sahara, de la transition entre le néolithique et l’âge du fer, de l'incidence des changements écologiques sur les établissements humains ainsi que du long processus d'appropriation de l'espace littoral et côtier qui se poursuit encore de nos jours. Pour le Sénégal, l'étude des amas coquilliers permet en outre, de mieux comprendre le processus d'intégration progressive des différentes cultures qui a abouti à la constitution des ethnies peuplant actuellement la Sénégambie. Des recherches archéologiques inédites ont été menées sur des sites du delta du fleuve Sénégal. Notre étude a été conduite selon une approche pluridisciplinaire permettant d'éclairer les aspects paléogéographiques, chrono-culturels et ethnographiques. Ce mémoire comporte ainsi quatre parties subdivisées en chapitres: - la première partie présente les différentes aires d'amas coquilliers reparties du nord au sud du littoral atlantique sénégalais. L'historique des recherches menées sur les amas coquilliers du bas delta du Sénégal ainsi que le cadre géographique du delta du fleuve Sénégal ; - la deuxième partie présente les sites étudiés, l'évolution paléogéographique du milieu durant l'holocène, les processus de formation et de transformation des sites, et le contexte chronologique dans lequel, ils s'inscrivent ; - la troisième partie comprend une analyse du matériel et des structures archéologiques des six sites étudiés, la synthèse de l'étude archéologique et les comparaisons qu'il est possible d'établir avec les autres sites au plan local et régional ; - la quatrième partie porte sur les enquêtes menées sur la collecte actuelle des mollusques au Sénégal et sur leurs incidences sur la connaissance des amas coquilliers anciens. Une synthèse et des conclusions complètent la présentation, qui se termine par quelques réflexions sur les recherches ultérieures et les dangers que font courir aux sites coquilliers, d'une part leur exploitation en carrières et d'autre part l'urbanisation rapide des régions littorales.",Licence Etalab,"Mbow, Marie-Amy; Polet, Jean (1997.0). Les amas coquilliers du delta du Sénégal : étude ethno-archéologique. Paris 1. https://theses.fr/1997PA010710","[
  {
    ""resourceId"": ""a61a7292-9747-40a1-855c-44fb7c8b1f6c"",
    ""resourceXresourceId"": """",
    ""ontologyProperty"": """",
    ""inverseOntologyProperty"": """"
  }
]",,2025-07-18,,,2025-07-18
39ba985c-92bd-4b30-8c51-e89751878e11,INFO-00000285,CBJYXDVU,Journal article,"La fouille d'un site acheuléen à djita (basse vallée de la falémé, sénégal)","CAMARA, A; DUBOSCQ, B.",Publications Elsevier,1990,"La fouille d'un site acheuléen à Djita (basse vallée de la Falémé, Sénégal)",2,,,0003-5521,293-304,94,,,,,"CAMARA, A; DUBOSCQ, B. (1990.0). La fouille d'un site acheuléen à Djita (basse vallée de la Falémé, Sénégal). Publications Elsevier.","[
  {
    ""resourceId"": ""a61a7292-9747-40a1-855c-44fb7c8b1f6c"",
    ""resourceXresourceId"": """",
    ""ontologyProperty"": """",
    ""inverseOntologyProperty"": """"
  }
]",,2025-07-18,,,2025-07-18
0c8b84c3-f41f-4300-8819-fd9168f4b2ee,INFO-00000286,NHL3H374,Journal article,"Late quaternary archaeological and palaeoenvironmental data from sediments at rhino cave, tsodilo hills, botswana","Robbins, Lawrence; Brook, G.A.; Murphy, Michael; Campbell, A.C.; Melear, Nathan; Downey, William",,2000,Southern African Field Archaeology,,,,,17-31,9,,,,,"Robbins, Lawrence; Brook, G.A.; Murphy, Michael; Campbell, A.C.; Melear, Nathan; Downey, William (2000.0). Late Quaternary archaeological and palaeoenvironmental data from sediments at Rhino Cave, Tsodilo Hills, Botswana. nan.","[
  {
    ""resourceId"": ""a61a7292-9747-40a1-855c-44fb7c8b1f6c"",
    ""resourceXresourceId"": """",
    ""ontologyProperty"": """",
    ""inverseOntologyProperty"": """"
  }
]",,2025-07-18,,,2025-07-18
b63cff68-9c4b-4a51-abdb-dceb320c9438,INFO-00000287,RHJMYTEE,Journal article,Later stone age toolstone acquisition in the central rift valley of kenya: portable xrf of eburran obsidian artifacts from leakey's excavations at gamble's cave ii,"Frahm, Ellery; Tryon, Christian A.",,2018,Journal of Archaeological Science: Reports,,10.1016/j.jasrep.2018.01.042,,2352-409X,475-486,18,https://www.sciencedirect.com/science/article/pii/S2352409X17305114,,"The complexities of Later Stone Age environmental and behavioral variability in East Africa remain poorly defined, and toolstone sourcing is essential to understand the scale of the social and natural landscapes encountered by earlier human populations. The Naivasha-Nakuru Basin in Kenya's Rift Valley is a region that is not only highly sensitive to climatic changes but also one of the world's most obsidian-rich landscapes. We used portable X-ray fluorescence (pXRF) analyses of obsidian artifacts and geological specimens to understand patterns of toolstone acquisition and consumption reflected in the early/middle Holocene strata (Phases 3–4 of the Eburran industry) at Gamble's Cave II. Our analyses represent the first geochemical source identifications of obsidian artifacts from the Eburran industry and indicate the persistent selection over time for high-quality obsidian from Mt. Eburru, ~20 km distant, despite changes in site occupation intensity that apparently correlate with changes in the local environment. This result may indicate resilience of Eburran foraging strategies during environmental shifts and, potentially, a cultural preference for a specific lithic material that overcame its accessibility changes. Testing such hypotheses requires a more extensive program of obsidian artifact sourcing. Our findings demonstrate the great potential for sourcing studies in the Rift Valley as well as underscore the amount of work that remains to be done.",,"Frahm, Ellery; Tryon, Christian A. (2018.0). Later Stone Age toolstone acquisition in the Central Rift Valley of Kenya: Portable XRF of Eburran obsidian artifacts from Leakey's excavations at Gamble's Cave II. nan. https://doi.org/10.1016/j.jasrep.2018.01.042","[
  {
    ""resourceId"": ""a61a7292-9747-40a1-855c-44fb7c8b1f6c"",
    ""resourceXresourceId"": """",
    ""ontologyProperty"": """",
    ""inverseOntologyProperty"": """"
  }
]",,2025-07-18,,,2025-07-18
9b1d9389-3034-48a0-a736-04d91505cc57,INFO-00000288,VVSU5PIR,Book section,Late neolithic cultural landscape in southeastern mauritania: an essay in spatiometrics,"Holl, Augustin",International Monographs in Prehistory: Ethnoarchaeology Series,1993,Spatial boundaries and social dynamics: case studies from food-producing societies,,,978-1-879621-05-3,,95-133,2,,,,,"Holl, Augustin (1993.0). Late Neolithic cultural landscape in southeastern Mauritania: An essay in spatiometrics. International Monographs in Prehistory: Ethnoarchaeology Series.","[
  {
    ""resourceId"": ""a61a7292-9747-40a1-855c-44fb7c8b1f6c"",
    ""resourceXresourceId"": """",
    ""ontologyProperty"": """",
    ""inverseOntologyProperty"": """"
  }
]",,2025-07-18,,,2025-07-18
db4aaaf2-8a85-49cb-b3c5-7da5d81dd55b,INFO-00000289,IRYNBTJJ,Webpage,Le fort de podor: un riche patrimoine.,Ndarinfo,,2025,Dernières Actualités de Saint-Louis du Sénégal – NDARINFO.COM,,,,,,,https://www.ndarinfo.com/Le-Fort-de-Podor-un-riche-patrimoine_a11555.html,French,"Le Fort de Podor, avec ses trois bâtisses, ses remparts et son annexe construite par Faidherbe pour y loger son adjoint, reste le monument majeur de Podor. Abandonné par les armées françaises à l’indépendance, il fut successivement occupé par l’armée sénégalaise jusqu’en 1984, puis par la...",,Ndarinfo (2025.0). Le Fort de Podor: un riche patrimoine.. nan. https://www.ndarinfo.com/Le-Fort-de-Podor-un-riche-patrimoine_a11555.html,"[
  {
    ""resourceId"": ""a61a7292-9747-40a1-855c-44fb7c8b1f6c"",
    ""resourceXresourceId"": """",
    ""ontologyProperty"": """",
    ""inverseOntologyProperty"": """"
  }
]",,2025-07-18,,,2025-07-18
2eab0bf3-3cf8-4a56-bc5d-0e3f3fe6f546,INFO-00000290,BC8ZZD2Y,Webpage,Kunta kinteh island and related sites,"Centre, UNESCO World Heritage",,2025,UNESCO World Heritage Centre,,,,,,,https://whc.unesco.org/en/list/761/,English,"James Island and Related Sites present a testimony to the main periods and facets of the encounter between Africa and Europe along the River Gambia, a continuum stretching from pre-colonial and pre-slavery times to  ...",,"Centre, UNESCO World Heritage (2025.0). Kunta Kinteh Island and Related Sites. nan. https://whc.unesco.org/en/list/761/","[
  {
    ""resourceId"": ""a61a7292-9747-40a1-855c-44fb7c8b1f6c"",
    ""resourceXresourceId"": """",
    ""ontologyProperty"": """",
    ""inverseOntologyProperty"": """"
  }
]",,2025-07-18,,,2025-07-18
148f13ef-a521-4bb9-bd66-bca62e44925a,INFO-00000291,PLG55YWM,Webpage,Les escales du fleuve sénégal,"mondial, UNESCO Centre du patrimoine",,2025,UNESCO Centre du patrimoine mondial,,,,,,,https://whc.unesco.org/fr/listesindicatives/2078/,French,UNESCO Centre du patrimoine mondial,,"mondial, UNESCO Centre du patrimoine (2025.0). Les Escales du Fleuve Sénégal. nan. https://whc.unesco.org/fr/listesindicatives/2078/","[
  {
    ""resourceId"": ""a61a7292-9747-40a1-855c-44fb7c8b1f6c"",
    ""resourceXresourceId"": """",
    ""ontologyProperty"": """",
    ""inverseOntologyProperty"": """"
  }
]",,2025-07-18,,,2025-07-18
d2559f7e-2d42-4477-bed3-8b4079376a1e,INFO-00000292,Y72T77JV,Journal article,Khoikhoi and bushman pottery in the cape colony: ethnohistory and later stone age ceramics of the south african interior,"Bollong, Charles A.; Sampson, C. Garth; Smith, Andrew B.",,1997,Journal of Anthropological Archaeology,3,10.1006/jaar.1997.0311,,0278-4165,269-299,16,https://www.sciencedirect.com/science/article/pii/S0278416597903111,,"Early travelers in the southwest and south of the Cape Colony, and later explorers in the north, saw Khoikhoi pastoralists making and using large, reddish or black, coil-built cooking vessels with shoulder lugs and incised necks with everted rims. In these, they boiled meat and used some as drums. Smaller serving bowls were also seen. Travelers on the east and north frontiers of the Colony saw Bushman hunter–gatherers using flat-bottomed cooking bowls tempered with grass and decorated with punctate motifs. They boiled meat, soups, bones, skins, locusts, and seed mush in these, converted some to drums, and used others in gift exchanges. Few later sherd collectors made full use of these ethnohistoric sightings, but developed their own labeling systems. Most thought that the Bushmen of the interior learned pot-making through contact with coastal Khoikhoi. Why the two wares differed in every respect, however, could not be explained. Recent multidisciplinary studies in the northeast frontier area verify those differences, but also show that both wares were introduced together before 700 A.D., by herders. Thereafter the use of Khoi ware dwindled, then disappeared when the herding economy collapsed, leaving only grass-tempered bowls in general use. Thus “Bushman” pottery in the northeastern Cape appears to have its prehistoric roots in ancestral Khoi technology.",,"Bollong, Charles A.; Sampson, C. Garth; Smith, Andrew B. (1997.0). Khoikhoi and Bushman Pottery in the Cape Colony: Ethnohistory and Later Stone Age Ceramics of the South African Interior. nan. https://doi.org/10.1006/jaar.1997.0311","[
  {
    ""resourceId"": ""a61a7292-9747-40a1-855c-44fb7c8b1f6c"",
    ""resourceXresourceId"": """",
    ""ontologyProperty"": """",
    ""inverseOntologyProperty"": """"
  }
]",,2025-07-18,,,2025-07-18
74523e96-e55c-46ce-b134-46acd3031da9,INFO-00000293,4DXJB9XW,Book,Late pleistocene and holocene hunter-gatherers of the matopos: an archaeological study of change and continuity in zimbabwe,"Walker, Nicholas John",Societas Archaeologica Upsaliensis,1995,,,,,,,,https://ehrafarchaeology.yale.edu/document?id=fx50-005,English,"Walker reports on his archaeological findings from the region known as the Matopos in western Zimbabwe. The archaeology encompasses the time period from 15,000 B.P. to 1500 B.P. Only the material that pertains to the Wilton period (10,000 B.P. to 2000 B.P.) was indexed for OCM (Outline of Cultural Materials) codes. Eight sites were excavated and six others had their assemblages re-examined. The main orientation at the start of the field work was to allow Walker to examine the relationship between proposed carrying capacity and expected resource use in the Matopos. This was compared with the actual archaeological findings. Key findings include food resources were based on gathering marula (rather than a wide range of plants) and on hunting a wide range of small animals, at least during the mid Holocene. Group size and population also changed with changes in hunting strategies. Walker believes some of the changes in backed tools (arrows) and beads may indicate a symbolic way to communicate group differences or group boundaries and a way to reinforce social or ritual messages. The archaeological changes that occurred in the Matopos are compared with some of the changes that occurred throughout southern Africa.",,"Walker, Nicholas John (1995.0). Late Pleistocene and Holocene hunter-gatherers of the Matopos: an archaeological study of change and continuity in Zimbabwe. Societas Archaeologica Upsaliensis. https://ehrafarchaeology.yale.edu/document?id=fx50-005","[
  {
    ""resourceId"": ""a61a7292-9747-40a1-855c-44fb7c8b1f6c"",
    ""resourceXresourceId"": """",
    ""ontologyProperty"": """",
    ""inverseOntologyProperty"": """"
  }
]",,2025-07-18,,,2025-07-18
f7d30fd3-74d1-43fe-9420-92661a595ebd,INFO-00000294,JR2PTYHY,Journal article,"Late pleistocene techno-traditions in southern africa: a review of the still bay and howiesons poort, c. 75–59 ka","Henshilwood, Christopher S.",,2012,Journal of World Prehistory,3,10.1007/s10963-012-9060-3,,1573-7802,205-237,25,https://doi.org/10.1007/s10963-012-9060-3,English,"The focus of this paper is on two remarkable techno-traditions in the prehistory of southern Africa, the c. 75–71 ka Still Bay and the c. 65–59 ka Howiesons Poort. These were periods when the technological and behavioural repertoire of early Homo sapiens expanded rapidly to include novel technologies such as heat treatment of lithic materials, pressure flaking of stone points, manufacture of complex armatures including the bow and arrow, and the production of symbolic artefacts including shell beads and engraved ochre, bone and ostrich eggshell. In this paper I first review briefly the historical background relating to the recognition of these techno-traditions; second, concentrate on the archaeological sites known to contain these assemblages within southern Africa; and third, discuss aspects of the precocious material culture that appears during these phases.",,"Henshilwood, Christopher S. (2012.0). Late Pleistocene Techno-traditions in Southern Africa: A Review of the Still Bay and Howiesons Poort, c. 75–59 ka. nan. https://doi.org/10.1007/s10963-012-9060-3","[
  {
    ""resourceId"": ""a61a7292-9747-40a1-855c-44fb7c8b1f6c"",
    ""resourceXresourceId"": """",
    ""ontologyProperty"": """",
    ""inverseOntologyProperty"": """"
  }
]",,2025-07-18,,,2025-07-18
f4c286e3-33b3-4448-bcc6-1265b19327b5,INFO-00000295,F4UJJ7YI,Journal article,"Lithic technology at loiyangalani, a late middle stone age site in the serengeti, tanzania","Maíllo-Fernández, José-Manuel; Solano-Megías, Irene; Mabulla, Audax Z. P.; Arriaza, Mari Carmen; Bower, John F. R.",,2019,African Archaeological Review,2,10.1007/s10437-019-09340-2,,"0263-0338, 1572-9842",291-315,36,http://link.springer.com/10.1007/s10437-019-09340-2,English,,,"Maíllo-Fernández, José-Manuel; Solano-Megías, Irene; Mabulla, Audax Z. P.; Arriaza, Mari Carmen; Bower, John F. R. (2019.0). Lithic Technology at Loiyangalani, a Late Middle Stone Age Site in the Serengeti, Tanzania. nan. https://doi.org/10.1007/s10437-019-09340-2","[
  {
    ""resourceId"": ""a61a7292-9747-40a1-855c-44fb7c8b1f6c"",
    ""resourceXresourceId"": """",
    ""ontologyProperty"": """",
    ""inverseOntologyProperty"": """"
  }
]",,2025-07-18,,,2025-07-18
5273e454-fde2-406d-8980-4598be3e2ed4,INFO-00000296,RCAXFMZT,Thesis,La céramique au sénégal : archéologie et histoire,"Thiam, Mandiome; Devisse, Jean",Paris 1,1991,,,,,,,,https://theses.fr/1991PA010531,,"L'étude de la céramique du Sénégal rend compte de lacunes dans les classifications céramiques et les regroupements chronologiques des sites. Les arguments sont d'ordre méthodologique : absence d'éléments réellement discriminants, techniques d'échantillonnage sans une méthode définie ni reconductible, enfin les limites propres à toute récolte de surface sur un site de la vallée du Sénégal qui est toujours biaisée du fait d'un ramassage intensif des tessons. Nos fouilles archéologiques à Cuballel renforcent ces lacunes : les éléments de préhension - ce sont des esthétiques décoratifs selon les potières -,base de la classification ces auteurs, sont absents. Le site a livré des datations ""radiocarbone"" qui comptent parmi les plus vieilles du secteur. De multiples activités dont la céramique sont reconnues dès les débuts de l'occupation. La chronologie des classes de récipients, des dégraissants, des types décoratifs a pu être établie. Les huit ateliers traditionnels de céramique visites montrent des différences technologiques voire culturelles. L'examen microscopique des tessons en lames minces retient trois types d'argile correspondant aux trois localisations géographiques et qui s'interprètent en fonction des données géologiques locales. L'approche ethnoarchéologique met en évidence des continuités et des ruptures dans les productions céramiques.",Licence Etalab,"Thiam, Mandiome; Devisse, Jean (1991.0). La céramique au Sénégal : archéologie et histoire. Paris 1. https://theses.fr/1991PA010531","[
  {
    ""resourceId"": ""a61a7292-9747-40a1-855c-44fb7c8b1f6c"",
    ""resourceXresourceId"": """",
    ""ontologyProperty"": """",
    ""inverseOntologyProperty"": """"
  }
]",,2025-07-18,,,2025-07-18
8150e9d8-ffc7-4cdb-8ddc-bc371db101dc,INFO-00000297,X22SVVNA,Journal article,Le site archéologique du khant (région de saint-louis du sénégal): nouveaux éléments,"Mbow, Marie-Amy",,1998,Présence africaine,158,,,,007-22,,https://www.africabib.org/rec.php?RID=181074206,English,,,"Mbow, Marie-Amy (1998.0). Le site archéologique du Khant (région de Saint-Louis du Sénégal): nouveaux éléments. nan. https://www.africabib.org/rec.php?RID=181074206","[
  {
    ""resourceId"": ""a61a7292-9747-40a1-855c-44fb7c8b1f6c"",
    ""resourceXresourceId"": """",
    ""ontologyProperty"": """",
    ""inverseOntologyProperty"": """"
  }
]",,2025-07-18,,,2025-07-18
d80322bc-cdd5-42c1-b589-a97fb25e075a,INFO-00000298,Y7BB9MIP,Thesis,"La métallurgie du fer au sénégal : approche archéologique, technologique et historique","Bocoum, Hamady; Devisse, Jean",Paris 1,1986,,,,,,,,https://theses.fr/1986PA010676,,"Cette thèse a pour objet la recherche des modalités de l'articulation entre les trois principales sources d'information sur la sidérurgie sénégalaise de ses origines à sa défaite à la fin du siecle dernier. Apres un bref rappel des contextes archéologiques du fer, nous avons abouti à la conclusion selon laquelle, seuls les sites d'habitat et les ateliers de réduction du minerai de fer permettaient une observation complète du cycle de vie de l'objet métallique, de sa conception à son abandon. Le cadre théorique de cette approche s'organise autour de la notion de chaîne opératoire du fer en tant que processus technique en vue de pouvoir étudier le fer dans ses contextes sociaux, économiques et politiques. Dans la conduite de la chaine opératoire du fer, le fourneau nous est apparu comme étant l'enjeu stratégique du dispositif technique. La lutte pour le contrôle de ce moment permet de suivre avec clarté l'évolution du groupe social des hommes du fer, de sa situation de groupe dominant à celle de groupe dominé. La conclusion à laquelle nous sommes parvenu à ce niveau est que le préjugé défavorable dont sont aujourd'hui victimes les ""forgerons"" est d'époque extrêmement récente et dans tous les cas, pas antérieure au seizième siècle. Il serait consécutif au triomphe de la barre de fer. Au plan technologique les travaux de métallographie structurale permettent d'avancer que la technologique utilisée par les artisans du fer dès le huitième siècle dans la moyenne du fleuve Sénégal étaient très performante. On utilisait la trempe et le revenu, deux techniques très complexes qui ne seront réellement en usage en France par exemple que vers le dix-septième siècle. Au plan humain enfin nous avons, partant des exigences archéologiques et écologiques, montre qu'il a existé des mouvements de population dans le sens sud-nord, donc inverses à ceux de la tendance généralement admise.",Licence Etalab,"Bocoum, Hamady; Devisse, Jean (1986.0). La métallurgie du fer au Sénégal : approche archéologique, technologique et historique. Paris 1. https://theses.fr/1986PA010676","[
  {
    ""resourceId"": ""a61a7292-9747-40a1-855c-44fb7c8b1f6c"",
    ""resourceXresourceId"": """",
    ""ontologyProperty"": """",
    ""inverseOntologyProperty"": """"
  }
]",,2025-07-18,,,2025-07-18
83da4e32-6b94-4dda-9984-14ce904ae139,INFO-00000299,RBPLVWXL,Journal article,Les amas coquilliers de mauritanie occidentale et leur contexte paléoenvironnemental(viie-iie millénaires bp),"Vernet, Robert; Tous, Philippe",,2004,Préhistoires méditerranéennes,13,10.4000/pm.111,,"2118-8211, 2105-2565",55-69,,http://journals.openedition.org/pm/111,,,,"Vernet, Robert; Tous, Philippe (2004.0). Les amas coquilliers de Mauritanie occidentale et leur contexte paléoenvironnemental(VIIe-IIe millénaires BP). nan. https://doi.org/10.4000/pm.111","[
  {
    ""resourceId"": ""a61a7292-9747-40a1-855c-44fb7c8b1f6c"",
    ""resourceXresourceId"": """",
    ""ontologyProperty"": """",
    ""inverseOntologyProperty"": """"
  }
]",,2025-07-18,,,2025-07-18
a740f7d4-d4d2-4478-aff2-727c35134c01,INFO-00000300,7TZ9MYHA,Thesis,"Les groupes culturels du néolithique et de l'âge du fer des régions de louga, thiès et saint-louis, sénégal (du vième millénaire avant j.-c. au vième siècle après j.-c.) : approches taphonomique et archéologique","Deschamps, Sandrine",Université Panthéon-Sorbonne - Paris I,2013,,,,,,,,https://theses.hal.science/tel-01124094,French,"Nos recherches portent sur une portion de la zone dunaire du Sénégal occidental, à proximité du littoral. Elle est comprise entre M'Boro, au nord, et Rao, au Sud, bordée par le littoral à l'ouest et limitée à la longitude de Guéoul, à l'est. Ce choix permet de remplir un vide archéologique observable sur toutes les cartes ainsi que dans la bibliographie. L'enjeu de notre recherche est de poser un premier jalon « heuristique». II s'agit de dresser, à l'issue de plusieurs campagnes de terrain, un inventaire liminaire des différents faciès du Néolithique et de l'Âge du fer présents dans cette région. Notre but a été de les décrire au travers de leur culture matérielle, de les organiser d'un point de vue chronologique et enfin de les comparer avec les autres sites connus. Cela mis en évidence plusieurs sites néolithiques dont certains ont été rattachés au Néolithique microlithique dunaire. Au moins trois groupes de l'âge du Fer, ont pu être distingués. Parallèlement, nous éclairons les contextes de découverte difficiles, que sont ceux du système dunaire ogolien, par leur analyse taphonomique. Cette étude a débouché sur une typologie de la conservation des sites dunaires ainsi sur des propositions synthétiques sur leur évolution post-dépositionnelle. Un dernier aspect a consisté à croiser les données bibliographiques des autres sciences (géomorphologie, palynologie, géologie, archéozoologie) avec nos propres données afin de percevoir le cadre environnemental dans lequel ont évolué les différentes sociétés humaines néolithiques et de l'âge du Fer. Cela a permis à la fois de réfléchir à l'implantation des sites dans le paysage par période et sur les économies de subsistance.",,"Deschamps, Sandrine (2013.0). Les groupes culturels du Néolithique et de l'Âge du Fer des régions de Louga, Thiès et Saint-Louis, Sénégal (du VIème millénaire avant J.-C. au VIème siècle après J.-C.) : approches taphonomique et archéologique. Université Panthéon-Sorbonne - Paris I. https://theses.hal.science/tel-01124094","[
  {
    ""resourceId"": ""a61a7292-9747-40a1-855c-44fb7c8b1f6c"",
    ""resourceXresourceId"": """",
    ""ontologyProperty"": """",
    ""inverseOntologyProperty"": """"
  }
]",,2025-07-18,,,2025-07-18
6577f0fc-c647-4dd3-a474-b07e5208b800,INFO-00000301,X495J8XP,Conference paper,La vallée de la falémé (sénégal oriental): une histoire du peuplement aussi ancienne que diversifiée.,"Eric, Huysecom; Bocoum, Hamady; Katja, Douze; Ndiaye, Matar; Mayor, Anne; Rasse, Michel; Lespez, Laurent; Tribolo, Chantal; Hajdas, Irka",,2017,,,,,,,,https://hal.science/hal-02536128,French,,,"Eric, Huysecom; Bocoum, Hamady; Katja, Douze; Ndiaye, Matar; Mayor, Anne; Rasse, Michel; Lespez, Laurent; Tribolo, Chantal; Hajdas, Irka (2017.0). La vallée de la Falémé (Sénégal oriental): une histoire du peuplement aussi ancienne que diversifiée.. nan. https://hal.science/hal-02536128","[
  {
    ""resourceId"": ""a61a7292-9747-40a1-855c-44fb7c8b1f6c"",
    ""resourceXresourceId"": """",
    ""ontologyProperty"": """",
    ""inverseOntologyProperty"": """"
  }
]",,2025-07-18,,,2025-07-18
c312a700-e71a-422f-a0ac-30e289c37de1,INFO-00000302,IFBGCWEX,Journal article,Le site mégalithique de wanar (sénégal): note préliminaire sur un nouveau programme de coopération entre la france et le sénégal (2008-2011),"Laporte, Luc; Bocoum, Hamady; Bernard, Régis; Bertin, Francis; Dartois, Vincent; Delvoye, Adrien; Diop, Malik; Kane, Abdoulaye; Quesnel, Laurent",,2009,Afrique : Archeologie et Arts,5,10.4000/aaa.827,,"1634-3123, 2431-2045",99-108,,http://journals.openedition.org/aaa/827,,,,"Laporte, Luc; Bocoum, Hamady; Bernard, Régis; Bertin, Francis; Dartois, Vincent; Delvoye, Adrien; Diop, Malik; Kane, Abdoulaye; Quesnel, Laurent (2009.0). Le site mégalithique de Wanar (Sénégal): Note préliminaire sur un nouveau programme de coopération entre la France et le Sénégal (2008-2011). nan. https://doi.org/10.4000/aaa.827","[
  {
    ""resourceId"": ""a61a7292-9747-40a1-855c-44fb7c8b1f6c"",
    ""resourceXresourceId"": """",
    ""ontologyProperty"": """",
    ""inverseOntologyProperty"": """"
  }
]",,2025-07-18,,,2025-07-18
c4527700-f4d0-412d-8911-c6139216b8fc,INFO-00000303,ZJ5ESSZB,Journal article,Khama's own account of himself,"Parsons, Q.N.",,1972,Botswana Notes and Records,,,,0525-5090,137-146,4,https://www.jstor.org/stable/40979323,,,,"Parsons, Q.N. (1972.0). Khama's own Account of Himself. nan. https://www.jstor.org/stable/40979323","[
  {
    ""resourceId"": ""a61a7292-9747-40a1-855c-44fb7c8b1f6c"",
    ""resourceXresourceId"": """",
    ""ontologyProperty"": """",
    ""inverseOntologyProperty"": """"
  }
]",,2025-07-18,,,2025-07-18
b2854bef-ee5a-4257-936a-e478967c7228,INFO-00000304,6NHYVW8E,Journal article,Les mégalithes du sénégal et de la gambie dans leur contexte régional,"Laporte, Luc; Bocoum, Hamady; Delvoye, Adrien; Sanogo, Kléna; Polet, Jean; Ceesay, Baba; Cros, Jean-Paul; Athié, Adama; Djouad, Selim; Ndiaye, Matar; Armbruster, Barbara; Ballouche, Aziz; Eichhorn, Barbara; Garnier, Aline; Lespez, Laurent; Mathé, Vivien; Robion-Brunner, Caroline",,2017,Afrique : Archéologie & Arts,13,10.4000/aaa.1033,,1634-3123,93-119,,https://journals.openedition.org/aaa/1033,French,"Les architectures en pierre du mégalithisme sénégambien ont longtemps été considérées comme une entité autonome sur une partie du continent africain qui, traditionnellement, privilégie plutôt les constructions en terre crue. Nos connaissances sur ces monuments furent profondément modifiées par dix ans de recherches archéologiques sur la nécropole mégalithique de Wanar (Sénégal), classée au titre du patrimoine mondial de l’humanité. Cet article a pour objet de replacer ces découvertes dans leur contexte régional, intégrant alors les données disponibles sur les monuments funéraires d’époques protohistoriques au Sénégal comme au Mali, en Guinée, en Guinée-Bissau, au Libéria et en Sierra Leone, voire parfois plus largement encore. Les auteurs ont montré – d’une manière plus systématique que dans les travaux antérieurs – que plusieurs des caractéristiques des rites funéraires sénégambiens peuvent trouver écho dans l’ethnologie de l’Afrique de l’Ouest.",All rights reserved,"Laporte, Luc; Bocoum, Hamady; Delvoye, Adrien; Sanogo, Kléna; Polet, Jean; Ceesay, Baba; Cros, Jean-Paul; Athié, Adama; Djouad, Selim; Ndiaye, Matar; Armbruster, Barbara; Ballouche, Aziz; Eichhorn, Barbara; Garnier, Aline; Lespez, Laurent; Mathé, Vivien; Robion-Brunner, Caroline (2017.0). Les mégalithes du Sénégal et de la Gambie dans leur contexte régional. nan. https://doi.org/10.4000/aaa.1033","[
  {
    ""resourceId"": ""a61a7292-9747-40a1-855c-44fb7c8b1f6c"",
    ""resourceXresourceId"": """",
    ""ontologyProperty"": """",
    ""inverseOntologyProperty"": """"
  }
]",,2025-07-18,,,2025-07-18
c5c7d06c-72e2-4bf3-929f-f042076091e3,INFO-00000305,DZ9V4D82,Journal article,"Longstanding behavioural stability in west africa extends to the middle pleistocene at bargny, coastal senegal","Niang, Khady; Blinkhorn, James; Bateman, Mark D.; Kiahtipes, Christopher A.",,2023,Nature Ecology & Evolution,7,10.1038/s41559-023-02046-4,,2397-334X,1141-1151,7,https://www.nature.com/articles/s41559-023-02046-4,English,"Abstract             Middle Stone Age (MSA) technologies first appear in the archaeological records of northern, eastern and southern Africa during the Middle Pleistocene epoch. The absence of MSA sites from West Africa limits evaluation of shared behaviours across the continent during the late Middle Pleistocene and the diversity of subsequent regionalized trajectories. Here we present evidence for the late Middle Pleistocene MSA occupation of the West African littoral at Bargny, Senegal, dating to 150 thousand years ago. Palaeoecological evidence suggests that Bargny was a hydrological refugium during the MSA occupation, supporting estuarine conditions during Middle Pleistocene arid phases. The stone tool technology at Bargny presents characteristics widely shared across Africa in the late Middle Pleistocene but which remain uniquely stable in West Africa to the onset of the Holocene. We explore how the persistent habitability of West African environments, including mangroves, contributes to distinctly West African trajectories of behavioural stability.",,"Niang, Khady; Blinkhorn, James; Bateman, Mark D.; Kiahtipes, Christopher A. (2023.0). Longstanding behavioural stability in West Africa extends to the Middle Pleistocene at Bargny, coastal Senegal. nan. https://doi.org/10.1038/s41559-023-02046-4","[
  {
    ""resourceId"": ""a61a7292-9747-40a1-855c-44fb7c8b1f6c"",
    ""resourceXresourceId"": """",
    ""ontologyProperty"": """",
    ""inverseOntologyProperty"": """"
  }
]",,2025-07-18,,,2025-07-18
627cf097-9572-4932-8115-52bae13e4e3d,INFO-00000306,LGAKDFJT,Journal article,Kwale: an early iron age site in eastern kenya,"Soper, Robert",,1967,Azania: Archaeological Research in Africa,1,https://doi.org/10.1080/00672706709511437,,,,2,,,,,"Soper, Robert (1967.0). Kwale: An Early Iron Age  Site in Eastern Kenya. nan. https://doi.org/https://doi.org/10.1080/00672706709511437","[
  {
    ""resourceId"": ""a61a7292-9747-40a1-855c-44fb7c8b1f6c"",
    ""resourceXresourceId"": """",
    ""ontologyProperty"": """",
    ""inverseOntologyProperty"": """"
  }
]",,2025-07-18,,,2025-07-18
f690a21c-aaa0-4bc1-925c-d67a073b8cd2,INFO-00000307,F7KVZZKJ,Journal article,"Le commerce des esclaves sur la cote swahili, 1500-1750","Vernet, Thomas",,2003,Azania: Archaeological Research in Africa,1,10.1080/00672700309480358,,"0067-270X, 1945-5534",69-97,38,http://www.tandfonline.com/doi/abs/10.1080/00672700309480358,English,,,"Vernet, Thomas (2003.0). Le commerce des esclaves sur la cote swahili, 1500-1750. nan. https://doi.org/10.1080/00672700309480358","[
  {
    ""resourceId"": ""a61a7292-9747-40a1-855c-44fb7c8b1f6c"",
    ""resourceXresourceId"": """",
    ""ontologyProperty"": """",
    ""inverseOntologyProperty"": """"
  }
]",,2025-07-18,,,2025-07-18
ea0bd210-ce9b-4286-91f3-ebe104c5110e,INFO-00000308,WZTXHFHF,Journal article,Limbo: early iron-working in south-eastern tanzania,"Chami, F. A.",,1992,Azania: Archaeological Research in Africa,1,10.1080/00672709209511430,,"0067-270X, 1945-5534",45-52,27,http://www.tandfonline.com/doi/abs/10.1080/00672709209511430,English,,,"Chami, F. A. (1992.0). Limbo: Early Iron-working in south-eastern Tanzania. nan. https://doi.org/10.1080/00672709209511430","[
  {
    ""resourceId"": ""a61a7292-9747-40a1-855c-44fb7c8b1f6c"",
    ""resourceXresourceId"": """",
    ""ontologyProperty"": """",
    ""inverseOntologyProperty"": """"
  }
]",,2025-07-18,,,2025-07-18
b00de2b3-c7d9-4ae4-8087-8483a80c788a,INFO-00000309,4VB6BLQV,Journal article,Kantsyore island,"Chapman, Susannah",,1967,Azania: Archaeological Research in Africa,1,10.1080/00672706709511446,,"0067-270X, 1945-5534",165-191,2,http://www.tandfonline.com/doi/abs/10.1080/00672706709511446,English,,,"Chapman, Susannah (1967.0). Kantsyore Island. nan. https://doi.org/10.1080/00672706709511446","[
  {
    ""resourceId"": ""a61a7292-9747-40a1-855c-44fb7c8b1f6c"",
    ""resourceXresourceId"": """",
    ""ontologyProperty"": """",
    ""inverseOntologyProperty"": """"
  }
]",,2025-07-18,,,2025-07-18
4434bf32-3661-4afa-b132-e7a8d1ff3103,INFO-00000310,M4ZDDX4I,Journal article,Kilwa: a preliminary report,"Chittick, Neville",,1966,Azania: Archaeological Research in Africa,1,10.1080/00672706609511339,,"0067-270X, 1945-5534",001-36,1,http://www.tandfonline.com/doi/abs/10.1080/00672706609511339,English,,,"Chittick, Neville (1966.0). Kilwa: A Preliminary Report. nan. https://doi.org/10.1080/00672706609511339","[
  {
    ""resourceId"": ""a61a7292-9747-40a1-855c-44fb7c8b1f6c"",
    ""resourceXresourceId"": """",
    ""ontologyProperty"": """",
    ""inverseOntologyProperty"": """"
  }
]",,2025-07-18,,,2025-07-18
de557f5f-0a95-416e-bf0c-98dd2a462412,INFO-00000311,ZVZBECGG,Journal article,Kwale: an early iron age site in south-eastern kenya,"Soper, Robert",,1967,Azania: Archaeological Research in Africa,1,10.1080/00672706709511437,,"0067-270X, 1945-5534",001-17,2,http://www.tandfonline.com/doi/abs/10.1080/00672706709511437,English,,,"Soper, Robert (1967.0). Kwale: An Early Iron Age Site in South-Eastern Kenya. nan. https://doi.org/10.1080/00672706709511437","[
  {
    ""resourceId"": ""a61a7292-9747-40a1-855c-44fb7c8b1f6c"",
    ""resourceXresourceId"": """",
    ""ontologyProperty"": """",
    ""inverseOntologyProperty"": """"
  }
]",,2025-07-18,,,2025-07-18
26facd47-f850-4086-8500-c31be4231828,INFO-00000312,WS5JJADG,Journal article,"L’île de sanjé ya kati (kilwa, tanzanie): un mythe shirâzi bien réel","Pradines, Stéphane",,2009,Azania: Archaeological Research in Africa,1,10.1080/00671990902795814,,"0067-270X, 1945-5534",49-73,44,http://www.tandfonline.com/doi/abs/10.1080/00671990902795814,English,,,"Pradines, Stéphane (2009.0). L’île de Sanjé ya Kati (Kilwa, Tanzanie): un mythe Shirâzi bien réel. nan. https://doi.org/10.1080/00671990902795814","[
  {
    ""resourceId"": ""a61a7292-9747-40a1-855c-44fb7c8b1f6c"",
    ""resourceXresourceId"": """",
    ""ontologyProperty"": """",
    ""inverseOntologyProperty"": """"
  }
]",,2025-07-18,,,2025-07-18
a3d9f61d-bf20-403b-a634-e99b8b8e0487,INFO-00000313,MUC8KHV3,Journal article,Kenya littoral,"Kirkman, J S",,1966,Current Anthropology,3,https://doi.org/10.1086/200723,,,347-348,7,https://www.journals.uchicago.edu/doi/abs/10.1086/200723?journalCode=ca,,,,"Kirkman, J S (1966.0). Kenya Littoral. nan. https://doi.org/https://doi.org/10.1086/200723","[
  {
    ""resourceId"": ""a61a7292-9747-40a1-855c-44fb7c8b1f6c"",
    ""resourceXresourceId"": """",
    ""ontologyProperty"": """",
    ""inverseOntologyProperty"": """"
  }
]",,2025-07-18,,,2025-07-18
4930667e-24bf-4d92-8462-61b9a7c4297b,INFO-00000314,C6DPTCQF,Journal article,"Late quaternary speleogenesis and landscape evolution in a tropical carbonate island: pango la kuumbi (kuumbi cave), zanzibar","University of Stirling & University of Edinburgh; Kourampas, Nikos; Shipton, Ceri; University of Cambridge; Mills, William; University of Oxford; Tibesasa, Ruth; Kyambogo University; Horton, Henrietta; The MENTOR Initiative, Monrovia; Horton, Mark; University of Bristol; Prendergast, Mary; St Lewis University in Madrid; Crowther, Alison; The University of Queensland; Douka, Katerina; University of Oxford; Faulkner, Patrick; The University of Sydney; Picornell, Llorenç; University of the Balearic Islands; Boivin, Nicole; University of Oxford",University of South Florida Libraries,2015,International Journal of Speleology,3,10.5038/1827-806x.44.3.7,,"0392-6672, 1827-806X",293-314,44,http://scholarcommons.usf.edu/ijs/vol44/iss3/8/,English,"Kuumbi Cave is one of a group of caves that underlie a flight of marine terraces in Pleistocene limestone in eastern Zanzibar (Indian Ocean). Drawing on the findings of geoarchaeological field survey and archaeological excavation, we discuss the formation and evolution of Kuumbi Cave and its wider littoral landscape. In the later part of the Quaternary (last ca. 250,000 years?), speleogenesis and terrace formation were driven by the interplay between glacioeustatic sea level change and crustal uplift at rates of ca. 0.10-0.20 mm/yr. Two units of backreef/reef limestone were deposited during ‘optimal’ (highest) highstands, tentatively correlated with MIS 7 and 5; (mainly) erosive marine terraces formed in these limestones in ‘suboptimal’ highstands. Kuumbi and other sub-terrace caves developed as flank margin caves, in the seaward portion of freshwater lenses during such ‘suboptimal’ highstands. Glacioeustacy-induced fluctuations of the groundwater table may have resulted in shifts from vadose (with deposition of well-developed speleothems) to phreatic/epiphreatic conditions in these caves. At Kuumbi, Late Pleistocene (pre-20,000 cal. BP) ceiling collapse initiated colluvial deposition near-entrance and opened the cave to large plants and animals, including humans. A phase of terminal Pleistocene human occupation ca. 18,500-17,000 cal. BP resulted in the deposition of a dense assemblage of Achatina spp. landsnails, alongside marine molluscs and mammal remains (including zebra, buffalo and other taxa now extinct on Zanzibar). The Holocene part of the cave stratigraphy near-entrance records phases of abandonment and intensified late Holocene human use.",,"University of Stirling & University of Edinburgh; Kourampas, Nikos; Shipton, Ceri; University of Cambridge; Mills, William; University of Oxford; Tibesasa, Ruth; Kyambogo University; Horton, Henrietta; The MENTOR Initiative, Monrovia; Horton, Mark; University of Bristol; Prendergast, Mary; St Lewis University in Madrid; Crowther, Alison; The University of Queensland; Douka, Katerina; University of Oxford; Faulkner, Patrick; The University of Sydney; Picornell, Llorenç; University of the Balearic Islands; Boivin, Nicole; University of Oxford (2015.0). Late Quaternary speleogenesis and landscape evolution in a tropical carbonate island: Pango la Kuumbi (Kuumbi Cave), Zanzibar. University of South Florida Libraries. https://doi.org/10.5038/1827-806x.44.3.7","[
  {
    ""resourceId"": ""a61a7292-9747-40a1-855c-44fb7c8b1f6c"",
    ""resourceXresourceId"": """",
    ""ontologyProperty"": """",
    ""inverseOntologyProperty"": """"
  }
]",,2025-07-18,,,2025-07-18
bd6c9bf3-b1db-4c59-9a6a-e1dfe77c467d,INFO-00000315,KS2JU2MM,Book,"Kilwa, an islamic trading city on the east african coast: history and archaeology; the finds","Chittick, Hubert Neville",British Institute in Eastern Africa,1974,,,,,,,,,English,,,"Chittick, Hubert Neville (1974.0). Kilwa, an Islamic Trading City on the East African Coast: History and Archaeology; the Finds. British Institute in Eastern Africa.","[
  {
    ""resourceId"": ""a61a7292-9747-40a1-855c-44fb7c8b1f6c"",
    ""resourceXresourceId"": """",
    ""ontologyProperty"": """",
    ""inverseOntologyProperty"": """"
  }
]",,2025-07-18,,,2025-07-18
647d4b8b-53ee-4af4-96d1-c09b565c980e,INFO-00000316,JHSLIFZX,Journal article,“lay down your heart” [bwaga moyo]: heritage as a driver for urban regeneration in the east-african stone town of bagamoyo,"Keere, Nikolaas Vande; Plevoets, Bie; Winkels, Peggy; Mosha, Livin",Emerald Publishing Limited,2022,Journal of Cultural Heritage Management and Sustainable Development,4,10.1108/JCHMSD-08-2021-0137,,2044-1266,672-688,14,https://www.emerald.com/insight/content/doi/10.1108/jchmsd-08-2021-0137/full/html,English,"The paper aims to elaborate on the potential for regeneration of Bagamoyo (Tanzania) through adaptive reuse of its heritage sites. The town was the most important harbour for ivory and slaves of the East-African mainland during the 19th and early 20th century and the colonial capital of German East-Africa between 1885 and 1890. Today, it has 85,000 inhabitants who mainly live in informal settlements while stone town closer to the coast is largely abandoned with its historical buildings in a poor state of conservation.,The first part of the paper describes the history and heritage of the old stone town Bagamoyo, and how it impacts its identity. Additionally, it summarises the critical reception of the town's role in the application to UNESCO World Heritage for “The Central Slave and Ivory Trade Route”. This, in order to consider the reuse of its heritage sites more as part of a layered regeneration process than of a singular narrative for preservation. The second part presents research-by-design proposals investigating the economic, social and cultural potentialities of three spatial layers: the main street, the coastal strip and the shoreline.,The identity and therefore also urban regeneration of post-colonial towns such as Bagamoyo is the result of a complex combination of different narratives rather than of a singular one.,Bagamoyo's heritage has been studied as a driver for international tourism linked to slavery but without successful implementation. This study proposes an alternative perspective by investigating its potential for urban regeneration in line with local needs. Developed in the context of a master studio of architectural design, it presents an innovative didactic approach. Moreover, the methodology of research-by-design can be inspirational for other historical towns.",,"Keere, Nikolaas Vande; Plevoets, Bie; Winkels, Peggy; Mosha, Livin (2022.0). “Lay down your heart” [bwaga moyo]: heritage as a driver for urban regeneration in the East-African stone town of Bagamoyo. Emerald Publishing Limited. https://doi.org/10.1108/JCHMSD-08-2021-0137","[
  {
    ""resourceId"": ""a61a7292-9747-40a1-855c-44fb7c8b1f6c"",
    ""resourceXresourceId"": """",
    ""ontologyProperty"": """",
    ""inverseOntologyProperty"": """"
  }
]",,2025-07-18,,,2025-07-18
5cf3699f-716c-4ace-a37e-01599f6a1e5c,INFO-00000317,YMPGDBLF,Journal article,"Kilwa-kivinje, ville historique abandonnée de la côte tanzanienne","Blanchard, Pierre",,2015,,,,,,,,https://www.academia.edu/28677402/Kilwa_Kivinje_ville_historique_abandonn%C3%A9e_de_la_c%C3%B4te_tanzanienne,English,"Si les sites archéologiques de Kilwa-Kisiwani sont bien connus, la fille de la célèbre Kilwa médiévale : Kilwa-Kivinje est oubliée. Cette ville fut pourtant la capitale du trafic d&#39;ivoire et d&#39;esclave en Afrique de l&#39;Est vers Zanzibar",,"Blanchard, Pierre (2015.0). Kilwa-Kivinje, ville historique abandonnée de la côte tanzanienne. nan. https://www.academia.edu/28677402/Kilwa_Kivinje_ville_historique_abandonn%C3%A9e_de_la_c%C3%B4te_tanzanienne","[
  {
    ""resourceId"": ""a61a7292-9747-40a1-855c-44fb7c8b1f6c"",
    ""resourceXresourceId"": """",
    ""ontologyProperty"": """",
    ""inverseOntologyProperty"": """"
  }
]",,2025-07-18,,,2025-07-18
6906113c-61d1-4bd5-a902-6eed66b7389a,INFO-00000318,JBYS85V9,Webpage,Lake turkana national parks (kenya) inscribed on list of world heritage in danger,UNESCO World Heritage Centre,,2018,,,,,,,,https://whc.unesco.org/en/news/1842/,,,,UNESCO World Heritage Centre (2018.0). Lake Turkana National Parks (Kenya) inscribed on List of World Heritage in Danger. nan. https://whc.unesco.org/en/news/1842/,"[
  {
    ""resourceId"": ""a61a7292-9747-40a1-855c-44fb7c8b1f6c"",
    ""resourceXresourceId"": """",
    ""ontologyProperty"": """",
    ""inverseOntologyProperty"": """"
  }
]",,2025-07-18,,,2025-07-18
7d3e7258-0b5c-474c-80c4-2d7a96e5646b,INFO-00000319,93DUDMTR,Webpage,Lake turkana national parks,UNESCO,,2019,UNESCO World Heritage Convention,,,,,,,https://whc.unesco.org/en/soc/3848,,,,UNESCO (2019.0). Lake Turkana National Parks. nan. https://whc.unesco.org/en/soc/3848,"[
  {
    ""resourceId"": ""a61a7292-9747-40a1-855c-44fb7c8b1f6c"",
    ""resourceXresourceId"": """",
    ""ontologyProperty"": """",
    ""inverseOntologyProperty"": """"
  }
]",,2025-07-18,,,2025-07-18
3c7ed8e4-ebc1-4c0e-a363-b42608d9eaea,INFO-00000320,5VT648Y4,Webpage,Lake turkana national parks state of conservation report 2024,UNESCO World Heritage Centre,,2024,UNESCO World Heritage Convention,,,,,,,https://whc.unesco.org/en/soc/4575,,,,UNESCO World Heritage Centre (2024.0). Lake Turkana National Parks State of Conservation Report 2024. nan. https://whc.unesco.org/en/soc/4575,"[
  {
    ""resourceId"": ""a61a7292-9747-40a1-855c-44fb7c8b1f6c"",
    ""resourceXresourceId"": """",
    ""ontologyProperty"": """",
    ""inverseOntologyProperty"": """"
  }
]",,2025-07-18,,,2025-07-18
92d8025c-dd54-46d1-b25c-0fcec99c178e,INFO-00000321,RP48X2S5,Journal article,Kilwa,"Cartwright, Mark",,2019,World History Encyclopedia,,,,,,,https://www.worldhistory.org/Kilwa/,,,,"Cartwright, Mark (2019.0). Kilwa. nan. https://www.worldhistory.org/Kilwa/","[
  {
    ""resourceId"": ""a61a7292-9747-40a1-855c-44fb7c8b1f6c"",
    ""resourceXresourceId"": """",
    ""ontologyProperty"": """",
    ""inverseOntologyProperty"": """"
  }
]",,2025-07-18,,,2025-07-18
c6da79fa-967e-40b6-9840-377ffd13d791,INFO-00000322,GGM8NNLY,Webpage,"Kilwa, the complete chronological history of an east-african emporium: 800-1842.","Samuel, Isaac",,2025,,,,,,,,https://www.africanhistoryextra.com/p/kilwa-the-complete-chronological,English,Journal of African Cities chapter-2,,"Samuel, Isaac (2025.0). Kilwa, the complete chronological history of an East-African emporium: 800-1842.. nan. https://www.africanhistoryextra.com/p/kilwa-the-complete-chronological","[
  {
    ""resourceId"": ""a61a7292-9747-40a1-855c-44fb7c8b1f6c"",
    ""resourceXresourceId"": """",
    ""ontologyProperty"": """",
    ""inverseOntologyProperty"": """"
  }
]",,2025-07-18,,,2025-07-18
643ebb51-8b49-4450-8c5e-aee3b95c752a,INFO-00000323,XQUNZP3A,Map,Konso cultural landscape - Maps of inscribed property,ARCCH,,2011,,,,,,,,https://whc.unesco.org/en/list/1333/documents/,,,,ARCCH (2011.0). Konso Cultural Landscape - Maps of inscribed property. nan. https://whc.unesco.org/en/list/1333/documents/,"[
  {
    ""resourceId"": ""a61a7292-9747-40a1-855c-44fb7c8b1f6c"",
    ""resourceXresourceId"": """",
    ""ontologyProperty"": """",
    ""inverseOntologyProperty"": """"
  }
]",,2025-07-18,,,2025-07-18
39ee253f-e97a-4443-9646-ee4e65aa0806,INFO-00000324,9H4CIVGI,Document,Lower valley of the omo periodic report,The Authority for Research and Conservation of Cultural Heritage (ARCCH)Ethiopian National Authority,,2015,,,,,,,,https://whc.unesco.org/en/list/17/documents/,,,,The Authority for Research and Conservation of Cultural Heritage (ARCCH)Ethiopian National Authority (2015.0). Lower Valley of the Omo Periodic Report. nan. https://whc.unesco.org/en/list/17/documents/,"[
  {
    ""resourceId"": ""a61a7292-9747-40a1-855c-44fb7c8b1f6c"",
    ""resourceXresourceId"": """",
    ""ontologyProperty"": """",
    ""inverseOntologyProperty"": """"
  }
]",,2025-07-18,,,2025-07-18
5f7eb727-8461-4e23-ab2e-2fc66eae8b51,INFO-00000325,YW2CPTAF,Document,"Lower valley of the omo,state of conservation reports","The Authority for Research and Conservation of Cultural Heritage (ARCCH)Ethiopian National Authority, UNESCO World Heritage",,2025,,,,,,,,https://whc.unesco.org/en/list/17/,English,"A prehistoric site near Lake Turkana, the lower valley of the Omo is renowned the world over. The discovery of many fossils there, especially Homo gracilis, has been of fundamental importance in the study of human  ...",,"The Authority for Research and Conservation of Cultural Heritage (ARCCH)Ethiopian National Authority, UNESCO World Heritage (2025.0). Lower Valley of the Omo,State of Conservation Reports. nan. https://whc.unesco.org/en/list/17/","[
  {
    ""resourceId"": ""a61a7292-9747-40a1-855c-44fb7c8b1f6c"",
    ""resourceXresourceId"": """",
    ""ontologyProperty"": """",
    ""inverseOntologyProperty"": """"
  }
]",,2025-07-18,,,2025-07-18
54e25584-d1fe-4500-b96a-195a7d2d8ec1,INFO-00000326,2Q2STNJX,Document,Lower valley of the awash periodic report,"The Authority for Research and Conservation of Cultural Heritage (ARCCH), UNESCO World Heritage",,2021,,,,,,,,https://whc.unesco.org/en/list/10/,English,"The Awash valley contains one of the most important groupings of palaeontological sites on the African continent. The remains found at the site, the oldest of which date back at least 4 million years, provide  ...",,"The Authority for Research and Conservation of Cultural Heritage (ARCCH), UNESCO World Heritage (2021.0). Lower Valley of the Awash Periodic Report. nan. https://whc.unesco.org/en/list/10/","[
  {
    ""resourceId"": ""a61a7292-9747-40a1-855c-44fb7c8b1f6c"",
    ""resourceXresourceId"": """",
    ""ontologyProperty"": """",
    ""inverseOntologyProperty"": """"
  }
]",,2025-07-18,,,2025-07-18
a391f0b3-082b-403a-a64e-6cf387a8621f,INFO-00000327,LETZ5GTE,Document,"Kilifi caves (panga ya saidi, mawe meru and chasimba caves)",UNESCO World Heritage Centre,,2023,,,,,,,,https://whc.unesco.org/en/tentativelists/6684/,English,,,"UNESCO World Heritage Centre (2023.0). Kilifi Caves (Panga Ya Saidi, Mawe Meru and Chasimba Caves). nan. https://whc.unesco.org/en/tentativelists/6684/","[
  {
    ""resourceId"": ""a61a7292-9747-40a1-855c-44fb7c8b1f6c"",
    ""resourceXresourceId"": """",
    ""ontologyProperty"": """",
    ""inverseOntologyProperty"": """"
  }
]",,2025-07-18,,,2025-07-18
23ea8325-4a2b-4780-9918-10a86b9cf306,INFO-00000328,VQIRG368,Journal article,L'île de gorée : un atout du tourisme sénégalais,"Ciss, Gorgui",,1989,Îles et Archipels,1,,,,183-192,10,https://www.persee.fr/doc/ilarc_0758-864x_1989_act_10_1_959,French,"Summary - The Island of Gorée : an Asset for the Tourist Industry in Senegal. The island of Gorée, lying 3 kms off the coast at Dakar and covering an area of 16 hectares, is one of the main tourist attractions in Senegal, due to its rich historical past. There is a daily boat service (a launch with 300 places). The island was discovered in 1444 by the Portuguese navigator Denis Diaz and was disputed by the Portuguese, Dutch, French and English before finally becoming a French possession in 1817. It was a rallying point for slaves before they were embarked for the American continent and was geared to the Black Slave trade for nearly 300 years. The Slave House -a witness to so much suffering -reminds the visitor of the deportation of several million black people. The « enrichment » of traders, government servants, soldiers and other intermediaries can be attested by the building of lovely houses which are curiosities for thousands of visitors (96,000 in 1985-86). Other attractions are the Maritime Museum, the Church of St-Charles Borromeo, the Mosque, Fort Estrées, the Castel, the beach, etc. The many restaurants, bars and stalls are mainly frequented by tourists and are a source of revenue for the islanders although there is not a single hotel room.",free,"Ciss, Gorgui (1989.0). L'île de Gorée : un atout du tourisme sénégalais. nan. https://www.persee.fr/doc/ilarc_0758-864x_1989_act_10_1_959","[
  {
    ""resourceId"": ""a61a7292-9747-40a1-855c-44fb7c8b1f6c"",
    ""resourceXresourceId"": """",
    ""ontologyProperty"": """",
    ""inverseOntologyProperty"": """"
  }
]",,2025-07-18,,,2025-07-18
70ac2469-0ba8-46e1-aac9-4b67608ba209,INFO-00000329,V5PYBZJ6,Report,Kunta kinteh island and related sites,UNESCO,,2021,,,,,,62,,https://whc.unesco.org/document/217225,English,,,UNESCO (2021.0). Kunta Kinteh Island and Related Sites. nan. https://whc.unesco.org/document/217225,"[
  {
    ""resourceId"": ""a61a7292-9747-40a1-855c-44fb7c8b1f6c"",
    ""resourceXresourceId"": """",
    ""ontologyProperty"": """",
    ""inverseOntologyProperty"": """"
  }
]",,2025-07-18,,,2025-07-18
9bcd82b7-673b-449c-87c0-f252477fb664,INFO-00000330,KM35PVUC,Journal article,Le site mégalithique de wanar au sénégal : analyses technologiques et tracéologiques des perles en or,"Ndiaye, Matar; FASTEF/ Université Cheikh Anta Diop",,2022,"Liens, revue internationale des sciences et technologies de l'éducation",3,10.61585/pud-liens-v1n303,,"08504806, 08504806",303-318,1,https://liens.ucad.sn/index.php/liens/article/view/48,,"Mots-clés : Mégalithes, Nécropoles, Wanar, Perles en or, Techno-fonctionnelles Résumé Au cœur de nombreux débats de la recherche archéologique en Afrique de l’ouest, la question des mégalithes du Sénégal est devenue un enjeu majeur. En effet, les grands monuments en pierres de ce pays ont toujours été perçus comme seulement des nécropoles funéraires sacrés pour inhumer nos ancêtres au point de faire oublier qu’ils sont également de véritables lieux qui abritent une riche culture matérielle. Parmi ces vestiges matériels, les objets en or découverts dans les monuments ont joué un rôle socio-économique important, d’autant plus qu’ils servaient de monnaie d’échanges, de signes distinctifs et d’insignes du pouvoir. Les récentes découvertes des perles en or sur le site mégalithique de Wanar apportent des informations cruciales sur ces bijoux prestigieux et leur impact sur les échanges commerciaux transsahariens et à longue distance. Symboles de richesse ou objets d’ornements, ces perles ont engendré un savoir-faire, des enjeux politiques et économiques régionales très complexes. En confrontant les résultats des études technologiques et tracéologiques des perles en or, le site mégalithique de Wanar apporte de nouvelles hypothèses scientifiques pouvant permettre d’aller au-delà des simples observations sur les types d’inhumations dans les nécropoles, en abordant notamment la place des objets en or dans les sociétés protohistoriques au Sénégal.",,"Ndiaye, Matar; FASTEF/ Université Cheikh Anta Diop (2022.0). Le Site Mégalithique De Wanar Au Sénégal : Analyses Technologiques Et Tracéologiques Des Perles En Or. nan. https://doi.org/10.61585/pud-liens-v1n303","[
  {
    ""resourceId"": ""a61a7292-9747-40a1-855c-44fb7c8b1f6c"",
    ""resourceXresourceId"": """",
    ""ontologyProperty"": """",
    ""inverseOntologyProperty"": """"
  }
]",,2025-07-18,,,2025-07-18
69d89dd7-c0af-4df2-b765-e6f141af2444,INFO-00000331,FD7LSZAN,Document,Konso cultural landscape periodic report,"The Authority for Research and Conservation of Cultural Heritage (ARCCH)Ethiopian National Authority, UNESCO World Heritage",,2021,,,,,,,,https://whc.unesco.org/en/list/1333/,English,Konso Cultural Landscape is an arid property of stone walled terraces and fortified settlements in the Konso highlands of Ethiopia. It constitutes a spectacular example of a living cultural tradition stretching back  ...,,"The Authority for Research and Conservation of Cultural Heritage (ARCCH)Ethiopian National Authority, UNESCO World Heritage (2021.0). Konso Cultural Landscape Periodic Report. nan. https://whc.unesco.org/en/list/1333/","[
  {
    ""resourceId"": ""a61a7292-9747-40a1-855c-44fb7c8b1f6c"",
    ""resourceXresourceId"": """",
    ""ontologyProperty"": """",
    ""inverseOntologyProperty"": """"
  }
]",,2025-07-18,,,2025-07-18
0bd25e5b-325a-481a-ac0b-caf735c7c567,INFO-00000332,NQW5R5PU,Document,Lower valley of the omo,"The Authority for Research and Conservation of Cultural Heritage (ARCCH), UNESCO World Heritage",,2025,,,,,,,,https://whc.unesco.org/en/list/17/,English,"A prehistoric site near Lake Turkana, the lower valley of the Omo is renowned the world over. The discovery of many fossils there, especially Homo gracilis, has been of fundamental importance in the study of human  ...",,"The Authority for Research and Conservation of Cultural Heritage (ARCCH), UNESCO World Heritage (2025.0). Lower Valley of the Omo. nan. https://whc.unesco.org/en/list/17/","[
  {
    ""resourceId"": ""a61a7292-9747-40a1-855c-44fb7c8b1f6c"",
    ""resourceXresourceId"": """",
    ""ontologyProperty"": """",
    ""inverseOntologyProperty"": """"
  }
]",,2025-07-18,,,2025-07-18
3303a51d-56b4-4bd5-872a-80ddf3ce9162,INFO-00000333,VX33I9GD,Webpage,Kunta kinteh island and related sites,"mondial, UNESCO Centre du patrimoine",,2006,UNESCO Centre du patrimoine mondial,,,,,,,https://whc.unesco.org/fr/list/761/,French,"L’île James et les sites associés témoignent des principales époques et aspects de la rencontre entre l’Afrique et l’Europe le long du fleuve Gambie, un continuum qui s’étend de la période pré-coloniale et  ...",,"mondial, UNESCO Centre du patrimoine (2006.0). Kunta Kinteh Island and Related Sites. nan. https://whc.unesco.org/fr/list/761/","[
  {
    ""resourceId"": ""a61a7292-9747-40a1-855c-44fb7c8b1f6c"",
    ""resourceXresourceId"": """",
    ""ontologyProperty"": """",
    ""inverseOntologyProperty"": """"
  }
]",,2025-07-18,,,2025-07-18
c6e2643d-aa2d-4365-9f43-9ec29c4555b7,INFO-00000334,CA2JI32Y,Book,Late pleistocene and holocene hunter-gathereres of the matopos: an archaeological study of change and continuity in zimbabwe,"Waker, Nicolas John",Societas Archaeologica Upsaliensis,1995,,,,91-506-1102-X,,,,,English,,,"Waker, Nicolas John (1995.0). Late Pleistocene and Holocene hunter-gathereres of the Matopos: An archaeological study of change and continuity in Zimbabwe. Societas Archaeologica Upsaliensis.","[
  {
    ""resourceId"": ""a61a7292-9747-40a1-855c-44fb7c8b1f6c"",
    ""resourceXresourceId"": """",
    ""ontologyProperty"": """",
    ""inverseOntologyProperty"": """"
  }
]",,2025-07-18,,,2025-07-18
009e22b3-bfb4-4115-be64-4535f1a6d846,INFO-00000335,DWEDXHZY,Book section,Le «néolithique» et l’age du fer ancien dans le sud-ouest de l’afrique centrale.,"de Maret, Pierre",ORSTOM,1990,Paysages quaternaires de l’Afrique Centrale Atlantique,,,2-7099-1022-5,,447-457,,chrome-extension://efaidnbmnnnibpcajpcglclefindmkaj/https://horizon.documentation.ird.fr/exl-doc/pleins_textes/divers11-10/34806.pdf,French,,,"de Maret, Pierre (1990.0). Le «néolithique» et l’Age du Fer Ancien dans le sud-ouest de l’Afrique Centrale.. ORSTOM. chrome-extension://efaidnbmnnnibpcajpcglclefindmkaj/https://horizon.documentation.ird.fr/exl-doc/pleins_textes/divers11-10/34806.pdf","[
  {
    ""resourceId"": ""a61a7292-9747-40a1-855c-44fb7c8b1f6c"",
    ""resourceXresourceId"": """",
    ""ontologyProperty"": """",
    ""inverseOntologyProperty"": """"
  }
]",,2025-07-18,,,2025-07-18
914a1c21-1aba-4840-b412-3332f6cc4964,INFO-00000336,XFFEE6NH,Book,"Le site archéologique de la kamoa (région du shaba, république du zaïre) de l'âge de la pierre ancien à l'âge du fer.","Cahen, Daniel",Musée royal de l'Afrique Centrale,1975,,,,,,,,,French,,,"Cahen, Daniel (1975.0). Le site archéologique de la Kamoa (Région du Shaba, République du Zaïre) de l'âge de la pierre ancien à l'âge du fer.. Musée royal de l'Afrique Centrale.","[
  {
    ""resourceId"": ""a61a7292-9747-40a1-855c-44fb7c8b1f6c"",
    ""resourceXresourceId"": """",
    ""ontologyProperty"": """",
    ""inverseOntologyProperty"": """"
  }
]",,2025-07-18,,,2025-07-18
ad4fee76-6978-4988-bd46-2fe95f280471,INFO-00000337,YJPVXR96,Webpage,La nécropole mégalithique de wanar (sénégal),mission effectuée; Ministère des Affaires Etrangères,,2005,,,,,,,,https://www.fichier-pdf.fr/2012/10/05/rapport-wanar-2005/preview/page/1/,French,Lecture et téléchargement du fichier Rapport wanar 2005.pdf,,mission effectuée; Ministère des Affaires Etrangères (2005.0). La nécropole mégalithique de Wanar (Sénégal). nan. https://www.fichier-pdf.fr/2012/10/05/rapport-wanar-2005/preview/page/1/,"[
  {
    ""resourceId"": ""a61a7292-9747-40a1-855c-44fb7c8b1f6c"",
    ""resourceXresourceId"": """",
    ""ontologyProperty"": """",
    ""inverseOntologyProperty"": """"
  }
]",,2025-07-18,,,2025-07-18
31bb5a2a-77c7-429c-886f-b605f1f2cba9,INFO-00000338,U9EESPVJ,Journal article,Le site mégalithique de wanar (sénégal),"Laporte, Luc; Bocoum, Hamady; Bernard, Régis; Bertin, Francis; Dartois, Vincent; Delvoye, Adrien; Diop, Malik; Kane, Abdoulaye; Quesnel, Laurent",,2009,Afrique : Archéologie & Arts,5,10.4000/aaa.827,,1634-3123,99-108,,https://journals.openedition.org/aaa/827,French,"Cet article présente les résultats des premières fouilles du site mégalithique de Wanar, inscrit au Patrimoine mondial de l’Humanité, qui font partie d’un nouveau programme de coopération scientifique entre la France et le Sénégal (2008-2011). De nouvelles interprétations, concernant entre autres les secteurs en ruine du complexe architectural, sont proposées.",All rights reserved,"Laporte, Luc; Bocoum, Hamady; Bernard, Régis; Bertin, Francis; Dartois, Vincent; Delvoye, Adrien; Diop, Malik; Kane, Abdoulaye; Quesnel, Laurent (2009.0). Le site mégalithique de Wanar (Sénégal). nan. https://doi.org/10.4000/aaa.827","[
  {
    ""resourceId"": ""a61a7292-9747-40a1-855c-44fb7c8b1f6c"",
    ""resourceXresourceId"": """",
    ""ontologyProperty"": """",
    ""inverseOntologyProperty"": """"
  }
]",,2025-07-18,,,2025-07-18
86f54359-95bf-4ff2-a3e4-8c36ce9b7ee8,INFO-00000339,Q4V6QRWS,Book section,"Le cimetière protohistorique de katoto (vallée du lualaba, congo-kinshasa)","Hiernaux, Jean; Maquet, Emma; De Buyst, Josse",Impression Réunies de Chambéry,1972,"Congrès Panafricain de Préhistoire, Dakar, 2-8 décembre 1967",,,,,148-158,,,,,,"Hiernaux, Jean; Maquet, Emma; De Buyst, Josse (1972.0). Le cimetière protohistorique de Katoto (vallée du Lualaba, Congo-Kinshasa). Impression Réunies de Chambéry.","[
  {
    ""resourceId"": ""a61a7292-9747-40a1-855c-44fb7c8b1f6c"",
    ""resourceXresourceId"": """",
    ""ontologyProperty"": """",
    ""inverseOntologyProperty"": """"
  }
]",,2025-07-18,,,2025-07-18
a5937447-4db5-4e3b-9f06-df029d36de81,INFO-00000340,5TY2LPS3,Book,La géographie et l'écologie des grottes du bas-congo. les habitats de caecobarbus geertsi blgr.,Heuts; Leleup,,1954,,,,,,,35,,French,,,Heuts; Leleup (1954.0). La géographie et l'écologie des grottes du Bas-Congo. Les habitats de Caecobarbus geertsi Blgr.. nan.,"[
  {
    ""resourceId"": ""a61a7292-9747-40a1-855c-44fb7c8b1f6c"",
    ""resourceXresourceId"": """",
    ""ontologyProperty"": """",
    ""inverseOntologyProperty"": """"
  }
]",,2025-07-18,,,2025-07-18
e8988778-8fa3-4ead-95ae-aabf60f970b3,INFO-00000341,49KZHXGW,Journal article,Le projet kongoking: les prospections et fouilles menées en 2015 dans la province du kongo central (république démocratique du congo),"Clist, Bernard; Cranshof, Els; De Herdt, Toon; Kidebua, Roger; Matonda, Igor; Nkanza Lutayi, Alphonse; Zaid, Blair; Bostoen, Koen",,2015,NYAME AKUMA,84,,,,128-141,,,French,,,"Clist, Bernard; Cranshof, Els; De Herdt, Toon; Kidebua, Roger; Matonda, Igor; Nkanza Lutayi, Alphonse; Zaid, Blair; Bostoen, Koen (2015.0). Le projet KongoKing: Les prospections et fouilles menées en 2015 dans la province du Kongo Central (République Démocratique du Congo). nan.","[
  {
    ""resourceId"": ""a61a7292-9747-40a1-855c-44fb7c8b1f6c"",
    ""resourceXresourceId"": """",
    ""ontologyProperty"": """",
    ""inverseOntologyProperty"": """"
  }
]",,2025-07-18,,,2025-07-18
fa10c449-93ea-4c2e-8d80-624daad1d7ce,INFO-00000342,RFS6EGT7,Report,Kaya architectural survey and Mapping report.,National Museums of Kenya,NMK,,,,,,,,,,,,,National Museums of Kenya (nan). Kaya Architectural Survey and Mapping Report.. NMK.,"[
  {
    ""resourceId"": ""a61a7292-9747-40a1-855c-44fb7c8b1f6c"",
    ""resourceXresourceId"": """",
    ""ontologyProperty"": """",
    ""inverseOntologyProperty"": """"
  }
]",,2025-07-18,,,2025-07-18
fa43c8ba-b139-4f73-9f96-a0431bbb5a83,INFO-00000343,7D4PCCI9,Report,Kaya forests of coastal kenya nomination dossier for world heritage listing,National Museums of Kenya,NMK.,2008,,,,,,,,,,,,National Museums of Kenya (2008.0). Kaya Forests of Coastal Kenya Nomination Dossier for World Heritage Listing. NMK..,"[
  {
    ""resourceId"": ""a61a7292-9747-40a1-855c-44fb7c8b1f6c"",
    ""resourceXresourceId"": """",
    ""ontologyProperty"": """",
    ""inverseOntologyProperty"": """"
  }
]",,2025-07-18,,,2025-07-18
0eeefb28-9e2f-4d4e-a422-e5a18e16619b,INFO-00000344,YBADCGGU,Statute,"Legal notice no. 6 of 10/01/2025, the national museums and heritage act (kenya)","Ministry for Gender, Culture, the Arts and Heritage",,2025,,,,,,,,,,"LEGAL NOTICE NO. 6 THE NATIONAL MUSEUMS AND HERITAGE ACT (Cap. 216) DECLARATION OF A MONUMENT IN EXERCISE of the powers conferred by section 25(1) (e) of the National Museums and Heritage Act, the Cabinet Secretary for Gender, Culture, the Arts and Heritage, after consultation with the National Museums of Kenya, declares the buildings and adjoining land, set out in the Schedule hereto, which buildings and adjoining land are deemed to be of historical interest, to be national monuments and protected areas within the meaning and for purposes of the Act. Any objection to the declaration shall be lodged with the Cabinet Secretary within two months from the date of publication of this Notice. SCHEDULE 1. ALL THAT structure known as Mud Storey House measuring approximately 15.33 metres long by 15.33 metres wide, on geographic coordinates S 2°18’18’5’’N, 40°11’8.10’’E situated in Mansa Sub-Location, Mansa Location, Kotulo Sub-County, Wajir County. 2. ALL THAT structure formerly known as Elben Dispensary Building measuring approximately 14.8 metres long by 10.7 metres wide, located directly opposite Elben Primary School on geographical coordinates 2°18’23.6’’N, 40°11’9.5’’E situated in Mansa Sub- Location, Mansa Location, Kotulo Sub-County, Wajir County. 3. ALL THAT structure known as Masjid Nur (Old Mosque), Wajir Town, along Masjid Nur Road, within the Central Business District, occupying an area of approximately 0.31213 Hectares (0.7713 Acres), on geographic coordinates 1°44’54.4’’N, 40°03’23.6’’E, situated in Baraza Park Sub-Location, Township Location, Wajir County Dated the 15th January, 2025. MUSALIA MUDAVADI, Prime Cabinet Secretary and Acting Cabinet Secretary for Gender, Culture, the Arts and Heritage.",,"Ministry for Gender, Culture, the Arts and Heritage (2025.0). LEGAL NOTICE NO. 6 of 10/01/2025, THE NATIONAL MUSEUMS AND HERITAGE ACT (Kenya). nan.","[
  {
    ""resourceId"": ""a61a7292-9747-40a1-855c-44fb7c8b1f6c"",
    ""resourceXresourceId"": """",
    ""ontologyProperty"": """",
    ""inverseOntologyProperty"": """"
  }
]",,2025-07-18,,,2025-07-18
459f562e-1d32-4eb9-9a1e-e5bdcd429223,INFO-00000345,4UADIUKV,Journal article,L’érosion côtière et ses implications archéologiques: exemple du golfe ibéro-marocain,"Ménanteau, Loïc",,2021,Méditerranée,133,10.4000/mediterranee.13430,,"0025-8296, 1760-8538",107-126,,http://journals.openedition.org/mediterranee/13430,,,,"Ménanteau, Loïc (2021.0). L’érosion côtière et ses implications archéologiques: Exemple du golfe ibéro-marocain. nan. https://doi.org/10.4000/mediterranee.13430","[
  {
    ""resourceId"": ""a61a7292-9747-40a1-855c-44fb7c8b1f6c"",
    ""resourceXresourceId"": """",
    ""ontologyProperty"": """",
    ""inverseOntologyProperty"": """"
  }
]",,2025-07-18,,,2025-07-18
f642a6ab-a04a-4aa5-80c4-f1322fd1a6b8,INFO-00000346,8WCIXDQK,Journal article,"Les groupes culturels du néolithique et de l’âge du fer des régions de louga, thiès et saint louis (sénégal) (du vie millénaire avant j.-c. au: approches taphonomique et archéologique","Deschamps, Sandrine",,2013,Afrique : Archeologie et Arts,9,10.4000/aaa.348,,"1634-3123, 2431-2045",113-116,,http://journals.openedition.org/aaa/348,,,,"Deschamps, Sandrine (2013.0). Les groupes culturels du Néolithique et de l’Âge du Fer des régions de Louga, Thiès et Saint Louis (Sénégal) (du vie millénaire avant J.-C. au: Approches taphonomique et archéologique. nan. https://doi.org/10.4000/aaa.348","[
  {
    ""resourceId"": ""a61a7292-9747-40a1-855c-44fb7c8b1f6c"",
    ""resourceXresourceId"": """",
    ""ontologyProperty"": """",
    ""inverseOntologyProperty"": """"
  }
]",,2025-07-18,,,2025-07-18
0393e404-4745-4782-8c44-128aac05fd55,INFO-00000347,MP8WUC25,Book,Living with heritage: the case of tsodilo world heritage site and neighbouring localities,"Basinyi, Stella; Justus-Liebig-Universität Gießen",Archaeopress Access Archaeology,2019,,,,978-1-78969-304-1,,,,,English,,,"Basinyi, Stella; Justus-Liebig-Universität Gießen (2019.0). Living with heritage: the case of Tsodilo World Heritage Site and neighbouring localities. Archaeopress Access Archaeology.","[
  {
    ""resourceId"": ""a61a7292-9747-40a1-855c-44fb7c8b1f6c"",
    ""resourceXresourceId"": """",
    ""ontologyProperty"": """",
    ""inverseOntologyProperty"": """"
  }
]",,2025-07-18,,,2025-07-18
61d42075-1c09-4d16-b84b-46e6ce1bf961,INFO-00000348,ABV67WMM,Journal article,"New sites of south ethiopian rock engravings : godana kinjo, ejersa gara hallo, laga harro, and remarks on the šappe-galma school","Le Quellec, Jean-Loïc; Abegaz, Gizachew",,2001,Annales d'Ethiopie,1,10.3406/ethio.2001.1000,,0066-2127,205–224,17,https://www.persee.fr/doc/ethio_0066-2127_2001_num_17_1_1000,,"Summary : We present here three totally new sites discovered in 1999-2000 by Gizachew Abegaz in the area of Dilla, as well as new data on a site already known, that of Soka Dibica, before setting the whole back in the regional artistic context of the Sappe-Galma school.",,"Le Quellec, Jean-Loïc; Abegaz, Gizachew (2001.0). New Sites of South Ethiopian Rock Engravings : Godana Kinjo, Ejersa Gara Hallo, Laga Harro, and Remarks on the Šappe-Galma School. nan. https://doi.org/10.3406/ethio.2001.1000","[
  {
    ""resourceId"": ""a61a7292-9747-40a1-855c-44fb7c8b1f6c"",
    ""resourceXresourceId"": """",
    ""ontologyProperty"": """",
    ""inverseOntologyProperty"": """"
  }
]",,2026-04-10,,,2026-04-10
4c435003-b5e9-4747-ab30-f48679e46a52,INFO-00000349,ZDYACTGM,Journal article,Notes on some rock paintings at savuti,"Campbell, Alec C.",,1970,Botswana Notes and Records,,,,5255090,15-23,2,http://www.jstor.org/stable/40980758,,,,"Campbell, Alec C. (1970.0). Notes on some Rock Paintings at Savuti. nan. http://www.jstor.org/stable/40980758","[
  {
    ""resourceId"": ""a61a7292-9747-40a1-855c-44fb7c8b1f6c"",
    ""resourceXresourceId"": """",
    ""ontologyProperty"": """",
    ""inverseOntologyProperty"": """"
  }
]",,2025-07-18,,,2025-07-18
e4d9749a-4669-491c-bc00-745ce301bdb6,INFO-00000350,JBRVNA9J,Webpage,Makgadikgadi pans landscape,"Centre, UNESCO World Heritage",,2010,,,,,,,,https://whc.unesco.org/en/tentativelists/5559/,English,,,"Centre, UNESCO World Heritage (2010.0). Makgadikgadi Pans Landscape. nan. https://whc.unesco.org/en/tentativelists/5559/","[
  {
    ""resourceId"": ""a61a7292-9747-40a1-855c-44fb7c8b1f6c"",
    ""resourceXresourceId"": """",
    ""ontologyProperty"": """",
    ""inverseOntologyProperty"": """"
  }
]",,2025-07-18,,,2025-07-18
b773621f-d98e-476c-a6be-7155a322c203,INFO-00000351,XHIQJEA3,Report,Makgadikgadi framework management plan. archaeological and other heritage resources.,"van Waarden, Catrien",Marope Research,2010,,,,,,26,,https://www.researchgate.net/publication/299416610_Makgadikgadi_Framework_Management_Plan_Archaeological_and_other_heritage_resources,English,,,"van Waarden, Catrien (2010.0). Makgadikgadi Framework Management Plan. Archaeological and other heritage resources.. Marope Research. https://www.researchgate.net/publication/299416610_Makgadikgadi_Framework_Management_Plan_Archaeological_and_other_heritage_resources","[
  {
    ""resourceId"": ""a61a7292-9747-40a1-855c-44fb7c8b1f6c"",
    ""resourceXresourceId"": """",
    ""ontologyProperty"": """",
    ""inverseOntologyProperty"": """"
  }
]",,2025-07-18,,,2025-07-18
d05ffc2b-0862-4c6c-b3cc-644d619ac952,INFO-00000352,9U9727G2,Journal article,Notes on an iron age settlement on motsenekatse hill,"Pahl, Ron H.",,1971,Botswana Notes and Records,,,,0525-5090,27-31,3,https://www.jstor.org/stable/40979272,English,,,"Pahl, Ron H. (1971.0). Notes on an Iron Age Settlement on Motsenekatse Hill. nan. https://www.jstor.org/stable/40979272","[
  {
    ""resourceId"": ""a61a7292-9747-40a1-855c-44fb7c8b1f6c"",
    ""resourceXresourceId"": """",
    ""ontologyProperty"": """",
    ""inverseOntologyProperty"": """"
  }
]",,2025-07-18,,,2025-07-18
d100d89b-73c2-4ea3-81de-ff84dd67fb51,INFO-00000353,Q2JXM462,Journal article,"Notes on the mocloutsie cemetery near bobonong, 1890s: a re-appraisal","Quick, Geoff; Burrett, Rob",,2015,Botswana Notes and Records,,,,,010-26,45,,,,,"Quick, Geoff; Burrett, Rob (2015.0). Notes on the Mocloutsie Cemetery Near Bobonong, 1890s: A Re-Appraisal. nan.","[
  {
    ""resourceId"": ""a61a7292-9747-40a1-855c-44fb7c8b1f6c"",
    ""resourceXresourceId"": """",
    ""ontologyProperty"": """",
    ""inverseOntologyProperty"": """"
  }
]",,2025-07-18,,,2025-07-18
9b1c9119-1b5c-4616-b993-423621775e79,INFO-00000354,JWCC8IN2,Book,Muslim societies in africa: a historical anthropology,"Loimeier, Roman",Indiana University Press,2013,,,,978-0-253-00797-1,,,,,English,"Muslim Societies in Africa provides a concise overview of Muslim societies in Africa in light of their role in African history and the history of the Islamic world. Roman Loimeier identifies patterns and peculiarities in the historical, social, economic, and political development of Africa, and addresses the impact of Islam over the longue durée. To understand the movements of peoples and how they came into contact, Loimeier considers geography, ecology, and climate as well as religious conversion, trade, and slavery. This comprehensive history offers a balanced view of the complexities of the African Muslim past while looking toward Africa’s future role in the globalized Muslim world.",,"Loimeier, Roman (2013.0). Muslim Societies in Africa: A Historical Anthropology. Indiana University Press.","[
  {
    ""resourceId"": ""a61a7292-9747-40a1-855c-44fb7c8b1f6c"",
    ""resourceXresourceId"": """",
    ""ontologyProperty"": """",
    ""inverseOntologyProperty"": """"
  }
]",,2025-07-18,,,2025-07-18
7f24fd73-dc87-4189-98ad-37cddad894d1,INFO-00000355,685VVR2R,Thesis,Megaliths and mande states: sociopolitical change in the gambia valley over the past two millennia,"Lawson, Amy Elizabeth",University of Michigan,2003,,,,978-0-496-27361-4,,,,https://www.proquest.com/docview/305323476/abstract/EFB6DE6FEF2F434APQ/1,English,"This Thesis examines socio-political changes over the past two thousand years within the Central Gambia Valley. Archaeological data, collected during three seasons of regional survey and excavations, is used to form interpretations concerning the social, political, and economic conditions that prevailed in the Central Gambia Valley in the past. Particular attention is paid to domestic sites and spaces, as previous work in the region has focused mainly on stone circle monuments used for ritual and funerary purposes. Between 1998 and 2000, regional survey was conducted over a fifty square kilometer area of the Central River Division, The Gambia. Full coverage survey was obtained in most cases, and care was taken to record all monumental, habitation, and activity sites encountered. During the 2000 field season, a small number of habitation sites, were chosen to undergo intensive sub-surface testing and excavation. The examination of materials from excavation and surface collections has led to a much greater understanding of site types and chronology in the Central Gambia Valley. Analysis of several thousand ceramic sherds has allowed the creation of a regional ceramic chronology. Paleoethnobotanical and faunal analyses have revealed that subsistence strategies in the region have remained relatively unchanged since the first millennium AD. Domesticated millet and rice appear to have been the most popular cereal crops. An extremely diverse array of animals, including both domesticated and wild species, were utilized. Special attention was also paid to settlement patterns in the region. The majority of habitation sites located date to the first occupation phase (200–1200 AD). Although habitation sites range in size, there is no clear evidence of a site-size hierarchy. Settlements are relatively dispersed. The second and third phases of occupation (1200–1900 AD) witnessed an increased number of fortified sites, suggesting that inter-polity warfare was increasing. Important social transformations, including the immigration of large numbers of Mande speakers, occurred during this time period. Despite the threat of violence, settlements remain dispersed. I argue that this dispersed settlement pattern is a direct result of the importance of controlling riverine and overland trade routes.",Database copyright ProQuest LLC; ProQuest does not claim copyright in the individual underlying works.,"Lawson, Amy Elizabeth (2003.0). Megaliths and Mande states: Sociopolitical change in the Gambia Valley over the past two millennia. University of Michigan. https://www.proquest.com/docview/305323476/abstract/EFB6DE6FEF2F434APQ/1","[
  {
    ""resourceId"": ""a61a7292-9747-40a1-855c-44fb7c8b1f6c"",
    ""resourceXresourceId"": """",
    ""ontologyProperty"": """",
    ""inverseOntologyProperty"": """"
  }
]",,2025-07-18,,,2025-07-18
1f14e710-3546-4aa0-b4d2-c566ce4f30e4,INFO-00000356,PWWHWQN9,Book,"Material knowledges, thermodynamic spaces and the moloko sequence of the late iron age (ad 1300-1840) in southern africa","Fredriksen, Per Ditlef",Archaeopress,2012,,,,978-1-4073-0979-8,,,,,,,,"Fredriksen, Per Ditlef (2012.0). Material knowledges, thermodynamic spaces and the Moloko sequence of the late Iron Age (AD 1300-1840) in Southern Africa. Archaeopress.","[
  {
    ""resourceId"": ""a61a7292-9747-40a1-855c-44fb7c8b1f6c"",
    ""resourceXresourceId"": """",
    ""ontologyProperty"": """",
    ""inverseOntologyProperty"": """"
  }
]",,2025-07-18,,,2025-07-18
55e4dbea-54eb-499d-b45f-cf92cefdaa0f,INFO-00000357,WD8M4JAA,Journal article,New pathways of sociopolitical complexity in southern africa,"Chirikure, Shadreck; Manyanga, Munyaradzi; Pikirayi, Innocent; Pollard, Mark",,2013,African Archaeological Review,4,10.1007/s10437-013-9142-3,,1572-9842,339-366,30,https://doi.org/10.1007/s10437-013-9142-3,English,"Much is known about the economy and spatial organization of Zimbabwe culture entities of Mapungubwe, Great Zimbabwe and Khami but less in terms of their origins and relationship with each other. Based on little tangible evidence, it is believed and widely accepted that the societies based at Mapungubwe (ad 1220–1290), Great Zimbabwe (ad 1300–1450) and Khami (ad 1450–1820) rose, developed and eclipsed in tandem. A recent reexamination of the relationship between these settlements and related ones using local ceramics, imported artefacts, stone architecture and Bayesian modelling suggests this may not have been the case. The synThesis proffered revelations which temper the widely accepted assumption that sociopolitical complexity in southern Africa began in the Shashi-Limpopo Valley before anywhere else in the region. Firstly, there are numerous Zhizo and Leopard’s Kopje sites that predate Mapungubwe but contain prestige goods and stone structures dating from the late first millennium ad. Secondly, material culture studies and modelled radiocarbon dates indicate that Great Zimbabwe evolved out of Gumanye while Khami, like Mapungubwe, may have developed out of the Leopard’s Kopje. In fact, Great Zimbabwe was already a place of importance when Mapungubwe collapsed. Thirdly, Khami and Great Zimbabwe overlapped for over a century, before the latter buckled. Therefore, the evolution of sociopolitical complexity in southern Africa may have followed trajectories that are different from what the current understanding implies.",,"Chirikure, Shadreck; Manyanga, Munyaradzi; Pikirayi, Innocent; Pollard, Mark (2013.0). New Pathways of Sociopolitical Complexity in Southern Africa. nan. https://doi.org/10.1007/s10437-013-9142-3","[
  {
    ""resourceId"": ""a61a7292-9747-40a1-855c-44fb7c8b1f6c"",
    ""resourceXresourceId"": """",
    ""ontologyProperty"": """",
    ""inverseOntologyProperty"": """"
  }
]",,2025-07-18,,,2025-07-18
9da639a2-8f81-40da-a821-b65f5bdb0692,INFO-00000358,BMXKHMX9,Journal article,"New dates for kansyore and pastoral neolithic ceramics in the eyasi basin, tanzania","Prendergast, Mary E.; Grillo, Katherine M.; Mabulla, Audax Z. P.; Wang, Hong",Brill,2014,,,10.3213/2191-5784-10245,,,,,https://brill.com/view/journals/jaa/12/1/article-p89_5.xml,English,"This paper presents and contextualizes two radiocarbon dates directly obtained from Kansyore and Savanna Pastoral Neolithic (Narosura) ceramic sherds from sites near Lake Eyasi in Tanzania. The dates improve upon those obtained during prior research, which were compromised by problematic samples and stratigraphic disturbance. This underscores the importance of direct dating on diagnostic ceramics in areas with poor site integrity. The Eyasi Basin, often thought to mark a “southern frontier” for stone-using herders, is placed in a broader regional context in terms of material correlates of the spread of food production.",,"Prendergast, Mary E.; Grillo, Katherine M.; Mabulla, Audax Z. P.; Wang, Hong (2014.0). New Dates for Kansyore and Pastoral Neolithic Ceramics in the Eyasi Basin, Tanzania. Brill. https://doi.org/10.3213/2191-5784-10245","[
  {
    ""resourceId"": ""a61a7292-9747-40a1-855c-44fb7c8b1f6c"",
    ""resourceXresourceId"": """",
    ""ontologyProperty"": """",
    ""inverseOntologyProperty"": """"
  }
]",,2025-07-18,,,2025-07-18
85f89c23-945e-4dbb-8c5b-c7c534ced30d,INFO-00000359,2SXZ88AY,Journal article,"Maritime community settlement history in pangani bay, tanga coastal region, tanzania","Mjema, Elinaza",Routledge,2015,Azania: Archaeological Research in Africa,2,10.1080/0067270X.2015.1033321,,0067-270X,265-265,50,https://doi.org/10.1080/0067270X.2015.1033321,,,,"Mjema, Elinaza (2015.0). Maritime Community Settlement History in Pangani Bay, Tanga Coastal Region, Tanzania. Routledge. https://doi.org/10.1080/0067270X.2015.1033321","[
  {
    ""resourceId"": ""a61a7292-9747-40a1-855c-44fb7c8b1f6c"",
    ""resourceXresourceId"": """",
    ""ontologyProperty"": """",
    ""inverseOntologyProperty"": """"
  }
]",,2025-07-18,,,2025-07-18
4bedbf96-db22-412d-9182-e1654024b57b,INFO-00000360,2KUX3QFX,Journal article,"New oldowan localities at high level within kilombe caldera, kenya","Gowlett, John A. J.; Stanistreet, Ian G.; Albert, Rosa M.; Blackbird, Sabena J.; Herries, Andy I. R.; Hoare, Sally; Kogai, Philip; Komboh, Caroline K.; Mark, Darren F.; Muriuki, Rebecca M.; Murphy, Hayley; Rucina, Stephen M.; Stollhofen, Harald",,2022,L'Anthropologie,1,10.1016/j.anthro.2021.102976,,0003-5521,102976,126,https://www.sciencedirect.com/science/article/pii/S0003552121001801,,"New occurrences of early artefacts ascribed to the Oldowan tradition come from localities at high level within the caldera of the extinct Kilombe volcano, located in the central rift valley of Kenya. The trachyte cone and caldera of Kilombe volcano formed at ca. 2.5 Ma, and the record of >130m of sediment-fill indicates that the caldera subsequently held a lake for long periods during the Early Pleistocene. The Oldowan artefact localities, dated by 40Ar/39Ar and palaeomagnetism to ∼1.78 Ma, lie east of the centre of the caldera, on the west side of an ancient small lake, which later drained away as a gorge formed on the east side of the mountain. The artefacts are dominantly made of Kilombe trachyte, and are associated with a fauna of large animals including Hippopotamus gorgops. These are the first Oldowan localities to be discovered in a new area of the Kenyan rift valley in the last thirty years, and their presence at high level in rugged landscape indicates that the associated hominins were exploiting a full range of environments. Résumé De nouvelles occurrences d’artefacts anciens attribués à la tradition Oldowayenne proviennent de localités situées à un niveau élevé de la caldeira du volcan éteint de Kilombe, situé dans la vallée centrale du Rift au Kenya. Le cône de trachyte et la caldeira du volcan Kilombe se sont formés à ca. 2,5 Ma, et la séquence de plus de 130m de remplissage de sédiments indique qu’un lac occupait ensuite la caldeira pendant de longues périodes au cours du Pléistocène inférieur. Les sites d’artefacts oldowayens, datés par 40Ar/39Ar et du paléomagnétisme à ∼1,78 Ma, se trouvent à l’est du centre de la caldeira, sur le côté ouest d’un ancien petit lac, qui s’est ensuite drainé grâce a la formation d’une gorge sur le côté est de la montagne. Les artefacts sont principalement constitués de trachyte de Kilombe et sont associés à une faune de grands animaux, dont Hippopotamus gorgops. Ce sont les premières localités oldowayennes à être découvertes dans une nouvelle zone de la vallée du Rift kenyan au cours des trente dernières années, et leur présence à un niveau élevé dans un paysage accidenté indique que les hominidés associés exploitaient une gamme complète d’environnements.",,"Gowlett, John A. J.; Stanistreet, Ian G.; Albert, Rosa M.; Blackbird, Sabena J.; Herries, Andy I. R.; Hoare, Sally; Kogai, Philip; Komboh, Caroline K.; Mark, Darren F.; Muriuki, Rebecca M.; Murphy, Hayley; Rucina, Stephen M.; Stollhofen, Harald (2022.0). New Oldowan localities at high level within Kilombe Caldera, Kenya. nan. https://doi.org/10.1016/j.anthro.2021.102976","[
  {
    ""resourceId"": ""a61a7292-9747-40a1-855c-44fb7c8b1f6c"",
    ""resourceXresourceId"": """",
    ""ontologyProperty"": """",
    ""inverseOntologyProperty"": """"
  }
]",,2025-07-18,,,2025-07-18
d00db3c9-0563-4465-b366-e2e38610f68e,INFO-00000361,2SBJMKLS,Journal article,"Migration, missionaries and contact: recent archaeological research in the khwebe hills, botswana","Ashley, Ceri",,2008,Archaeology International,,http://dx.doi.org/10.5334/ai.1209,,,36-41,12,https://www.researchgate.net/publication/273990363_Migration_missionaries_and_contact_recent_archaeological_research_in_the_Khwebe_Hills_Botswana,,,,"Ashley, Ceri (2008.0). Migration, missionaries and contact: recent archaeological research in the Khwebe Hills, Botswana. nan. https://doi.org/http://dx.doi.org/10.5334/ai.1209","[
  {
    ""resourceId"": ""a61a7292-9747-40a1-855c-44fb7c8b1f6c"",
    ""resourceXresourceId"": """",
    ""ontologyProperty"": """",
    ""inverseOntologyProperty"": """"
  }
]",,2025-07-18,,,2025-07-18
f95d6f2e-a348-42ea-baf5-edaae5ff51db,INFO-00000362,DZEP5A9B,Book,Maritime and underwater cultural heritage management on the historic and arabian trade routes,"Parthesius, Robert; Sharfman, Jonathan",Springer Nature,2020,,,,978-3-030-55837-6,,,,,English,"This Book brings together perspectives on maritime and underwater cultural heritage (MUCH) in selected countries around the Indian Ocean rim that are linked by the historic and Arabian maritime trade routes. It explores how selected countries have adapted maritime archaeological and UCH management methodologies rooted in western contexts to their own situations. It assesses how new heritage management burdens have been placed on states by outsiders wishing to conserve their own heritage in foreign waters. It investigates what these new pressures are and asks what the future holds for the region. Each chapter outlines the development of MUCH in the author’s home nation, provides an overview of current frameworks and activities, and looks to the future of research and management. The chapters draw conclusions regarding what has driven the process of developing individual approaches and perspectives and what the results have been. They ask if the focus is on management or research, and if the MUCH vision is focused seaward or towards the hinterland. A common thread that binds the chapters is the adaptation of western management and practice structures to contexts where the binaries such as tangible and intangible, natural and cultural, and submerged and terrestrial become blurred. It examines how states have confronted management and research challenges on sites that are validated primarily by European expansion perspectives.",,"Parthesius, Robert; Sharfman, Jonathan (2020.0). Maritime and Underwater Cultural Heritage Management on the Historic and Arabian Trade Routes. Springer Nature.","[
  {
    ""resourceId"": ""a61a7292-9747-40a1-855c-44fb7c8b1f6c"",
    ""resourceXresourceId"": """",
    ""ontologyProperty"": """",
    ""inverseOntologyProperty"": """"
  }
]",,2025-07-18,,,2025-07-18
91958af7-cb2d-4045-aa26-ddec7e73a68c,INFO-00000363,63AICLZE,Book section,Nachikufan: zambian later stone age,"Miller, Sheryl F.",Springer US,2001,Encyclopedia of Prehistory: Volume 1: Africa,,10.1007/978-1-4615-1193-9_15,978-1-4615-1193-9,,190-196,,https://doi.org/10.1007/978-1-4615-1193-9_15,English,"ABSOLUTE TIME PERIOD: 16,715 ± 95–1060 ± 100 B.P., possibly as recent as the 19th century. The Nachikufan is divided into three major phases, based on radiocarbon dates from five sites: Nachikufan 1 c. 16,700–10,800 B.P.; Nachikufan 2 c. 9700–5000 B.P.; Nachikufan 3 c. 3500–200 B.P.",,"Miller, Sheryl F. (2001.0). Nachikufan: Zambian Later Stone Age. Springer US. https://doi.org/10.1007/978-1-4615-1193-9_15","[
  {
    ""resourceId"": ""a61a7292-9747-40a1-855c-44fb7c8b1f6c"",
    ""resourceXresourceId"": """",
    ""ontologyProperty"": """",
    ""inverseOntologyProperty"": """"
  }
]",,2025-07-18,,,2025-07-18
081493e1-e12e-41c9-bcaf-2e6b13a6a5d4,INFO-00000364,9J5Y7XFM,Book section,Modeling later stone age societies in southern africa,"Mitchell, Peter",Blackwell Publishing,2005,African Archaeology: a critical introduction,,,1-4051-0155-5,,150 - 173,,,,,,"Mitchell, Peter (2005.0). Modeling Later Stone Age Societies in Southern Africa. Blackwell Publishing.","[
  {
    ""resourceId"": ""a61a7292-9747-40a1-855c-44fb7c8b1f6c"",
    ""resourceXresourceId"": """",
    ""ontologyProperty"": """",
    ""inverseOntologyProperty"": """"
  }
]",,2025-07-18,,,2025-07-18
6142aab6-349d-4318-a4a9-60119485def1,INFO-00000365,VLHCUK5F,Journal article,"Nineteenth century settlement sites and related oral traditions from the bungoma area, western kenya","Scully, R T K",,1979,Azania: Archaeological Research in Africa,,,,,81-96,14,https://www.africabib.org/htp.php?RID=188851852,,,,"Scully, R T K (1979.0). Nineteenth century settlement sites and related oral traditions from the Bungoma area, Western Kenya. nan. https://www.africabib.org/htp.php?RID=188851852","[
  {
    ""resourceId"": ""a61a7292-9747-40a1-855c-44fb7c8b1f6c"",
    ""resourceXresourceId"": """",
    ""ontologyProperty"": """",
    ""inverseOntologyProperty"": """"
  }
]",,2025-07-18,,,2025-07-18
d08db0cf-4e76-46d2-bb0a-419872d63821,INFO-00000366,UJUMLSXH,Journal article,"Neolithic pottery traditions from the islands, the coast and the interior of east africa","Chami, Felix A.; Kwekason, Amandus",,2003,African Archaeological Review,2,10.1023/A:1024426830217,,2630338,65-80,20,http://link.springer.com/10.1023/A:1024426830217,,,,"Chami, Felix A.; Kwekason, Amandus (2003.0). Neolithic Pottery Traditions from the Islands, the Coast and the Interior of East Africa. nan. https://doi.org/10.1023/A:1024426830217","[
  {
    ""resourceId"": ""a61a7292-9747-40a1-855c-44fb7c8b1f6c"",
    ""resourceXresourceId"": """",
    ""ontologyProperty"": """",
    ""inverseOntologyProperty"": """"
  }
]",,2025-07-18,,,2025-07-18
2d0c20a8-2dba-455a-bcb6-031192ba5167,INFO-00000367,2MC69E2N,Journal article,Nkope: the early ironworking pottery tradition of southern coastal tanzania,"Kwekason, Amandus P.",,2013,African Archaeological Review,2,10.1007/s10437-013-9132-5,,"0263-0338, 1572-9842",145-167,30,http://link.springer.com/10.1007/s10437-013-9132-5,English,,http://www.springer.com/tdm,"Kwekason, Amandus P. (2013.0). Nkope: The Early Ironworking Pottery Tradition of Southern Coastal Tanzania. nan. https://doi.org/10.1007/s10437-013-9132-5","[
  {
    ""resourceId"": ""a61a7292-9747-40a1-855c-44fb7c8b1f6c"",
    ""resourceXresourceId"": """",
    ""ontologyProperty"": """",
    ""inverseOntologyProperty"": """"
  }
]",,2025-07-18,,,2025-07-18
11d1b085-f4b9-4448-bcd8-38d44a68d25d,INFO-00000368,FWM3NLID,Journal article,"Middle and later stone age technology from the lake rukwa rift, southwestern tanzania","Willoughby, Pamela R.",,2001,The South African Archaeological Bulletin,173/174,10.2307/3889026,,381969,34,56,https://www.jstor.org/stable/3889026?origin=crossref,,,,"Willoughby, Pamela R. (2001.0). Middle and Later Stone Age Technology from the Lake Rukwa Rift, Southwestern Tanzania. nan. https://doi.org/10.2307/3889026","[
  {
    ""resourceId"": ""a61a7292-9747-40a1-855c-44fb7c8b1f6c"",
    ""resourceXresourceId"": """",
    ""ontologyProperty"": """",
    ""inverseOntologyProperty"": """"
  }
]",,2025-07-18,,,2025-07-18
8997551c-da96-4a8d-ad10-947ec48b9ff8,INFO-00000369,2S4F6D5N,Map,Malindi,Survey of Kenya,Survey of Kenya,1958,,,,,,,,,,,Kenya Goverment,Survey of Kenya (1958.0). Malindi. Survey of Kenya.,"[
  {
    ""resourceId"": ""a61a7292-9747-40a1-855c-44fb7c8b1f6c"",
    ""resourceXresourceId"": """",
    ""ontologyProperty"": """",
    ""inverseOntologyProperty"": """"
  }
]",,2025-07-18,,,2025-07-18
1217990e-106a-4c42-9db7-f06748ba4fd3,INFO-00000370,Q8KAPPUJ,Journal article,"Milieux, hommes et techniques dans la vallée de la kolimbiné (bassin supérieur du sénégal, mali)","Dupuy, Christian",Editions de la Maison des Sciences de l'Homme,2010,Les nouvelles de l'archéologie,120-121,10.4000/nda.1013,,0242-7702,81-86,,https://journals.openedition.org/nda/1013,French,"Cette région du Sahel était méconnue sur le plan archéologique. Des prospections et des fouilles ont permis de : 1) découvrir des habitats du ier millénaire av. J.-C. en stratigraphie et d’expliquer leur position par les évènements climatiques et anthropiques majeurs des trois derniers millénaires, 2) mettre au jour un four de sidérurgie daté de 1715±55 BP (âge C14 brut) et d’en saisir en grande partie le fonctionnement, 3) exhumer sous un tumulus de pierre deux individus en décubitus dorsal recouverts par un troisième individu, leur inhumation remontant à 1515±60 BP, 4) enquêter sur la poterie traditionnelle et de juger de sa valeur socioculturelle.",All rights reserved,"Dupuy, Christian (2010.0). Milieux, hommes et techniques dans la vallée de la Kolimbiné (bassin supérieur du Sénégal, Mali). Editions de la Maison des Sciences de l'Homme. https://doi.org/10.4000/nda.1013","[
  {
    ""resourceId"": ""a61a7292-9747-40a1-855c-44fb7c8b1f6c"",
    ""resourceXresourceId"": """",
    ""ontologyProperty"": """",
    ""inverseOntologyProperty"": """"
  }
]",,2025-07-18,,,2025-07-18
4f673ac9-37f7-40dc-a2e1-ee8b4b434a5f,INFO-00000371,B38JARDE,Thesis,"Mégalithismes sénégambiens, un patrimoine exceptionnel sur le continent africain. recherches archéologiques sur le site de wanar, mission de coopération entre la france et le sénégal (2016-2019). vol. ix","Laporte, Luc; Bocoum, Hamady",Ministère des Affaires Etrangères ; CNRS - UMR 6566 CReAAH,2016,,,,,,,,https://univ-rennes.hal.science/hal-02492316,French,,,"Laporte, Luc; Bocoum, Hamady (2016.0). Mégalithismes sénégambiens, un patrimoine exceptionnel sur le continent africain. Recherches archéologiques sur le site de Wanar, mission de coopération entre la France et le Sénégal (2016-2019). Vol. IX. Ministère des Affaires Etrangères ; CNRS - UMR 6566 CReAAH. https://univ-rennes.hal.science/hal-02492316","[
  {
    ""resourceId"": ""a61a7292-9747-40a1-855c-44fb7c8b1f6c"",
    ""resourceXresourceId"": """",
    ""ontologyProperty"": """",
    ""inverseOntologyProperty"": """"
  }
]",,2025-07-18,,,2025-07-18
b6f94d04-a85e-45b7-8d7b-0f21b504bbc2,INFO-00000372,WR9LTAZ5,Webpage,Mahas survey 1990,"David Edwards, Ali Osman",,2024,,,,,,,,https://www.w3newspapers.com/sudan/,,,,"David Edwards, Ali Osman (2024.0). Mahas Survey 1990. nan. https://www.w3newspapers.com/sudan/","[
  {
    ""resourceId"": ""a61a7292-9747-40a1-855c-44fb7c8b1f6c"",
    ""resourceXresourceId"": """",
    ""ontologyProperty"": """",
    ""inverseOntologyProperty"": """"
  }
]",,2025-07-18,,,2025-07-18
d5e62aa3-4626-456a-aaa9-d6e642d21e35,INFO-00000373,5LZUV464,Book section,"Ndiayène pendao and the lower senegal valley, senegal","Blinkhorn, James; Niang, Khady; Groucutt, Huw S.; Scerri, Eleanor M. L.",Springer International Publishing,2023,HandBook of Pleistocene Archaeology of Africa,,10.1007/978-3-031-20290-2_59,978-3-031-20289-6 978-3-031-20290-2,,929-939,,https://link.springer.com/10.1007/978-3-031-20290-2_59,English,,,"Blinkhorn, James; Niang, Khady; Groucutt, Huw S.; Scerri, Eleanor M. L. (2023.0). Ndiayène Pendao and the Lower Senegal Valley, Senegal. Springer International Publishing. https://doi.org/10.1007/978-3-031-20290-2_59","[
  {
    ""resourceId"": ""a61a7292-9747-40a1-855c-44fb7c8b1f6c"",
    ""resourceXresourceId"": """",
    ""ontologyProperty"": """",
    ""inverseOntologyProperty"": """"
  }
]",,2025-07-18,,,2025-07-18
168fdea1-8f9c-4bb1-8535-27be506fe433,INFO-00000374,GRTLXXN5,Journal article,"Mapping the villagescape: an archaeological approach to political ecology along the falemme river, ad 1000–1900","Gokee, Cameron; Thiaw, Ibrahima",,2020,African Archaeological Review,1,10.1007/s10437-020-09375-w,,"0263-0338, 1572-9842",95-124,37,http://link.springer.com/10.1007/s10437-020-09375-w,English,,,"Gokee, Cameron; Thiaw, Ibrahima (2020.0). Mapping the Villagescape: An Archaeological Approach to Political Ecology Along the Falemme River, AD 1000–1900. nan. https://doi.org/10.1007/s10437-020-09375-w","[
  {
    ""resourceId"": ""a61a7292-9747-40a1-855c-44fb7c8b1f6c"",
    ""resourceXresourceId"": """",
    ""ontologyProperty"": """",
    ""inverseOntologyProperty"": """"
  }
]",,2025-07-18,,,2025-07-18
2b3e6b2f-185f-4d44-9dc3-76d2ef240cfb,INFO-00000375,TYP8BI5G,Journal article,"New data on settlement and environment at the pleistocene/holocene boundary in sudano-sahelian west africa: interdisciplinary investigation at fatandi v, eastern senegal","Chevrier, Benoît; Lespez, Laurent; Lebrun, Brice; Garnier, Aline; Tribolo, Chantal; Rasse, Michel; Guérin, Guillaume; Mercier, Norbert; Camara, Abdoulaye; Ndiaye, Matar; Huysecom, Eric",,2020,PLoS ONE,12,10.1371/journal.pone.0243129,,,e0243129,15,https://hal.science/hal-03063887,English,"The end of the Palaeolithic represents one of the least-known periods in the history of western Africa, both in terms of its chronology and the identification of cultural assemblages entities based on the typo-technical analyses of its industries. In this context, the site of Fatandi V offers new data to discuss the cultural pattern during the Late Stone Age in western Africa. Stratigraphic, taphonomical and sedimentological analyses show the succession of three sedimentary units. Several concentrations with rich lithic material were recognized. An in situ occupation, composed of bladelets, segments, and bladelet and flake cores, is confirmed while others concentrations of lithic materials have been more or less disturbed by erosion and pedogenic post-depositional processes. The sequence is well-dated from 12 convergent OSL dates. Thanks to the dating of the stratigraphic units and an OSL date from the layer (11,300-9,200 BCE [13.3-11.2 ka at 68%, 14.3-10.3 ka at 95%]), the artefacts are dated to the end of Pleistocene or Early Holocene. Palaeoenvironmental data suggest that the settlement took place within a mosaic environment and more precisely at the transition between the open landscape of savanna on the glacis and the plateau, and the increasingly densely-wooded alluvial corridor. These humid areas must have been particularly attractive during the dry season by virtue of their rich resources (raw materials, water, trees, and bushes). The Fatandi V site constitutes the first stratified site of the Pleistocene/Holocene boundary in Senegal with both precise geochronological and palaeoenvironmental data. It complements perfectly the data already obtained in Mali and in the rest of western Africa, and thus constitutes a reference point for this period. In any case, the assemblage of Fatandi V, with its bladelets and segments and in the absence of ceramics and grinding material, fits with a cultural group using exclusively geometric armatures which strongly differs from another group characterized by the production of bifacial armatures, accompanied in its initial phase by ceramics (or stoneware) and grinding material.",,"Chevrier, Benoît; Lespez, Laurent; Lebrun, Brice; Garnier, Aline; Tribolo, Chantal; Rasse, Michel; Guérin, Guillaume; Mercier, Norbert; Camara, Abdoulaye; Ndiaye, Matar; Huysecom, Eric (2020.0). New data on settlement and environment at the Pleistocene/Holocene boundary in Sudano-Sahelian West Africa: Interdisciplinary investigation at Fatandi V, Eastern Senegal. nan. https://doi.org/10.1371/journal.pone.0243129","[
  {
    ""resourceId"": ""a61a7292-9747-40a1-855c-44fb7c8b1f6c"",
    ""resourceXresourceId"": """",
    ""ontologyProperty"": """",
    ""inverseOntologyProperty"": """"
  }
]",,2025-07-18,,,2025-07-18
8b495877-d4c9-448f-a2c8-02b9fa233094,INFO-00000376,F2X4KEII,Journal article,"Middle stone age bifacial technology and pressure flaking at the mis 3 site of toumboura iii, eastern senegal","Schmid, Viola; Douze, Katja; Tribolo, Chantal; Martinez, Maria Lorenzo; Rasse, Michel; Lespez, Laurent; Lebrun, Brice; Hérisson, David; Ndiaye, Matar; Huysecom, Eric",,2021,African Archaeological Review,,10.1007/s10437-021-09463-5,,0263-0338,,,https://link.springer.com/10.1007/s10437-021-09463-5,English,"Over the past decade, the increasing wealth of new archaeological data on the&nbsp;Middle Stone Age (MSA) in Senegal and Mali has broadened our understanding of West Africa's contributions to cultural developments. Within the West African sequence, the phase of Marine Isotope&nbsp;Stage 3 (MIS 3, ca. 59-24 ka) yielded so far the best known and extensive archaeological information. The site of Toumboura III encompasses an occupation dated by optically stimulated luminescence (OSL) to between 40 ± 3 ka and 30 ± 3 ka. It provides the largest, well-dated, and stratified lithic assemblage in West Africa for the MSA and sheds light on an unprecedented cultural expression for this period, adding to the notable diversity of the late MSA in this region. We conducted a technological analysis of the lithic components following the chaîne opératoire approach. The lithic assemblage features a prevalence of bifacial technology and the exploitation of flakes as blanks for tool production. The craftspeople manufactured distinct types of bifacial tools, including small bifacial points shaped by pressure technique. The new data from Toumboura III demonstrate behavioral patterns that are entirely new in the region. By revealing behavioral innovations and technological particularities, these results on the techno-cultural dynamics during the MIS 3 phase of the MSA enhance our understanding of the complex Pleistocene population history in this part of Africa.",,"Schmid, Viola; Douze, Katja; Tribolo, Chantal; Martinez, Maria Lorenzo; Rasse, Michel; Lespez, Laurent; Lebrun, Brice; Hérisson, David; Ndiaye, Matar; Huysecom, Eric (2021.0). Middle Stone Age Bifacial Technology and Pressure Flaking at the MIS 3 Site of Toumboura III, Eastern Senegal. nan. https://doi.org/10.1007/s10437-021-09463-5","[
  {
    ""resourceId"": ""a61a7292-9747-40a1-855c-44fb7c8b1f6c"",
    ""resourceXresourceId"": """",
    ""ontologyProperty"": """",
    ""inverseOntologyProperty"": """"
  }
]",,2025-07-18,,,2025-07-18
fb06bfac-2d9a-43dc-a08d-68d4a91a982a,INFO-00000377,PQPW5ZYH,Journal article,Modelling the swahili past: the archaeology of mikindani in southern coastal tanzania,"Pawlowicz, Matthew",,2012,Azania: Archaeological Research in Africa,4,10.1080/0067270X.2012.723510,,"0067-270X, 1945-5534",488-508,47,http://www.tandfonline.com/doi/abs/10.1080/0067270X.2012.723510,English,,,"Pawlowicz, Matthew (2012.0). Modelling the Swahili past: the archaeology of Mikindani in southern coastal Tanzania. nan. https://doi.org/10.1080/0067270X.2012.723510","[
  {
    ""resourceId"": ""a61a7292-9747-40a1-855c-44fb7c8b1f6c"",
    ""resourceXresourceId"": """",
    ""ontologyProperty"": """",
    ""inverseOntologyProperty"": """"
  }
]",,2025-07-18,,,2025-07-18
b72fe93f-84e9-4577-a199-311c81b2f236,INFO-00000378,ANPTAINL,Journal article,"Ngandu and ngambezi: sites on the nineteenth-century trade route around lake victoria, andspelee's expedition of 1861–63","Insoll, Timothy",,1997,Azania: Archaeological Research in Africa,1,10.1080/00672709709511590,,"0067-270X, 1945-5534",109-112,32,http://www.tandfonline.com/doi/abs/10.1080/00672709709511590,English,,,"Insoll, Timothy (1997.0). Ngandu and Ngambezi: sites on the nineteenth-century trade route around Lake Victoria, andSpelee's expedition of 1861–63. nan. https://doi.org/10.1080/00672709709511590","[
  {
    ""resourceId"": ""a61a7292-9747-40a1-855c-44fb7c8b1f6c"",
    ""resourceXresourceId"": """",
    ""ontologyProperty"": """",
    ""inverseOntologyProperty"": """"
  }
]",,2025-07-18,,,2025-07-18
0d820256-0342-4932-a3ac-84259abc7f97,INFO-00000379,NU7G6STE,Journal article,No such thing as invisible people: toward an archaeology of slavery at the fifteenth-century swahili site of songo mnara,"Rødland, Henriette; Wynne-Jones, Stephanie; Wood, Marilee; Fleisher, Jeffrey",,2020,Azania: Archaeological Research in Africa,4,10.1080/0067270X.2020.1841978,,"0067-270X, 1945-5534",439-457,55,https://www.tandfonline.com/doi/full/10.1080/0067270X.2020.1841978,English,,,"Rødland, Henriette; Wynne-Jones, Stephanie; Wood, Marilee; Fleisher, Jeffrey (2020.0). No such thing as invisible people: toward an archaeology of slavery at the fifteenth-century Swahili site of Songo Mnara. nan. https://doi.org/10.1080/0067270X.2020.1841978","[
  {
    ""resourceId"": ""a61a7292-9747-40a1-855c-44fb7c8b1f6c"",
    ""resourceXresourceId"": """",
    ""ontologyProperty"": """",
    ""inverseOntologyProperty"": """"
  }
]",,2025-07-18,,,2025-07-18
4acd4914-c4fa-42b8-9123-2f6e2342f862,INFO-00000380,BF8EV8XA,Journal article,"Notes on rock art, and cord-rouletted pottery at the seronera stone bowl site, serengeti national park, tanzania","Bower, John R. F.",,1976,Azania: Archaeological Research in Africa,1,10.1080/00672707609511239,,"0067-270X, 1945-5534",176-179,11,http://www.tandfonline.com/doi/abs/10.1080/00672707609511239,English,,,"Bower, John R. F. (1976.0). Notes On Rock Art, And Cord-Rouletted Pottery At The Seronera Stone Bowl Site, Serengeti National Park, Tanzania. nan. https://doi.org/10.1080/00672707609511239","[
  {
    ""resourceId"": ""a61a7292-9747-40a1-855c-44fb7c8b1f6c"",
    ""resourceXresourceId"": """",
    ""ontologyProperty"": """",
    ""inverseOntologyProperty"": """"
  }
]",,2025-07-18,,,2025-07-18
119f38f0-98ba-458e-b3d7-5d6602551496,INFO-00000381,3HBVKVQD,Journal article,Mnarani of kilifi: the mosques and tombs,"Kirkman, James",,1959,Ars Orientalis,,,,,95-112,3,,,,,"Kirkman, James (1959.0). Mnarani of Kilifi: the Mosques and Tombs. nan.","[
  {
    ""resourceId"": ""a61a7292-9747-40a1-855c-44fb7c8b1f6c"",
    ""resourceXresourceId"": """",
    ""ontologyProperty"": """",
    ""inverseOntologyProperty"": """"
  }
]",,2025-07-18,,,2025-07-18
9817dbab-593c-40aa-a264-8425ba52e4f5,INFO-00000382,I6DTTE33,Book,Monumental architecture and archaeology north of the tana river,"Wilson, Thomas H",National Museums of Kenya,1980,,,,,,,,,,,,"Wilson, Thomas H (1980.0). Monumental Architecture and Archaeology North of the Tana River. National Museums of Kenya.","[
  {
    ""resourceId"": ""a61a7292-9747-40a1-855c-44fb7c8b1f6c"",
    ""resourceXresourceId"": """",
    ""ontologyProperty"": """",
    ""inverseOntologyProperty"": """"
  }
]",,2025-07-18,,,2025-07-18
2cec4a86-a5de-4d93-a3d2-38752d88e03e,INFO-00000383,3MXI6TSS,Book,Men and monuments on the east african coast,"Kirkman, J.S.",Lutterworth Press,1964,,,,,,,,,,,,"Kirkman, J.S. (1964.0). Men and Monuments on the East African Coast. Lutterworth Press.","[
  {
    ""resourceId"": ""a61a7292-9747-40a1-855c-44fb7c8b1f6c"",
    ""resourceXresourceId"": """",
    ""ontologyProperty"": """",
    ""inverseOntologyProperty"": """"
  }
]",,2025-07-18,,,2025-07-18
6d1bc861-1428-4b7d-9167-bdd586fd32f0,INFO-00000384,FGRA6PV5,Journal article,New finds along the kenya coast,"Abungu, George",,1994,Kenya Past and Present,26,,,,41-48,,,,,,"Abungu, George (1994.0). New Finds along the Kenya Coast. nan.","[
  {
    ""resourceId"": ""a61a7292-9747-40a1-855c-44fb7c8b1f6c"",
    ""resourceXresourceId"": """",
    ""ontologyProperty"": """",
    ""inverseOntologyProperty"": """"
  }
]",,2025-07-18,,,2025-07-18
91ca92d0-7c83-4212-8a2a-a33e4da3b319,INFO-00000385,LHD3Z98W,Book,Mtongwe 1982 : an interim report of the east and northeast african prehistory research project,"Omi, Guchi",Shinshu University,1984,,,,,,,,https://ci.nii.ac.jp/author/DA00999075,,,,"Omi, Guchi (1984.0). Mtongwe 1982 : an interim report of the East and Northeast African Prehistory Research Project. Shinshu University. https://ci.nii.ac.jp/author/DA00999075","[
  {
    ""resourceId"": ""a61a7292-9747-40a1-855c-44fb7c8b1f6c"",
    ""resourceXresourceId"": """",
    ""ontologyProperty"": """",
    ""inverseOntologyProperty"": """"
  }
]",,2025-07-18,,,2025-07-18
c93db609-1387-431c-99dd-083e8576333a,INFO-00000386,JIL9B4X7,Webpage,Ngorongoro conservation area,UNESCO World Heritage Centre,,2025,UNESCO World Heritage Centre,,,,,,,https://whc.unesco.org/en/list/39/,English,"The Ngorongoro Conservation Area spans vast expanses of highland plains, savanna, savanna woodlands and forests. Established in 1959 as a multiple land use area, with wildlife coexisting with semi-nomadic Maasai  ...",,UNESCO World Heritage Centre (2025.0). Ngorongoro Conservation Area. nan. https://whc.unesco.org/en/list/39/,"[
  {
    ""resourceId"": ""a61a7292-9747-40a1-855c-44fb7c8b1f6c"",
    ""resourceXresourceId"": """",
    ""ontologyProperty"": """",
    ""inverseOntologyProperty"": """"
  }
]",,2025-07-18,,,2025-07-18
9fbd7820-a5f7-413e-a6ef-8acae7f138ce,INFO-00000387,SM7Y9E7S,Document,Nomination of thimlich ohinga archaeological site (kenya) into wh list,UNESCO,,,,,,,,,,https://whc.unesco.org/en/decisions/7127,,,,UNESCO (nan). Nomination of Thimlich Ohinga Archaeological Site (Kenya) into WH list. nan. https://whc.unesco.org/en/decisions/7127,"[
  {
    ""resourceId"": ""a61a7292-9747-40a1-855c-44fb7c8b1f6c"",
    ""resourceXresourceId"": """",
    ""ontologyProperty"": """",
    ""inverseOntologyProperty"": """"
  }
]",,2025-07-18,,,2025-07-18
3f1783a1-eae8-422f-bf8b-141001b03aa0,INFO-00000388,9MN34YGV,Webpage,Nomination of the historic town and archaeological site of gedi (kenya) into wh list (kenya),UNESCO,,2018,The Historic Town and Archaeological Site of Gedi (Kenya),,,,,,,https://whc.unesco.org/en/decisions/8601,English,,,UNESCO (2018.0). Nomination of The Historic Town and Archaeological Site of Gedi (Kenya)  into WH list (Kenya). nan. https://whc.unesco.org/en/decisions/8601,"[
  {
    ""resourceId"": ""a61a7292-9747-40a1-855c-44fb7c8b1f6c"",
    ""resourceXresourceId"": """",
    ""ontologyProperty"": """",
    ""inverseOntologyProperty"": """"
  }
]",,2025-07-18,,,2025-07-18
47f07e93-7a21-42aa-b600-064a5032a81b,INFO-00000389,4WKYDG7C,Document,Nomination of fort jesus mombasa into wh list,UNESCO,,2011,,,,,,,,https://whc.unesco.org/en/decisions/4290,,,,UNESCO (2011.0). Nomination of Fort Jesus Mombasa into WH list. nan. https://whc.unesco.org/en/decisions/4290,"[
  {
    ""resourceId"": ""a61a7292-9747-40a1-855c-44fb7c8b1f6c"",
    ""resourceXresourceId"": """",
    ""ontologyProperty"": """",
    ""inverseOntologyProperty"": """"
  }
]",,2025-07-18,,,2025-07-18
3eca1073-f0f2-417e-a4b3-48360b7ca9e7,INFO-00000390,5NDL542C,Webpage,"Nomination of the stone pillar sites of turkana basin, kenya into tentative wh list",UNESCO World Heritage Centre,,2023,,,,,,,,https://whc.unesco.org/en/tentativelists/6663/,,,,"UNESCO World Heritage Centre (2023.0). Nomination of The Stone Pillar Sites of Turkana Basin, Kenya into Tentative WH list. nan. https://whc.unesco.org/en/tentativelists/6663/","[
  {
    ""resourceId"": ""a61a7292-9747-40a1-855c-44fb7c8b1f6c"",
    ""resourceXresourceId"": """",
    ""ontologyProperty"": """",
    ""inverseOntologyProperty"": """"
  }
]",,2025-07-18,,,2025-07-18
3dc25612-0eeb-437a-8091-ea5dca37f4fc,INFO-00000391,QHPYL395,Webpage,"Nomination of olorgesailie prehistoric site, kenya into tentative wh list",UNESCO World Heritage Centre,,2023,,,,,,,,https://whc.unesco.org/en/tentativelists/6665/,,,,"UNESCO World Heritage Centre (2023.0). Nomination of Olorgesailie Prehistoric Site, Kenya into Tentative  WH list. nan. https://whc.unesco.org/en/tentativelists/6665/","[
  {
    ""resourceId"": ""a61a7292-9747-40a1-855c-44fb7c8b1f6c"",
    ""resourceXresourceId"": """",
    ""ontologyProperty"": """",
    ""inverseOntologyProperty"": """"
  }
]",,2025-07-18,,,2025-07-18
30702677-4b47-47a1-8767-ffc61e996fe1,INFO-00000392,6XIMSCPU,Webpage,"Nomination of rock art sites of lake victoria basin, kenya into tentative wh list",UNESCO,,,,,,,,,,https://africanrockart.britishmuseum.org/country/kenya/mfangano-island/,,,,"UNESCO (nan). Nomination of Rock Art sites of Lake Victoria Basin, Kenya into Tentative WH list. nan. https://africanrockart.britishmuseum.org/country/kenya/mfangano-island/","[
  {
    ""resourceId"": ""a61a7292-9747-40a1-855c-44fb7c8b1f6c"",
    ""resourceXresourceId"": """",
    ""ontologyProperty"": """",
    ""inverseOntologyProperty"": """"
  }
]",,2025-07-18,,,2025-07-18
07a4f517-0b71-48f3-9bd5-e03b64992baa,INFO-00000393,3NCD9HEN,Webpage,"Nomination of lamu old town, kenya on wh list",UNESCO,,2001,,,,,,,,https://whc.unesco.org/archive/repcom01.htm#1055,,,,"UNESCO (2001.0). Nomination of Lamu Old Town, Kenya on WH list. nan. https://whc.unesco.org/archive/repcom01.htm#1055","[
  {
    ""resourceId"": ""a61a7292-9747-40a1-855c-44fb7c8b1f6c"",
    ""resourceXresourceId"": """",
    ""ontologyProperty"": """",
    ""inverseOntologyProperty"": """"
  }
]",,2025-07-18,,,2025-07-18
e5882644-0308-4b9a-874f-226552af8c0e,INFO-00000394,MVEC2Q99,Map,Melka kunture and balchit Map,Space Science and Geospatial Institute,,2022,,,,,,,,,,,,Space Science and Geospatial Institute (2022.0). Melka Kunture and Balchit Map. nan.,"[
  {
    ""resourceId"": ""a61a7292-9747-40a1-855c-44fb7c8b1f6c"",
    ""resourceXresourceId"": """",
    ""ontologyProperty"": """",
    ""inverseOntologyProperty"": """"
  }
]",,2025-07-18,,,2025-07-18
6519d98b-8207-4e83-bba3-b2fee10aa271,INFO-00000395,QPXY4JCW,Journal article,Managing heritage through facilities data management heritage information system,"Hafez, Noha M. Effat",,2019,Resourceedings,2,10.21625/resourceedings.v2i2.611,,"2537-074X, 2537-0731",153-166,2,https://press.ierek.com/index.php/Resourceedings/article/view/611,,"For the conservation of cultural Heritage projects to succeed, charters and international conferences called for organizing an order between the stakeholders to manage the implementation of these projects, and so conserving the cultural heritage sites properly.Heritage Management is a wide range field needed urgently for the conservation of Heritage, and respectively needs a wide base of data; an inventory or archive that facilitates sharing data to expand awareness and understanding of Heritage sites, using facilities management information system will establish an archive that provides the conservation professionals with the data needed in restoring — reuse and maintaining the historical sites, as well as allowing users to easy access of detailed, accurate, controllable and adequate historical information about these sites.",,"Hafez, Noha M. Effat (2019.0). Managing Heritage through Facilities Data Management Heritage Information System. nan. https://doi.org/10.21625/resourceedings.v2i2.611","[
  {
    ""resourceId"": ""a61a7292-9747-40a1-855c-44fb7c8b1f6c"",
    ""resourceXresourceId"": """",
    ""ontologyProperty"": """",
    ""inverseOntologyProperty"": """"
  }
]",,2025-07-18,,,2025-07-18
1f2f5e44-40a2-4a48-a921-5d055160b3f8,INFO-00000396,68LUA9FJ,Document,Melka kunture and balchit archaeological and paleontological site (ethiopia) – interim report and additional information request,"IUCN, UNESCO World Heritage",,2023,,,,,,,,https://whc.unesco.org/en/list/13/,English,"Located in the Upper Awash Valley in Ethiopia, the serial property is a cluster of prehistoric sites that preserve archaeological and palaeontological records – including footprints – that testify to the area’s  ...",,"IUCN, UNESCO World Heritage (2023.0). Melka Kunture and Balchit Archaeological and Paleontological Site (Ethiopia) – Interim Report and  additional information request. nan. https://whc.unesco.org/en/list/13/","[
  {
    ""resourceId"": ""a61a7292-9747-40a1-855c-44fb7c8b1f6c"",
    ""resourceXresourceId"": """",
    ""ontologyProperty"": """",
    ""inverseOntologyProperty"": """"
  }
]",,2025-07-18,,,2025-07-18
15b8e4e1-f269-435c-866c-c9e5e542d90b,INFO-00000397,GBZEWGFB,Document,Melka kunture and balchita; archaeological and palaeontological sites in the highland area of ethiopia,"Authority for Research and Conservation of Cultural Heritage; (ARCCH); Centre, UNESCO World Heritage",,2023,,,,,,,,https://whc.unesco.org/en/list/13/,English,"Located in the Upper Awash Valley in Ethiopia, the serial property is a cluster of prehistoric sites that preserve archaeological and palaeontological records – including footprints – that testify to the area’s  ...",,"Authority for Research and Conservation of Cultural Heritage; (ARCCH); Centre, UNESCO World Heritage (2023.0). Melka Kunture and Balchita; Archaeological and Palaeontological Sites in the Highland Area of Ethiopia. nan. https://whc.unesco.org/en/list/13/","[
  {
    ""resourceId"": ""a61a7292-9747-40a1-855c-44fb7c8b1f6c"",
    ""resourceXresourceId"": """",
    ""ontologyProperty"": """",
    ""inverseOntologyProperty"": """"
  }
]",,2025-07-18,,,2025-07-18
82b7dd91-ccf7-45c1-be6b-d28a4407007c,INFO-00000398,LRUY67YJ,Document,Nomination dossier for inscription on the world heritage list the sacred mijikenda kaya forests (kenya),UNESCO,,2008,,,,,,,,https://whc.unesco.org/uploads/nominations/1231rev.pdf,English,,,UNESCO (2008.0). Nomination dossier for inscription on the World Heritage List the Sacred Mijikenda Kaya forests (Kenya). nan. https://whc.unesco.org/uploads/nominations/1231rev.pdf,"[
  {
    ""resourceId"": ""a61a7292-9747-40a1-855c-44fb7c8b1f6c"",
    ""resourceXresourceId"": """",
    ""ontologyProperty"": """",
    ""inverseOntologyProperty"": """"
  }
]",,2025-07-18,,,2025-07-18
e9b3c676-444c-49ba-b38c-f5faf986779d,INFO-00000399,FJBV82WE,Webpage,Management plan 2017-2021 - the stone circles of senegambia,"mondial, UNESCO Centre du patrimoine",,2025,UNESCO Centre du patrimoine mondial,,,,,,,https://whc.unesco.org/fr/documents/160141/,French,UNESCO Centre du patrimoine mondial,,"mondial, UNESCO Centre du patrimoine (2025.0). Management Plan 2017-2021 - the Stone Circles of Senegambia. nan. https://whc.unesco.org/fr/documents/160141/","[
  {
    ""resourceId"": ""a61a7292-9747-40a1-855c-44fb7c8b1f6c"",
    ""resourceXresourceId"": """",
    ""ontologyProperty"": """",
    ""inverseOntologyProperty"": """"
  }
]",,2025-07-18,,,2025-07-18
202d908b-1231-43fa-9deb-608a0d12c756,INFO-00000400,ERFL2IE7,Document,Ministry of culture and indformation national corporation for antiquities and museums island of meroe world heritage site reprot on state of conservation for the archaeological sites of the island of meroe,"Bashir, Mahmoud Suliman",,,,,,,,,,https://whc.unesco.org/document/205484,,,,"Bashir, Mahmoud Suliman (nan). Ministry of Culture and Indformation National Corporation for Antiquities and Museums Island of Meroe World Heritage Site Reprot on State of Conservation for the Archaeological Sites of the Island of Meroe. nan. https://whc.unesco.org/document/205484","[
  {
    ""resourceId"": ""a61a7292-9747-40a1-855c-44fb7c8b1f6c"",
    ""resourceXresourceId"": """",
    ""ontologyProperty"": """",
    ""inverseOntologyProperty"": """"
  }
]",,2025-07-18,,,2025-07-18
8f6b6db6-8572-47a2-aecd-051bcc038ed7,INFO-00000401,CJSAILFP,Map,Map showing the boundaries of wanar,UNESCO,,2005,,,,,,,,https://whc.unesco.org/document/101906,,,,UNESCO (2005.0). Map showing the boundaries of Wanar. nan. https://whc.unesco.org/document/101906,"[
  {
    ""resourceId"": ""a61a7292-9747-40a1-855c-44fb7c8b1f6c"",
    ""resourceXresourceId"": """",
    ""ontologyProperty"": """",
    ""inverseOntologyProperty"": """"
  }
]",,2025-07-18,,,2025-07-18
4e663764-cef5-4426-a00e-af83e4c1311f,INFO-00000402,M98SQF9E,Map,Map showing the boundaries of sine ngayène,UNESCO,,2005,,,,,,,,https://whc.unesco.org/document/101905,,,,UNESCO (2005.0). Map showing the boundaries of Sine Ngayène. nan. https://whc.unesco.org/document/101905,"[
  {
    ""resourceId"": ""a61a7292-9747-40a1-855c-44fb7c8b1f6c"",
    ""resourceXresourceId"": """",
    ""ontologyProperty"": """",
    ""inverseOntologyProperty"": """"
  }
]",,2025-07-18,,,2025-07-18
83db645a-e1cb-401f-8b3c-d23d7afa5051,INFO-00000403,FBR6ILAT,Map,Map showing the boundaries of wassu,UNESCO,,2005,,,,,,,,https://whc.unesco.org/document/101904,,,,UNESCO (2005.0). Map showing the boundaries of Wassu. nan. https://whc.unesco.org/document/101904,"[
  {
    ""resourceId"": ""a61a7292-9747-40a1-855c-44fb7c8b1f6c"",
    ""resourceXresourceId"": """",
    ""ontologyProperty"": """",
    ""inverseOntologyProperty"": """"
  }
]",,2025-07-18,,,2025-07-18
14269b96-1a2c-41e6-96cd-0a08fc0ceb36,INFO-00000404,7HFKQEBA,Map,Map showing the boundaries of kerbatch,UNESCO,,2005,,,,,,,,https://whc.unesco.org/document/101903,,,,UNESCO (2005.0). Map showing the boundaries of Kerbatch. nan. https://whc.unesco.org/document/101903,"[
  {
    ""resourceId"": ""a61a7292-9747-40a1-855c-44fb7c8b1f6c"",
    ""resourceXresourceId"": """",
    ""ontologyProperty"": """",
    ""inverseOntologyProperty"": """"
  }
]",,2025-07-18,,,2025-07-18
916c0c22-0130-4abd-b069-b72b5ed587f3,INFO-00000405,XUGN6BX9,Map,Map showing the location of the sites,UNESCO,,2003,,,,,,,,https://whc.unesco.org/document/101945,English,,,UNESCO (2003.0). Map Showing the location of the sites. nan. https://whc.unesco.org/document/101945,"[
  {
    ""resourceId"": ""a61a7292-9747-40a1-855c-44fb7c8b1f6c"",
    ""resourceXresourceId"": """",
    ""ontologyProperty"": """",
    ""inverseOntologyProperty"": """"
  }
]",,2025-07-18,,,2025-07-18
5724dc2a-127b-4215-a34f-ec678273bd6c,INFO-00000406,ZQR637NQ,Map,Map of gorée,ZAMANI PROJECT,ZAMANI PROJECT,2016,,,,,,,,https://zamaniproject.org/site-senegal-ile-de-Goree.html,English,,,ZAMANI PROJECT (2016.0). Map of Gorée. ZAMANI PROJECT. https://zamaniproject.org/site-senegal-ile-de-Goree.html,"[
  {
    ""resourceId"": ""a61a7292-9747-40a1-855c-44fb7c8b1f6c"",
    ""resourceXresourceId"": """",
    ""ontologyProperty"": """",
    ""inverseOntologyProperty"": """"
  }
]",,2025-07-18,,,2025-07-18
9ca887c9-a2e0-4d9f-84f5-8ea894c2e7d9,INFO-00000407,JMJH6QR4,Map,"Map of bédick country, bandafassi",IGN-Paris / DTGC-Sénégal,IGN-Paris / DTGC-Sénégal,2005,,,,,,,,https://whc.unesco.org/document/117795,,,,"IGN-Paris / DTGC-Sénégal (2005.0). Map of Bédick Country, Bandafassi. IGN-Paris / DTGC-Sénégal. https://whc.unesco.org/document/117795","[
  {
    ""resourceId"": ""a61a7292-9747-40a1-855c-44fb7c8b1f6c"",
    ""resourceXresourceId"": """",
    ""ontologyProperty"": """",
    ""inverseOntologyProperty"": """"
  }
]",,2025-07-18,,,2025-07-18
ff591067-680e-46a1-91d7-c53de18c73f6,INFO-00000408,IPRFABEB,Map,"Map of peulh country, dindefello",IGN-Paris / DTGC-Sénégal,IGN-Paris / DTGC-Sénégal,2005,,,,,,,,https://whc.unesco.org/document/117795,,,,"IGN-Paris / DTGC-Sénégal (2005.0). Map of Peulh Country, Dindefello. IGN-Paris / DTGC-Sénégal. https://whc.unesco.org/document/117795","[
  {
    ""resourceId"": ""a61a7292-9747-40a1-855c-44fb7c8b1f6c"",
    ""resourceXresourceId"": """",
    ""ontologyProperty"": """",
    ""inverseOntologyProperty"": """"
  }
]",,2025-07-18,,,2025-07-18
ee018262-4da2-45de-888f-ea84539c96ac,INFO-00000409,XL78MM4I,Map,"Map of bassari country, salemata",IGN-Paris / DTGC-Sénégal,IGN-Paris / DTGC-Sénégal,2005,,,,,,,,https://whc.unesco.org/document/117795,French,,,"IGN-Paris / DTGC-Sénégal (2005.0). Map of Bassari Country, Salemata. IGN-Paris / DTGC-Sénégal. https://whc.unesco.org/document/117795","[
  {
    ""resourceId"": ""a61a7292-9747-40a1-855c-44fb7c8b1f6c"",
    ""resourceXresourceId"": """",
    ""ontologyProperty"": """",
    ""inverseOntologyProperty"": """"
  }
]",,2025-07-18,,,2025-07-18
6ed6d2e0-1106-4b0c-9843-405efabde7b8,INFO-00000410,5FUWFXM5,Report,"Nomination transfrontalière en série de quatre sites de cercles de mégalithes (deux au sénégal, deux en gambie) pour inscription sur la liste du patrimoine mondial de l'unesco","Bocoum, Hamady; Joof, Momodou; Ceesay, Baba; Saho, Bala Sk.; Komma, Morro; Guissé, Abdoul Aziz; Seya, Mamadou Seya; Bamba Koné, Amadou; Moriset, Sébastien; Tobin, Redmond; Becker, Charles",Gouvernement de la Gambie ; Gouvernement du Sénégal ; UNESCO ; CRAterre ; Africa 2009,2005,,,,,,163,,https://hal.science/hal-03117013,,"The stone circles of Senegambia are impressive remains that have for long puzzled the visitors who have examined them. Stone circles of many types are found in Europe and Africa, though nowhere there is such a large concentration of megaliths as it is found on the north bank of the River Gambia. What therefore makes the Stone Circles of The Gambia and Senegal unique in respect to other megalithic monuments worldwide is the sheer number of such monuments. While the individual stones are not as large as those at Stonehenge, in the Senegambia, thousands of stones are skilfully dressed and placed in the form of Circles and other alignments.",,"Bocoum, Hamady; Joof, Momodou; Ceesay, Baba; Saho, Bala Sk.; Komma, Morro; Guissé, Abdoul Aziz; Seya, Mamadou Seya; Bamba Koné, Amadou; Moriset, Sébastien; Tobin, Redmond; Becker, Charles (2005.0). Nomination transfrontalière en série de quatre sites de cercles de mégalithes (deux au Sénégal, deux en Gambie) pour inscription sur la liste du patrimoine mondial de l'UNESCO. Gouvernement de la Gambie ; Gouvernement du Sénégal ; UNESCO ; CRAterre ; Africa 2009. https://hal.science/hal-03117013","[
  {
    ""resourceId"": ""a61a7292-9747-40a1-855c-44fb7c8b1f6c"",
    ""resourceXresourceId"": """",
    ""ontologyProperty"": """",
    ""inverseOntologyProperty"": """"
  }
]",,2025-07-18,,,2025-07-18
ea99cdb4-5f2b-44a5-b32d-0004d6c0dc72,INFO-00000411,X766ZSK6,Journal article,Note on stone circles in gambia,"Todd, J. L.",,1903,Man,,10.2307/2839835,,251496,164,3,https://www.jstor.org/stable/2839835?origin=crossref,,,,"Todd, J. L. (1903.0). Note on Stone Circles in Gambia. nan. https://doi.org/10.2307/2839835","[
  {
    ""resourceId"": ""a61a7292-9747-40a1-855c-44fb7c8b1f6c"",
    ""resourceXresourceId"": """",
    ""ontologyProperty"": """",
    ""inverseOntologyProperty"": """"
  }
]",,2025-07-18,,,2025-07-18
a0ec7d3a-99ef-463d-92d8-82256cff9e24,INFO-00000412,INGP2AZ2,Journal article,Metal substitutions incarbonic anhydrase: a halide ion probe study,"Smith, R. J.; Bryant, R. G.",,1975,Biochemical and Biophysical Research Communications,4,10.1016/0006-291x(75)90498-2,,0006-291X,1281-1286,66,,English,,,"Smith, R. J.; Bryant, R. G. (1975.0). Metal substitutions incarbonic anhydrase: a halide ion probe study. nan. https://doi.org/10.1016/0006-291x(75)90498-2","[
  {
    ""resourceId"": ""a61a7292-9747-40a1-855c-44fb7c8b1f6c"",
    ""resourceXresourceId"": """",
    ""ontologyProperty"": """",
    ""inverseOntologyProperty"": """"
  }
]",,2025-07-18,,,2025-07-18
36a2e99b-2db8-4cb4-8256-40a762b6012f,INFO-00000413,UZWPVG6T,Journal article,Note sur le mégalithisme sénégambien,"Descamps, Cyr",,1981,Publications de la Société française d'histoire des outre-mers,1,,,,29-36,5,https://www.persee.fr/doc/sfhom_1768-7144_1981_mel_5_1_920,French,"The area in Senegambia where megaliths are found has been dealt with in several studies over the period of a century, including those of Professor Mauny. In the last few years systematic surveys (V. Martin and C. Becker), excavations (C. Thilmans and C. Descamps), and radio carbon dating (C. A. Diop and J. Evin), have provided new information. Four types of monuments (circles of megaliths, circles of stones, stone tumuli and ordinary tumuli, all having a frontal megalithic structure facing east, lie spread over an area of more than 30,000 square kilometers. These monuments contain burials varying in number from one to sixty, but the rarety of funerary objects, the position of the body and the setting up of stones after the act of burial show that these were sites of worship rather than the tombs of important people. The monuments are the work of negro-africains and were constructed about the first millenium A.D.",free,"Descamps, Cyr (1981.0). Note sur le mégalithisme sénégambien. nan. https://www.persee.fr/doc/sfhom_1768-7144_1981_mel_5_1_920","[
  {
    ""resourceId"": ""a61a7292-9747-40a1-855c-44fb7c8b1f6c"",
    ""resourceXresourceId"": """",
    ""ontologyProperty"": """",
    ""inverseOntologyProperty"": """"
  }
]",,2025-07-18,,,2025-07-18
c52d14c7-f9b8-4b7d-b204-5906789105ba,INFO-00000414,IJXASR5C,Document,"Ministry of culture and information, national corporation for antiquities and museums. island of meroe world heritage site report on state of conservation for the archaeological sites of the island of meroe","Bashir, Mahmoud Suliman",,,,,,,,,,https://whc.unesco.org/document/205484,,,,"Bashir, Mahmoud Suliman (nan). Ministry of Culture and Information, National Corporation for Antiquities and Museums. Island of Meroe World Heritage Site Report on State of Conservation for the Archaeological Sites of the Island of Meroe. nan. https://whc.unesco.org/document/205484","[
  {
    ""resourceId"": ""a61a7292-9747-40a1-855c-44fb7c8b1f6c"",
    ""resourceXresourceId"": """",
    ""ontologyProperty"": """",
    ""inverseOntologyProperty"": """"
  }
]",,2025-07-18,,,2025-07-18
f3ce0cc3-f662-4353-bb1a-bc44438a162b,INFO-00000415,X2X8I5F7,Book,"Meroë, the city of the ethiopians : being an account of a first season's excavations on the site, 1909-1910","Garstang, John; Sayce, A. H. (Archibald Henry); Griffith, F. Ll (Francis Llewellyn); University of Liverpool. School of Archaeology and Oriental Studies; Robarts - University of Toronto",Oxford : Clarendon Press,1911,,,,,,,,http://archive.org/details/merocityofethiop00gars,English,26 29,,"Garstang, John; Sayce, A. H. (Archibald Henry); Griffith, F. Ll (Francis Llewellyn); University of Liverpool. School of Archaeology and Oriental Studies; Robarts - University of Toronto (1911.0). Meroë, the City of the Ethiopians : being an account of a first season's excavations on the site, 1909-1910. Oxford : Clarendon Press. http://archive.org/details/merocityofethiop00gars","[
  {
    ""resourceId"": ""a61a7292-9747-40a1-855c-44fb7c8b1f6c"",
    ""resourceXresourceId"": """",
    ""ontologyProperty"": """",
    ""inverseOntologyProperty"": """"
  }
]",,2025-07-18,,,2025-07-18
7995aa75-3cd8-49a6-b8eb-704f7dcf6d30,INFO-00000416,SUP47SSN,Document,Nomination dossier for inscription on the world heritage list the sacred mijikenda kaya forests (kenya),The National Museums of Kenya,,2008,,,,,,,,/https://whc.unesco.org/uploads/nominations/1231rev.pdf,,,,The National Museums of Kenya (2008.0). Nomination Dossier For Inscription On The World Heritage List The Sacred Mijikenda Kaya Forests (Kenya). nan. /https://whc.unesco.org/uploads/nominations/1231rev.pdf,"[
  {
    ""resourceId"": ""a61a7292-9747-40a1-855c-44fb7c8b1f6c"",
    ""resourceXresourceId"": """",
    ""ontologyProperty"": """",
    ""inverseOntologyProperty"": """"
  }
]",,2025-07-18,,,2025-07-18
091484cc-fe9b-4b64-9b3b-b6df039ece9a,INFO-00000417,YME69JCE,Dataset,National museum of tanzania list of gazetted sites,NMT,,,,,,,,,,,,List of Gazetted Sites,,NMT (nan). National Museum of Tanzania list of Gazetted Sites. nan.,"[
  {
    ""resourceId"": ""a61a7292-9747-40a1-855c-44fb7c8b1f6c"",
    ""resourceXresourceId"": """",
    ""ontologyProperty"": """",
    ""inverseOntologyProperty"": """"
  }
]",,2025-07-18,,,2025-07-18
e9f8a9c1-dd12-4859-b636-c425710b1f84,INFO-00000418,2QQ6VYT2,Journal article,Mapping early holocene to contemporary surface processes and human landscapes west of the lower white nile (central sudan),"Costanzo, Stefano; Zerboni, Andrea; Cremaschi, Mauro; Usai, Donatella",,2025,Quaternary International,,10.1016/j.quaint.2024.109592,,10406182,109592,715,https://linkinghub.elsevier.com/retrieve/pii/S1040618224004117,English,,,"Costanzo, Stefano; Zerboni, Andrea; Cremaschi, Mauro; Usai, Donatella (2025.0). Mapping Early Holocene to contemporary surface processes and human landscapes west of the lower White Nile (central Sudan). nan. https://doi.org/10.1016/j.quaint.2024.109592","[
  {
    ""resourceId"": ""a61a7292-9747-40a1-855c-44fb7c8b1f6c"",
    ""resourceXresourceId"": """",
    ""ontologyProperty"": """",
    ""inverseOntologyProperty"": """"
  }
]",,2025-07-18,,,2025-07-18
3318ed25-f83d-42a8-91b5-f6667a8aaa6f,INFO-00000419,GDBD5MCN,Journal article,"Quiha rock shelter, ethiopia: implications for domestication","Barnett, Tertia",,1999,Azania: Archaeological Research in Africa,1,10.1080/00672709909511469,,"0067-270X, 1945-5534",11–24,34,http://www.tandfonline.com/doi/abs/10.1080/00672709909511469,,,,"Barnett, Tertia (1999.0). Quiha Rock Shelter, Ethiopia: Implications for Domestication. nan. https://doi.org/10.1080/00672709909511469","[
  {
    ""resourceId"": ""a61a7292-9747-40a1-855c-44fb7c8b1f6c"",
    ""resourceXresourceId"": """",
    ""ontologyProperty"": """",
    ""inverseOntologyProperty"": """"
  }
]",,2026-04-10,,,2026-04-10
4d51a3a2-cd70-4b17-95f4-ea4ad908a22b,INFO-00000420,349BN9AT,Journal article,Prospections archéologiques dans la région de meqele et les contreforts orientaux du tigray,"Dugast, Fabienne; Gajda, Iwona",,2014,Annales d'Ethiopie,1,10.3406/ethio.2014.1564,,0066-2127,179–197,29,https://www.persee.fr/doc/ethio_0066-2127_2014_num_29_1_1564,,"Short archaeological survey in the area of Meqele and the eastern edge of the highlands in Tigray region Since the 1970s, the so-called “ pre-Aksumite” civilisation and Aksum have been much under discussion since the development of culture in the Ethiopian highlands appears to be, even now, the subject of much debate. What role did Aksum play, when did it emerge to prominence, and what were its relations with other societies and cultures ? And above all, is there any connection between “ pre-Aksumite” and Aksumite civilisations ? One of the aims of a short visit in Tigray region was a general survey of “ Pre-Aksumite” and Aksumite sites (Adwa and vicinity, as well as Hawazen, and on the eastern side, the region of Atsbi-Dera ʾ and of Medri Senafe), in order to assess the importance of the archaeological evidence. This preliminary survey concentrated on documenting several remains in these regions, some of them first surveyed by Hiluf Berhe (Aksum) and the Tourism and Culture Commission of Tigray Regional State (TCCTRS, Mekele). , Depuis les années 1970, la civilisation dite « pré-aksumite » et le royaume d’Aksum sont au coeur de tous les débats qui tournent autour du développement de la civilisation des hauts plateaux du nord de l’Éthiopie. Quel rôle a joué Aksum, quand son royaume a-t-il émergé et quels étaient les apports et échanges avec les autres civilisations ? Et surtout, y a-t-il un lien entre la civilisation dite « pré-aksumite » et celle du royaume d’Aksum ? Une première mission de reconnaissance – de courte durée – lancée en 2010 dans la région du Tigray (les régions d’Adwa, Hawzen et Feresmay, ainsi que plus à l’est, celles de Atsbi-Dera ʾ et de Medri Senafe), a eu pour objectif notamment d’évaluer le potentiel archéologique en la matière, avec l’aide des dernières prospections menées entre autres par Hiluf Berhe (Aksum) et le Tourism and Culture Commission of Tigray Regional State (TCCTRS, Mekele) sur les hauts plateaux du Tigray.",,"Dugast, Fabienne; Gajda, Iwona (2014.0). Prospections archéologiques dans la région de Meqele et les contreforts orientaux du Tigray. nan. https://doi.org/10.3406/ethio.2014.1564","[
  {
    ""resourceId"": ""a61a7292-9747-40a1-855c-44fb7c8b1f6c"",
    ""resourceXresourceId"": """",
    ""ontologyProperty"": """",
    ""inverseOntologyProperty"": """"
  }
]",,2026-04-10,,,2026-04-10
c72b3a78-fe5f-429c-8ebc-7c9f08d4da00,INFO-00000421,RBVZVC5U,Report,Report on the joint world heritage centre/icomos/iccrom reactive monitoring mission to island of mozambique (mozambique) (c 599),UNESCO’s World Heritage Convention; International Council on Museums and Sites (ICOMOS)); ICCROM,UNESCO,2018,,,,,,,,https://whc.unesco.org/en/list/599/,English,,,UNESCO’s World Heritage Convention; International Council on Museums and Sites (ICOMOS)); ICCROM (2018.0). Report on the joint World Heritage Centre/ICOMOS/ICCROM Reactive Monitoring Mission to Island of Mozambique (Mozambique) (C 599). UNESCO. https://whc.unesco.org/en/list/599/,"[
  {
    ""resourceId"": ""a61a7292-9747-40a1-855c-44fb7c8b1f6c"",
    ""resourceXresourceId"": """",
    ""ontologyProperty"": """",
    ""inverseOntologyProperty"": """"
  }
]",,2025-07-18,,,2025-07-18
08550940-d585-4fd5-be7c-1554c470285a,INFO-00000422,ASN6ANW3,Journal article,"Prehistoric mining of mica schist at the tsodilo hills, botswana",M. L. Murphy; L. Murphy; A. C. Campbell; L. D. Robbins,,1994,The Journal of The South African Institute of Mining and Metallurgy,,,,,87-92,,https://journals.co.za/doi/pdf/10.10520/AJA0038223X_2266,English,This paper reports on what appears to be the first discovery of prehistoric mica-schist mining in southern 4frica. The mine concerned was found in a location very rich in rock art that is one of the most important archaeological sites in the Kalahari.   The authors conclude that the oval pieces of mica schist that were found at the mine site were used by Khoisan peoples to scrape fatty tissue from hides that were to be cured. Radiocarbon datings seem to indicate that such ovals were used for at least 20 000 years.,,"M. L. Murphy; L. Murphy; A. C. Campbell; L. D. Robbins (1994.0). Prehistoric Mining Of Mica Schist At The Tsodilo Hills, Botswana. nan. https://journals.co.za/doi/pdf/10.10520/AJA0038223X_2266","[
  {
    ""resourceId"": ""a61a7292-9747-40a1-855c-44fb7c8b1f6c"",
    ""resourceXresourceId"": """",
    ""ontologyProperty"": """",
    ""inverseOntologyProperty"": """"
  }
]",,2025-07-18,,,2025-07-18
82f7ed54-77e0-4aa9-8efa-87e19fe87e9d,INFO-00000423,FHI4UHFZ,Thesis,Regional dynamics and local dialectics in iron age botswana: case studies from the hinterland in the bosutswe region,"Klehm, Carla",The University of Texas at Austin,2013,,,,,,,,https://core.ac.uk/reader/211334790,English,,,"Klehm, Carla (2013.0). Regional Dynamics and Local Dialectics in Iron Age Botswana: Case Studies from the Hinterland in the Bosutswe Region. The University of Texas at Austin. https://core.ac.uk/reader/211334790","[
  {
    ""resourceId"": ""a61a7292-9747-40a1-855c-44fb7c8b1f6c"",
    ""resourceXresourceId"": """",
    ""ontologyProperty"": """",
    ""inverseOntologyProperty"": """"
  }
]",,2025-07-18,,,2025-07-18
7b138ae8-e3c2-4777-859f-dd3d22aa8c23,INFO-00000424,ZELKK832,Journal article,"Preliminary archaeological investigations at phalatswe (old palapye), central district, botswana: the 1995 season","Borjeson, Lowe; Lane, Paul",,1996,NYAME AKUMA,45,,,,2–10,,https://piano-corn-b69n.squarespace.com/s/Nyame-Akuma-Issue-045-Article-02.pdf,English,,,"Borjeson, Lowe; Lane, Paul (1996.0). Preliminary Archaeological Investigations at Phalatswe (Old Palapye), Central District, Botswana: The 1995 Season. nan. https://piano-corn-b69n.squarespace.com/s/Nyame-Akuma-Issue-045-Article-02.pdf","[
  {
    ""resourceId"": ""a61a7292-9747-40a1-855c-44fb7c8b1f6c"",
    ""resourceXresourceId"": """",
    ""ontologyProperty"": """",
    ""inverseOntologyProperty"": """"
  }
]",,2025-07-18,,,2025-07-18
ba6cb338-eff5-42d4-83cd-f35bf88076e7,INFO-00000425,GUPJ7X3I,Journal article,"Resistance and accommodation: bakwena-bagasechele, 1842-52","Okihiro, Gary Y.",,1973,Botswana Notes and Records,,,,0525-5090,104-116,5,https://www.jstor.org/stable/40979382,,,,"Okihiro, Gary Y. (1973.0). Resistance and Accommodation: baKwena-bagaSechele, 1842-52. nan. https://www.jstor.org/stable/40979382","[
  {
    ""resourceId"": ""a61a7292-9747-40a1-855c-44fb7c8b1f6c"",
    ""resourceXresourceId"": """",
    ""ontologyProperty"": """",
    ""inverseOntologyProperty"": """"
  }
]",,2025-07-18,,,2025-07-18
b17076c4-a5b0-45e3-9ba6-d6836b59f9fc,INFO-00000426,3LAFHE3V,Book,Revisiting lekhubu,"van Waarden, Catrien",,2011,,,,,,,,,,,,"van Waarden, Catrien (2011.0). Revisiting Lekhubu. nan.","[
  {
    ""resourceId"": ""a61a7292-9747-40a1-855c-44fb7c8b1f6c"",
    ""resourceXresourceId"": """",
    ""ontologyProperty"": """",
    ""inverseOntologyProperty"": """"
  }
]",,2025-07-18,,,2025-07-18
5d38af56-79f3-4201-a0e6-ce01ce2714c8,INFO-00000427,M4DL3PSE,Journal article,Rock engravings from mamuno,"Litherland, M.; Litherland, A. R.; Sekwale, M.",,1975,Botswana Notes and Records,,,,5255090,19-28,7,http://www.jstor.org/stable/40979420,,,,"Litherland, M.; Litherland, A. R.; Sekwale, M. (1975.0). Rock Engravings from Mamuno. nan. http://www.jstor.org/stable/40979420","[
  {
    ""resourceId"": ""a61a7292-9747-40a1-855c-44fb7c8b1f6c"",
    ""resourceXresourceId"": """",
    ""ontologyProperty"": """",
    ""inverseOntologyProperty"": """"
  }
]",,2025-07-18,,,2025-07-18
fd02cf25-2678-49d1-9920-7e9fb3bcdc65,INFO-00000428,F72T9FNS,Book section,Polish research on the people and cultures of kordofan - history and the most recent results,"Malińsk, P; Chlebowski, A; Ahmed, A.E.",Bernardinum,2020,Collectanea Sudanica,,,,,121-158,2,,,,,"Malińsk, P; Chlebowski, A; Ahmed, A.E. (2020.0). Polish Research on the People and Cultures of Kordofan - History and the Most Recent Results. Bernardinum.","[
  {
    ""resourceId"": ""a61a7292-9747-40a1-855c-44fb7c8b1f6c"",
    ""resourceXresourceId"": """",
    ""ontologyProperty"": """",
    ""inverseOntologyProperty"": """"
  }
]",,2025-07-18,,,2025-07-18
1f4ac30c-650d-432c-89b9-22087b5d435d,INFO-00000429,IB4SEM4Q,Journal article,Prehistoric timbuktu and its hinterland,"Park, Douglas Post",,2010,Antiquity,326,10.1017/S0003598X00067090,,"0003-598X, 1745-1744",1076-1088,84,https://www.cambridge.org/core/journals/antiquity/article/abs/prehistoric-timbuktu-and-its-hinterland/62539C4051FAC0752E4882B8873845EA,English,"Timbuktu, an iconic destination for medieval caravans crossing the Sahara, has a prehistoric phase, here before AD 1000, which shows varying urban traits. The author's new project examines the context of Timbuktu's prehistoric urbanism by Mapping the settlement patterns in its hinterland, and seeks to understand the social impacts of the Sahara's changing climate.",,"Park, Douglas Post (2010.0). Prehistoric Timbuktu and its hinterland. nan. https://doi.org/10.1017/S0003598X00067090","[
  {
    ""resourceId"": ""a61a7292-9747-40a1-855c-44fb7c8b1f6c"",
    ""resourceXresourceId"": """",
    ""ontologyProperty"": """",
    ""inverseOntologyProperty"": """"
  }
]",,2025-07-18,,,2025-07-18
f2f00eeb-8a84-4e5d-b74f-4a74cb76cffc,INFO-00000430,MJGWGL6H,Journal article,"Population dynamics and paleoclimate over the past 3000 years in the dogon country, mali","Mayor, A.; Huysecom, E.; Gallay, A.; Rasse, M.; Ballouche, A.",,2005,Journal of Anthropological Archaeology,1,10.1016/j.jaa.2004.08.003,,0278-4165,25-61,24,https://www.sciencedirect.com/science/article/pii/S0278416504000509,,"This paper reviews the issue of the peopling of the Dogon Country (Mali) and surrounding regions over the past 3000 years, taking into account the influence of Sahelian paleoclimatic variations as well as archaeological, ethnoarchaeological, and historical data. The integration of all these elements is important in order to understand the conditions of settlement in this region now listed as part of UNESCO’s natural and cultural world heritage. The new archaeological, ethnohistorical, and ethnoarchaeological data presented here were gathered through the international pluridisciplinary research program “Paleoenvironment and Human Population in West Africa” begun in 1997. This program is centered on the study of Ounjougou, an area located in the Yamé valley on the Bandiagara Plateau. It includes numerous archaeological sites exposed by recent erosion processes, indicating the presence of human populations from the Lower Paleolithic to present times.",,"Mayor, A.; Huysecom, E.; Gallay, A.; Rasse, M.; Ballouche, A. (2005.0). Population dynamics and Paleoclimate over the past 3000 years in the Dogon Country, Mali. nan. https://doi.org/10.1016/j.jaa.2004.08.003","[
  {
    ""resourceId"": ""a61a7292-9747-40a1-855c-44fb7c8b1f6c"",
    ""resourceXresourceId"": """",
    ""ontologyProperty"": """",
    ""inverseOntologyProperty"": """"
  }
]",,2025-07-18,,,2025-07-18
4f4c81ce-28a1-44c0-85bb-43fdc35a0639,INFO-00000431,K5ZZAYIH,Webpage,Okavango delta,"Centre, UNESCO World Heritage",,2014,,,,,,,,https://whc.unesco.org/en/list/1432/,English,,,"Centre, UNESCO World Heritage (2014.0). Okavango Delta. nan. https://whc.unesco.org/en/list/1432/","[
  {
    ""resourceId"": ""a61a7292-9747-40a1-855c-44fb7c8b1f6c"",
    ""resourceXresourceId"": """",
    ""ontologyProperty"": """",
    ""inverseOntologyProperty"": """"
  }
]",,2025-07-18,,,2025-07-18
9f0c34af-e608-46c0-81b5-fbccec4108df,INFO-00000432,IWT2ATPU,Book,Protohistoire du sénégal: recherches archéologiques,"Thilmans, Guy; Descamps, Cyr; Khayat, Bernard; Ravisé, A",IFAN,1980,,,,,,,,,,,,"Thilmans, Guy; Descamps, Cyr; Khayat, Bernard; Ravisé, A (1980.0). Protohistoire du Sénégal: recherches archéologiques. IFAN.","[
  {
    ""resourceId"": ""a61a7292-9747-40a1-855c-44fb7c8b1f6c"",
    ""resourceXresourceId"": """",
    ""ontologyProperty"": """",
    ""inverseOntologyProperty"": """"
  }
]",,2025-07-18,,,2025-07-18
b32d1d9f-b22c-46c1-87c7-5064a6916205,INFO-00000433,G4SXBKTR,Book section,Post-meroitic nubia,"Edwards, David N.",De Gruyter,2019,HandBook of Ancient Nubia,,,978-3-11-041669-5,,1111,,,,,,"Edwards, David N. (2019.0). Post-Meroitic Nubia. De Gruyter.","[
  {
    ""resourceId"": ""a61a7292-9747-40a1-855c-44fb7c8b1f6c"",
    ""resourceXresourceId"": """",
    ""ontologyProperty"": """",
    ""inverseOntologyProperty"": """"
  }
]",,2025-07-18,,,2025-07-18
426a1cb1-f88f-40a4-b5f8-bf25d8e1a044,INFO-00000434,GQKLXJYN,Thesis,People and palaeoclimate: perspectives from the diallowali site system,"Coutros, Peter Reid",Yale University,2017,,,,978-0-355-01766-3,,,,https://www.proquest.com/docview/1950632095/abstract/70E4087D97C14CBFPQ/1,English,"The Middle Senegal River Valley (MSV) has long functioned as an important and strategic resource for the peoples of Senegal, Mali and Mauritania. However, investigations into the archaeological past of the MSV have been inconsistent in distribution and quality. Therefore, with funding from the Yale Climate and Energy Institute and the MacMillan Center for International and Area Studies, I established the Diallowali Archaeological Research Expedition (DARE), in order to expand the scope of research into the western portion of the MSV. This research has centered on the question of how the communities inhabiting the Diallowali site system between the 2nd and 1st millenniums BC developed successful risk-buffering strategies to negotiate the chaotic Late Holocene environment of the West African Sahel. To approach this question, DARE has, over the course of three field seasons between December 2013 and February 2016, sought to obtain complimentary sets of diachronic data for cultural and environmental change at the local level. As this study was the first to systematically investigate the western MSV, all aspects of the research began as exploratory in nature. Therefore, of primary importance was the creation of an anchoring sequence of material culture and settlement organization from which further analysis of change could be conducted. This has been accomplished through combining traditional archaeological techniques, such as pedestrian survey and stratigraphic excavations, with advanced geophysical and GIS methods. Additionally, in order to establish the requisite spatially and temporally refined climate sequence for the region, this study developed a novel combination of palaeoenvironmental analyses to chart shifts in animal and vegetation communities through faunal, macrobotanical, pollen, and phytolith analysis, and precipitation regimes with isotopic signatures from aquatic gastropods. In contrast to the prevailing large-scale climate sequences for West Africa, the results of this analysis have revealed a local environment that, although unpredictable, resisted the dramatic aridification occurring across the broader region. Within this revised environmental context, it the peoples of the Diallowali site system successfully exploited a number of complimentary subsistence practices, including millet cultivation, cattle and sheep/goat husbandry, as well as hunting a wide variety of wild game and aquatic fauna. The results of this work have revealed several key aspects of the complex and interconnected socio-ecological landscape that existed along the MSV during the Late Stone Age and Early Iron Age. Firstly, the results of both the magnetometer survey and test excavations confirmed that the visible mounds are only a portion of a relatively large, interconnected site system extending over 20ha in area. Secondly, the variety of subsistence practices, especially those with competition for seasonal resources (i.e. ideal zones for grazing and fishing vs. millet cultivation), suggests the presence of dynamic social relations between various groups in order to have prevented potential conflict. While other communities in West Africa, such as the Inland Niger Delta, tended towards hyper-specialization resulting in physical separation of subsistence groups, at Diallowali, hunting, plant collecting, fishing, agriculture and animal husbandry were all practiced by individuals inhabiting the same integrated sites. This Thesis explores how diversification, rather than specialization, developed as the successful risk-buffering strategy that allowed the peoples of the MSV to prosper, within the context of a chaotic environment, for over 700 years.",Database copyright ProQuest LLC; ProQuest does not claim copyright in the individual underlying works.,"Coutros, Peter Reid (2017.0). People and Palaeoclimate: Perspectives from the Diallowali Site System. Yale University. https://www.proquest.com/docview/1950632095/abstract/70E4087D97C14CBFPQ/1","[
  {
    ""resourceId"": ""a61a7292-9747-40a1-855c-44fb7c8b1f6c"",
    ""resourceXresourceId"": """",
    ""ontologyProperty"": """",
    ""inverseOntologyProperty"": """"
  }
]",,2025-07-18,,,2025-07-18
6002274b-e0f2-4e2f-9089-914f9e7cd241,INFO-00000435,MQTBVVQX,Journal article,Pottery types from archaeological sites in east africa,"Posnansky, Merrick",,1961,The Journal of African History,2,10.1017/S0021853700002401,,"1469-5138, 0021-8537",177-198,2,https://www.cambridge.org/core/journals/journal-of-african-history/article/abs/pottery-types-from-archaeological-sites-in-east-africa/F3F61FD705B59B249949D3A5524DAACE,English,"1. The few excavated sites with pottery in East Africa, apart from the coast, are confined to Western Uganda and the Central part of the Kenya Rift Valley.2. Where absolute dating is impossible, relative dating by means of cultural introductions, viz., roulette decoration, the tobacco pipe, calabash pseudomorphs and graphite colouring must be used.3. With the establishment of settled agricultural economies the variation of pottery forms increases.4. An origin of pottery in Kenya cannot be accepted. The first pottery though is that of the Late Stone Age hunter-foodgatherers, and has simple forms.5. The developed Elementeitan, Hyrax Hill and Gumban A wares of Kenya are part of an early, though isolated, complex of possible pre-Iron Age cultures.6. The first true Iron Age pottery, the Dimple-based wares of Kenya and Uganda are part of a common Central African complex.7. The roulette cord decoration appears in East Africa within the present millennium. Lanet, Bigo and Renge pottery wares all owe origins to the introduction.8. The Lanet ware bears similarities to Hottentot pottery of Southern Africa and is dated to the fifteenth to seventeenth centuries.9. Bigo pottery was widespread over Western Uganda around a.d. 1500. Painted wares at chief sites. Basic forms and decoration continue in succeeding Western Uganda Kingdoms. Ritual ware developed.10. Introduction of tobacco pipes, graphite wares and calabash forms by the late seventeenth century.11. Copying of Banyoro graphite wares by neighbouring royal Uganda potters in last quarter of second millennium.12. Evolution of a distinctive pottery, Entebbe Ware, amongst Lake Victoria hunter-fishing peoples.",,"Posnansky, Merrick (1961.0). Pottery Types From Archaeological Sites in East Africa. nan. https://doi.org/10.1017/S0021853700002401","[
  {
    ""resourceId"": ""a61a7292-9747-40a1-855c-44fb7c8b1f6c"",
    ""resourceXresourceId"": """",
    ""ontologyProperty"": """",
    ""inverseOntologyProperty"": """"
  }
]",,2025-07-18,,,2025-07-18
ce6d2bcd-0897-4115-8e0e-df181a7b19e5,INFO-00000436,U9NESDXS,Journal article,"Ritualized behavior in the middle stone age: evidence from rhino cave. tsodilo hills, botswana","Coulson, Sheila; Staurset, Sigrid; Walker, Nick",,2011,PaleoAnthropology,,10.4207/PA.2011.ART42,,,18-61,,,,,,"Coulson, Sheila; Staurset, Sigrid; Walker, Nick (2011.0). Ritualized Behavior in the Middle Stone Age: Evidence from Rhino Cave. Tsodilo Hills, Botswana. nan. https://doi.org/10.4207/PA.2011.ART42","[
  {
    ""resourceId"": ""a61a7292-9747-40a1-855c-44fb7c8b1f6c"",
    ""resourceXresourceId"": """",
    ""ontologyProperty"": """",
    ""inverseOntologyProperty"": """"
  }
]",,2025-07-18,,,2025-07-18
181fee5e-0d6c-4fd6-a900-ffe2bcb35533,INFO-00000437,WQMG6ZKU,Journal article,"Paleoenvironment and archaeology of drotsky’s cave: western kalahari desert, botswana","Robbins, Lawrence; Murphy, Michael; Stevens, Nancy; Brook, G.A.; Ivester, Andrew; Haberyan, Kurt; Klein, Richard; Milo, R.; Stewart, Kathlyn; Matthiesen, D.G.; Winkler, Alisa",,1996,Journal of Archaeological Science,,10.1006/jasc.1996.0002,,,007-22,23,,,,,"Robbins, Lawrence; Murphy, Michael; Stevens, Nancy; Brook, G.A.; Ivester, Andrew; Haberyan, Kurt; Klein, Richard; Milo, R.; Stewart, Kathlyn; Matthiesen, D.G.; Winkler, Alisa (1996.0). Paleoenvironment and Archaeology of Drotsky’s Cave: Western Kalahari Desert, Botswana. nan. https://doi.org/10.1006/jasc.1996.0002","[
  {
    ""resourceId"": ""a61a7292-9747-40a1-855c-44fb7c8b1f6c"",
    ""resourceXresourceId"": """",
    ""ontologyProperty"": """",
    ""inverseOntologyProperty"": """"
  }
]",,2025-07-18,,,2025-07-18
a0feea17-96c2-41a4-ab1f-3ebdeb1f8cbf,INFO-00000438,3E7UZ3QM,Book section,"Property rights and access to natural resources in conservation areas of the okavango delta, botswana","Kgathi, D.L.; Bolaane, M; Mosojane, S",Nova Science Publishers,2011,"Rural livelihoods, risk and political economy of access to natural resources in the Okavango Delta, Botswana",,,978-1-61122-302-6,,135-148,,https://www.novapublishers.com/wp-content/uploads/2019/05/978-1-61122-302-6_ch7.pdf,English,,,"Kgathi, D.L.; Bolaane, M; Mosojane, S (2011.0). Property Rights and Access to Natural Resources in Conservation Areas of the Okavango Delta, Botswana. Nova Science Publishers. https://www.novapublishers.com/wp-content/uploads/2019/05/978-1-61122-302-6_ch7.pdf","[
  {
    ""resourceId"": ""a61a7292-9747-40a1-855c-44fb7c8b1f6c"",
    ""resourceXresourceId"": """",
    ""ontologyProperty"": """",
    ""inverseOntologyProperty"": """"
  }
]",,2025-07-18,,,2025-07-18
50c3d1db-cb7b-43e5-8a0a-851fd0e19e04,INFO-00000439,ZFQN8237,Journal article,Oral traditions and archaeology of the tsodilo hills male hill cave,"Campbell, Alec; Robbins, Lawrence; Murphy, Lynne",,1994,Botswana Notes and Records,,,,,37-54,26,https://www.jstor.org/stable/40959180,English,,,"Campbell, Alec; Robbins, Lawrence; Murphy, Lynne (1994.0). Oral traditions and archaeology of the Tsodilo hills Male Hill cave. nan. https://www.jstor.org/stable/40959180","[
  {
    ""resourceId"": ""a61a7292-9747-40a1-855c-44fb7c8b1f6c"",
    ""resourceXresourceId"": """",
    ""ontologyProperty"": """",
    ""inverseOntologyProperty"": """"
  }
]",,2025-07-18,,,2025-07-18
a296c9f4-8a94-4e1b-ad5b-ed03af148095,INFO-00000440,VB923V44,Journal article,"Ritual in the hunter-gatherer/early pastoralist period: evidence from tsodilo hills, botswana","Coulson, Sheila; Segadika, Phillip; Walker, Nick",,2016,African Archaeological Review,2,10.1007/s10437-016-9218-y,,1572-9842,205-222,33,https://doi.org/10.1007/s10437-016-9218-y,,"Two unusual sets of artefacts, the base of a pointed-bottom pot and a cluster of impact-fractured armatures, from the upper deposits of excavations at Rhino Cave and Corner Cave, Tsodilo Hills, will be presented and a range of interpretations explored. These artefacts are directly associated with rock carvings or cupules. Previously unpublished local oral accounts relating to cave and open-air localities at Tsodilo Hills will also be presented. Recurrent components of ritual behaviours provide a perspective from which to interpret these archaeological finds. It will be argued that the sets of artefacts represent ritual offerings made at these sites during the hunter-gatherer/early pastoralist period (also commonly referred to as the Later Stone Age/Early Iron Age).",,"Coulson, Sheila; Segadika, Phillip; Walker, Nick (2016.0). Ritual in the Hunter-Gatherer/Early Pastoralist Period: Evidence from Tsodilo Hills, Botswana. nan. https://doi.org/10.1007/s10437-016-9218-y","[
  {
    ""resourceId"": ""a61a7292-9747-40a1-855c-44fb7c8b1f6c"",
    ""resourceXresourceId"": """",
    ""ontologyProperty"": """",
    ""inverseOntologyProperty"": """"
  }
]",,2025-07-18,,,2025-07-18
97ac4b0d-a6eb-424a-b393-723954e8f2bb,INFO-00000441,C76G2LDV,Webpage,"Richard-toll et dagana, au bord du fleuve sénégal, et le ferlo","Sénégal, Au; Sénégal, le cœur du",,2023,"Au Sénégal, le cœur du Sénégal",,,,,,,"https://www.au-senegal.com/richard-toll-et-dagana-au-bord-du-fleuve-senegal-et-le-ferlo,6975.html",French,"Sur le delta du fleuve Sénégal, les villes de Richard-Toll et de Dagana, sont frontalières avec la Mauritanie, et aussi un carrefour entre le Walo, le Diéri et le Fouta. Richard-Toll Au bord du…",,"Sénégal, Au; Sénégal, le cœur du (2023.0). Richard-Toll et Dagana, au bord du fleuve Sénégal, et le Ferlo. nan. https://www.au-senegal.com/richard-toll-et-dagana-au-bord-du-fleuve-senegal-et-le-ferlo,6975.html","[
  {
    ""resourceId"": ""a61a7292-9747-40a1-855c-44fb7c8b1f6c"",
    ""resourceXresourceId"": """",
    ""ontologyProperty"": """",
    ""inverseOntologyProperty"": """"
  }
]",,2025-07-18,,,2025-07-18
99499afc-700c-4f57-a407-59d748afcbdc,INFO-00000442,LTWT8XPB,Journal article,"Rippled ware at blinklipkop, northern cape","Raymond, Couzens; Sadr, Karim",South African Archaeological Society,2010,South African Archaeological Bulletin,192,10.3316/informit.851790203646569,,,196-203,65,https://search.informit.org/doi/abs/10.3316/informit.851790203646569,,"Southern Africa's Later Stone Age (LSA) pottery can generally be described as thin          ware (Sadr and Sampson 2006), and one of its many varieties is known as rippled ware          (Sadr 2008). The name refers to the rippled surface of pots, which is an effect that          probably was created by first incising grooves into the clay and then burnishing them          flat again. Rippled ware is found in early first millennium AD sites in the northern          part of the subcontinent. In the Limpopo province, an undated rim sherd with a thickened,          rippled band was reported from Buffelskomin the Soutpansberg (Hall and Smith 2000),          and another two such rims were found at the undated site of Goergap and third century          AD Skeurkrans in the Waterberg (Van der Ryst 2006: 257). At Oruwanje 95/1 in northern          Namibia, a rippled rim sherd was reported and is probably associated with the Middle          Ceramic Phase dated between AD 310-590 (Albrecht et al. 2001; Ralf Vogelsang, pers.          comm. 2010). The middle ceramic phase at Omungunda 99/1, which contains iron artefacts          and is dated to the first millennium AD produced six sherds of rippled ware, at least          one of which has vertical ripples on the rim band and horizontal ones lower down;          another three rippled sherds came from the early ceramic phase of this site but had          probably filtered down from the layers above (Ralf Vogelsang, pers. comm. 2007). Nearly          30 sherds of rippled ware, mostly vertical ripples on thickened rim bands and a couple          of horizontally rippled body sherds, are found farther south at Geduld in layers dated          to the first few centuries AD (Smith and Jacobson 1995: 8). Early first millennium          AD ceramics from Falls Rock and Snake Rock Shelters in the Brandberg (Daures massif)          also contain at least one rippled rim sherd each (Kinahan 2001).",,"Raymond, Couzens; Sadr, Karim (2010.0). Rippled ware at Blinklipkop, Northern Cape. South African Archaeological Society. https://doi.org/10.3316/informit.851790203646569","[
  {
    ""resourceId"": ""a61a7292-9747-40a1-855c-44fb7c8b1f6c"",
    ""resourceXresourceId"": """",
    ""ontologyProperty"": """",
    ""inverseOntologyProperty"": """"
  }
]",,2025-07-18,,,2025-07-18
7337823b-f957-41f2-8c5f-3e8d6b146507,INFO-00000443,KP8FW4RS,Journal article,"Pastoral origins at the cape, south africa: influences and arguments","Smith, Andrew B.",,2008,Southern African Humanities,1,,,1681-5564,49-60,20,https://journals.co.za/doi/abs/10.10520/EJC84801,,,"Copyright 2008, Council of the Natal Museum:All rights reserved","Smith, Andrew B. (2008.0). Pastoral origins at the Cape, South Africa: influences and arguments. nan. https://journals.co.za/doi/abs/10.10520/EJC84801","[
  {
    ""resourceId"": ""a61a7292-9747-40a1-855c-44fb7c8b1f6c"",
    ""resourceXresourceId"": """",
    ""ontologyProperty"": """",
    ""inverseOntologyProperty"": """"
  }
]",,2025-07-18,,,2025-07-18
6b9e7c27-9ccf-4b07-acd1-5e9d2e365b25,INFO-00000444,8GANCH5F,Journal article,Pretoria radiocarbon dates iii,"Vogel, J. C.; Fuls, Annemarie; Visser, Ebbie",,1986,Radiocarbon,3,10.1017/S003382220002018X,,"0033-8222, 1945-5755",1133-1172,28,https://www.cambridge.org/core/journals/radiocarbon/article/pretoria-radiocarbon-dates-iii/469F44D9DB5C543B6285300463751FF4,English,This list contains 14C dates pertaining to the Stone Age in southern Africa and covers the region from Zambia in the north to Natal and the northern Cape Province in South Africa. The southern and southwestern Cape Province are not included. Descriptions are based on information supplied by the submitters.,,"Vogel, J. C.; Fuls, Annemarie; Visser, Ebbie (1986.0). Pretoria Radiocarbon Dates III. nan. https://doi.org/10.1017/S003382220002018X","[
  {
    ""resourceId"": ""a61a7292-9747-40a1-855c-44fb7c8b1f6c"",
    ""resourceXresourceId"": """",
    ""ontologyProperty"": """",
    ""inverseOntologyProperty"": """"
  }
]",,2025-07-18,,,2025-07-18
7ed197c7-afba-4fd9-9cd2-7b3c5a000520,INFO-00000445,NWD8M6TE,Journal article,"Revisiting middle stone age hunting at ≠gi, botswana: a tip cross-sectional area study","Lombard, Marlize; Churchill, Steven",,2022,Southern African Field Archaeology,,10.36615/safa.1.1138.2022,,2789-1844,,17,https://journals.uj.ac.za,English,"≠Gi was excavated almost half-a-century ago. Despite no formally published analyses of its lithic and faunal assemblages, the site has been important to discussions about technological development during the Middle Stone Age (MSA). Dating to ~77 ka, ≠Gi has been pitched as one of the earliest contexts in southern Africa where the spearthrower-and-dart may have been used as a mechanically projected weapon system. Here we provide a brief history of lithic-point research pertaining to the site, and report on a tip cross-sectional area (TCSA) analysis conducted on 359 Middle Stone Age points excavated from ≠Gi. Based on the TCSA approach, we hypoThesise that the use of stabbing spears in ambush hunting, perhaps in tandem with lightweight javelin hunting, was the most likely scenario for the MSA hunters who used the site.",Copyright (c) 2022 Marlize Lombard & Steven Churchill,"Lombard, Marlize; Churchill, Steven (2022.0). Revisiting Middle Stone Age hunting at ≠GI, Botswana: A tip cross-sectional area study. nan. https://doi.org/10.36615/safa.1.1138.2022","[
  {
    ""resourceId"": ""a61a7292-9747-40a1-855c-44fb7c8b1f6c"",
    ""resourceXresourceId"": """",
    ""ontologyProperty"": """",
    ""inverseOntologyProperty"": """"
  }
]",,2025-07-18,,,2025-07-18
a0aa8ab4-24f6-4b0f-ab05-caaec330d5c8,INFO-00000446,KY52EWCX,Journal article,Potsherds coated with lime mortar along the east african coast: their origin and significance,"Ichumbaki, Elgidius B.; Pollard, Edward",,2015,African Archaeological Review,3,10.1007/s10437-015-9196-5,,"0263-0338, 1572-9842",443-463,32,http://link.springer.com/10.1007/s10437-015-9196-5,English,,,"Ichumbaki, Elgidius B.; Pollard, Edward (2015.0). Potsherds Coated with Lime Mortar Along the East African Coast: Their Origin and Significance. nan. https://doi.org/10.1007/s10437-015-9196-5","[
  {
    ""resourceId"": ""a61a7292-9747-40a1-855c-44fb7c8b1f6c"",
    ""resourceXresourceId"": """",
    ""ontologyProperty"": """",
    ""inverseOntologyProperty"": """"
  }
]",,2025-07-18,,,2025-07-18
457769a8-2978-404f-808c-5a9af7a81c0b,INFO-00000447,NKHY8A5V,Journal article,Reconnaissance dans la vallée de la falémé (sénégal oriental) : la 15ème année de recherche du programme international «peuplement humain et paléoenvironnement en afrique de l’ouest»,"Huysecom, Eric; Jeanbourquin, Chrystel; Mayor, Anne; Chevrier, Benoît; Serge, Loukou; Canetti, Marie; Diallo, Mamoudou; Bocoum, Hamady; Guèye, Ndèye; Hajdas, Irka; Lespez, Laurent; Rasse, M.",,2013,Jahresbericht SLSA,,,,,,2012,,,"Le contexte géopolitique d’insécurité, général à l’Afrique de l’Ouest saharienne et sahélienne, et la décision de certains pays européens d’interdire l’accès au Mali - dont la partie septentrionale est fréquentée par l’organisation terroriste AQMI, émanation d’Al Qaeda -, nous ont poussé à développer notre programme de recherche à une latitude légèrement plus méridionale, dans un contexte environnemental différent. Ceci était pour nous l’occasion, non seulement d’acquérir de nouvelles données scientifiques, mais aussi et surtout de compléter le scénario peuplement humain / évolution climato-environnementale élaboré à partir de nos précédentes recherches en Pays dogon au Mali. Nous avons plus précisément choisi d’étudier la vallée de la Falémé. Cet affluent du fleuve Sénégal, orienté nord-sud, relie la zone sahélienne au massif forestier du Fouta Djallon et constitue, de fait, un important axe de migration potentiel lors des variations climato-environnementales. Nos prospections préliminaires précédentes, en février 2011, nous avaient déjà laissé entrevoir l’extraordinaire potentiel de cette région méconnue et délaissée par les archéologues. La vallée présente, en effet, à la fois des dépôts sédimentaires très importants accessibles grâce à des ravinements d’érosion bien développés, des vestiges osseux et botaniques bien conservés, et une richesse archéologique peu commune en Afrique, évoquant celle de la région d’Ounjougou au Mali. Cette année, en moins d’un mois de prospection intensive menée sur le terrain entre le 24 janvier et le 17 février 2012, nous avons ainsi détecté près de 100 sites archéologiques, couvrant la période du Paléolithique inférieur jusqu’à l’époque actuelle, comprenant notamment d’exceptionnels sites du Paléolithique terminal in situ, des habitats protohistoriques complexes stratifiés, un fort européen précolonial, insoupçonné vu sa situation au cœur du continent africain, et des traditions, tant dans le domaine architectural que des cultures matérielles (céramique, orpaillage, métallurgie, …), bien vivantes, permettant une approche actualiste. Ce nouveau développement de nos recherches au Sénégal prend place au sein du programme international « Peuplement humain et paléoenvironnement en Afrique de l’Ouest », que nous menons depuis 1997.",,"Huysecom, Eric; Jeanbourquin, Chrystel; Mayor, Anne; Chevrier, Benoît; Serge, Loukou; Canetti, Marie; Diallo, Mamoudou; Bocoum, Hamady; Guèye, Ndèye; Hajdas, Irka; Lespez, Laurent; Rasse, M. (2013.0). Reconnaissance dans la vallée de la Falémé (Sénégal oriental) : la 15ème année de recherche du programme international «Peuplement humain et paléoenvironnement en Afrique de l’Ouest». nan.","[
  {
    ""resourceId"": ""a61a7292-9747-40a1-855c-44fb7c8b1f6c"",
    ""resourceXresourceId"": """",
    ""ontologyProperty"": """",
    ""inverseOntologyProperty"": """"
  }
]",,2025-07-18,,,2025-07-18
cb766cbf-5e79-4481-91e5-913f2fa22b9b,INFO-00000448,RD5SQKL9,Thesis,Prospections archéologiques sous-marines aux abords de l'île de gorée (sénégal),"Guérout, Max",Groupe de recherche en archéologie navale (GRAN) ; Laboratoire d'histoire et d'archéologie maritime - Paris IV Sorbonne - Musée de la Marine (FED 4124),2017,,,,,,,,https://hal.science/hal-01625693,French,,,"Guérout, Max (2017.0). Prospections archéologiques sous-marines aux abords de l'île de Gorée (Sénégal). Groupe de recherche en archéologie navale (GRAN) ; Laboratoire d'histoire et d'archéologie maritime - Paris IV Sorbonne - Musée de la Marine (FED 4124). https://hal.science/hal-01625693","[
  {
    ""resourceId"": ""a61a7292-9747-40a1-855c-44fb7c8b1f6c"",
    ""resourceXresourceId"": """",
    ""ontologyProperty"": """",
    ""inverseOntologyProperty"": """"
  }
]",,2025-07-18,,,2025-07-18
b09e580d-7c6e-47af-a8c8-a1a531b46542,INFO-00000449,RGT3YP2W,Journal article,Revision of the human’s occupations chronologies at the senegalese and mauritania sites by using marine reservoir ages corrections,"Ndeye, Maurice; Kebe, Demba; Sene, Matar; Athie, Adama Harouna",,2021,Geochronometria,1,10.2478/geochr-2021-0002,,"1733-8387, 1897-1695",16-30,48,"https://www.geochronometria.com/Revision-of-the-human-s-occupations-chronologies-at-the-Senegalese-and-Mauritania,184600,0,2.html",English,"The prehistoric settlement of the west coast of the Senegalese-Mauritanian basin is established from archaeological remains and coal samples collected, sometimes in a stratigraphic context. However, the chronology issued, in the Before Present (BP) age, does not take into account the taphonomic...",,"Ndeye, Maurice; Kebe, Demba; Sene, Matar; Athie, Adama Harouna (2021.0). Revision of the human’s occupations chronologies at the Senegalese and Mauritania sites by using marine reservoir ages corrections. nan. https://doi.org/10.2478/geochr-2021-0002","[
  {
    ""resourceId"": ""a61a7292-9747-40a1-855c-44fb7c8b1f6c"",
    ""resourceXresourceId"": """",
    ""ontologyProperty"": """",
    ""inverseOntologyProperty"": """"
  }
]",,2025-07-18,,,2025-07-18
b4bbb7f4-3ea1-4a34-8d01-929011625b2c,INFO-00000450,9IQ8NX3L,Journal article,Premières données sur le matériel céramique de la nécropole mégalithique de wanar (sénégal),"Delvoye, Adrien; Laporte, Luc; Bocoum, Hamady; Cros, Jean-Paul; Diallo, Mahmoud; Dartois, Vincent; Lejay, Mathieu; Quesnel, Laurent; Bertin, Francis",,2011,Afrique : Archeologie et Arts,7,10.4000/aaa.641,,"1634-3123, 2431-2045",73-92,,http://journals.openedition.org/aaa/641,,,,"Delvoye, Adrien; Laporte, Luc; Bocoum, Hamady; Cros, Jean-Paul; Diallo, Mahmoud; Dartois, Vincent; Lejay, Mathieu; Quesnel, Laurent; Bertin, Francis (2011.0). Premières données sur le matériel céramique de la nécropole mégalithique de Wanar (Sénégal). nan. https://doi.org/10.4000/aaa.641","[
  {
    ""resourceId"": ""a61a7292-9747-40a1-855c-44fb7c8b1f6c"",
    ""resourceXresourceId"": """",
    ""ontologyProperty"": """",
    ""inverseOntologyProperty"": """"
  }
]",,2025-07-18,,,2025-07-18
99e49a5b-287f-4925-80ce-32b0625f4006,INFO-00000451,DHKYVCKQ,Journal article,"Recherches archéologiques sur les amas coquilliers de la basse casamance : le cas de niomoune dans les îles bliss, sénégal","Kébé, Demba; Diakho, Fodé; Baldé, Djidere; Thiam, Djibril; Sarr, Arfang; Badji, Abdou",,2023,L'Anthropologie,5,10.1016/j.anthro.2023.103216,,35521,103216,127,https://linkinghub.elsevier.com/retrieve/pii/S0003552123001139,French,,,"Kébé, Demba; Diakho, Fodé; Baldé, Djidere; Thiam, Djibril; Sarr, Arfang; Badji, Abdou (2023.0). Recherches archéologiques sur les amas coquilliers de la Basse Casamance : le cas de Niomoune dans les îles Bliss, Sénégal. nan. https://doi.org/10.1016/j.anthro.2023.103216","[
  {
    ""resourceId"": ""a61a7292-9747-40a1-855c-44fb7c8b1f6c"",
    ""resourceXresourceId"": """",
    ""ontologyProperty"": """",
    ""inverseOntologyProperty"": """"
  }
]",,2025-07-18,,,2025-07-18
e0ea77d3-023b-498c-a13a-38aa4329a40c,INFO-00000452,92NHKNYL,Conference paper,"Radiocarbon chronology of human settlement and paleo environment in senegal, west africa.","Hajdas, Irka; Maurer, M.; Röttig, M. B.; Chevrier, Benoît; Martinez, Maria Lorenzo; Loukou, Serge; Mayor, Anne; Pollarolo, Luca; Rasse, Michel; Garnier, Aline; Lespez, Laurent; Tribolo, Chantal; Lebrun, Brice; Abdoulaye, Camara; Bocoum, Hamady; Eric, Huysecom",,2016,,,,,,,,https://hal.science/hal-02536162,English,,,"Hajdas, Irka; Maurer, M.; Röttig, M. B.; Chevrier, Benoît; Martinez, Maria Lorenzo; Loukou, Serge; Mayor, Anne; Pollarolo, Luca; Rasse, Michel; Garnier, Aline; Lespez, Laurent; Tribolo, Chantal; Lebrun, Brice; Abdoulaye, Camara; Bocoum, Hamady; Eric, Huysecom (2016.0). Radiocarbon Chronology of Human Settlement and paleo environment in Senegal, West Africa.. nan. https://hal.science/hal-02536162","[
  {
    ""resourceId"": ""a61a7292-9747-40a1-855c-44fb7c8b1f6c"",
    ""resourceXresourceId"": """",
    ""ontologyProperty"": """",
    ""inverseOntologyProperty"": """"
  }
]",,2025-07-18,,,2025-07-18
4c146b23-e380-4bf8-bf5f-9e06857c9e64,INFO-00000453,8RBAQ4UG,Journal article,On the origins of the bamangwato,"Parsons, Q.N.",,1973,Botswana Notes and Records,,,,0525-5090,82-103,5,https://www.jstor.org/stable/40979381,,,,"Parsons, Q.N. (1973.0). On the Origins of the bamaNgwato. nan. https://www.jstor.org/stable/40979381","[
  {
    ""resourceId"": ""a61a7292-9747-40a1-855c-44fb7c8b1f6c"",
    ""resourceXresourceId"": """",
    ""ontologyProperty"": """",
    ""inverseOntologyProperty"": """"
  }
]",,2025-07-18,,,2025-07-18
39b194c1-65a1-4e51-8283-7905fd77de10,INFO-00000454,QMN397FD,Journal article,Pottery traditions of early pastoral communities in kenya,"Collett, David; Robertshaw, Peter",,1983,Azania: Archaeological Research in Africa,1,10.1080/00672708309511317,,,107-125,18,,,,,"Collett, David; Robertshaw, Peter (1983.0). Pottery Traditions of Early Pastoral Communities in Kenya. nan. https://doi.org/10.1080/00672708309511317","[
  {
    ""resourceId"": ""a61a7292-9747-40a1-855c-44fb7c8b1f6c"",
    ""resourceXresourceId"": """",
    ""ontologyProperty"": """",
    ""inverseOntologyProperty"": """"
  }
]",,2025-07-18,,,2025-07-18
4dbb4f1e-c236-463e-8027-37ca7f47630c,INFO-00000455,VHS76N55,Journal article,Palaeodemography of early iron age toutswe communities in botswana,"Mosothwane, Morongwa Nancy; Steyn, Maryna",,2004,The South African Archaeological Bulletin,80,DOI: 10.2307/3889242,,,45-51,59,https://www.researchgate.net/publication/271812196_Palaeodemography_of_Early_Iron_Age_Toutswe_Communities_in_Botswana,English,,,"Mosothwane, Morongwa Nancy; Steyn, Maryna (2004.0). Palaeodemography of Early Iron Age Toutswe Communities in Botswana. nan. https://doi.org/DOI: 10.2307/3889242","[
  {
    ""resourceId"": ""a61a7292-9747-40a1-855c-44fb7c8b1f6c"",
    ""resourceXresourceId"": """",
    ""ontologyProperty"": """",
    ""inverseOntologyProperty"": """"
  }
]",,2025-07-18,,,2025-07-18
703077a1-588d-4e1a-b05d-20d3aaf3d9f3,INFO-00000456,J7LNXV6I,Journal article,"Pastoral neolithic sites on the southern mbulu plateau, tanzania","Prendergast, M.E.; Mabulla, A.Z.P.; Grillo, K.M.; Broderick, L.G.; Seitsonen, O.; Gidna, A.O.; Gifford-Gonzalez, D.",,2013,Azania: Archaeological Research in Africa,4,10.1080/0067270X.2013.841927,,"0067-270X, 1945-5534",498-520,48,http://www.tandfonline.com/doi/abs/10.1080/0067270X.2013.841927,English,,,"Prendergast, M.E.; Mabulla, A.Z.P.; Grillo, K.M.; Broderick, L.G.; Seitsonen, O.; Gidna, A.O.; Gifford-Gonzalez, D. (2013.0). Pastoral Neolithic sites on the southern Mbulu Plateau, Tanzania. nan. https://doi.org/10.1080/0067270X.2013.841927","[
  {
    ""resourceId"": ""a61a7292-9747-40a1-855c-44fb7c8b1f6c"",
    ""resourceXresourceId"": """",
    ""ontologyProperty"": """",
    ""inverseOntologyProperty"": """"
  }
]",,2025-07-18,,,2025-07-18
01897450-f688-429b-997c-1ce8382a3a88,INFO-00000457,RPHEYCVY,Journal article,"Poison arrows and bone utensils in late pleistocene eastern africa: evidence from kuumbi cave, zanzibar","Langley, Michelle C.; Prendergast, Mary E.; Shipton, Ceri; Quintana Morales, Eréndira M.; Crowther, Alison; Boivin, Nicole",,2016,Azania: Archaeological Research in Africa,2,10.1080/0067270X.2016.1173302,,"0067-270X, 1945-5534",155-177,51,http://www.tandfonline.com/doi/full/10.1080/0067270X.2016.1173302,English,,,"Langley, Michelle C.; Prendergast, Mary E.; Shipton, Ceri; Quintana Morales, Eréndira M.; Crowther, Alison; Boivin, Nicole (2016.0). Poison arrows and bone utensils in late Pleistocene eastern Africa: evidence from Kuumbi Cave, Zanzibar. nan. https://doi.org/10.1080/0067270X.2016.1173302","[
  {
    ""resourceId"": ""a61a7292-9747-40a1-855c-44fb7c8b1f6c"",
    ""resourceXresourceId"": """",
    ""ontologyProperty"": """",
    ""inverseOntologyProperty"": """"
  }
]",,2025-07-18,,,2025-07-18
c1972ac2-2fe5-419c-a7a6-40d35b27460d,INFO-00000458,6QCNWBMG,Journal article,"Protective memoryscapes of the chagga of kilimanjaro, northern tanzania","R. Clack, Timothy A.",,2005,Azania: Archaeological Research in Africa,1,10.1080/00672700509480415,,"0067-270X, 1945-5534",101-107,40,http://www.tandfonline.com/doi/abs/10.1080/00672700509480415,English,,,"R. Clack, Timothy A. (2005.0). Protective Memoryscapes of the Chagga of Kilimanjaro, Northern Tanzania. nan. https://doi.org/10.1080/00672700509480415","[
  {
    ""resourceId"": ""a61a7292-9747-40a1-855c-44fb7c8b1f6c"",
    ""resourceXresourceId"": """",
    ""ontologyProperty"": """",
    ""inverseOntologyProperty"": """"
  }
]",,2025-07-18,,,2025-07-18
781c88f7-d95d-40b6-9de0-53a020dc8418,INFO-00000459,AI2X5Q8K,Journal article,"Refining the chronology of kua ruins: radiocarbon dates from the mafia archipelago, tanzania","Christie, Annalisa C.",,2013,Azania: Archaeological Research in Africa,4,10.1080/0067270X.2013.842666,,"0067-270X, 1945-5534",521-533,48,http://www.tandfonline.com/doi/abs/10.1080/0067270X.2013.842666,English,,,"Christie, Annalisa C. (2013.0). Refining the chronology of Kua Ruins: radiocarbon dates from the Mafia Archipelago, Tanzania. nan. https://doi.org/10.1080/0067270X.2013.842666","[
  {
    ""resourceId"": ""a61a7292-9747-40a1-855c-44fb7c8b1f6c"",
    ""resourceXresourceId"": """",
    ""ontologyProperty"": """",
    ""inverseOntologyProperty"": """"
  }
]",,2025-07-18,,,2025-07-18
5af9c2e3-a95a-401f-8a28-170295db42a7,INFO-00000460,BC3E8MZL,Journal article,"Pastoral neolithic settlement and subsistence patterns in the mang'ola graben, tanzania","Rubaka, Charles C.",,2000,Azania: Archaeological Research in Africa,1,10.1080/00672700009511603,,"0067-270X, 1945-5534",198-203,35,http://www.tandfonline.com/doi/abs/10.1080/00672700009511603,English,,,"Rubaka, Charles C. (2000.0). Pastoral Neolithic Settlement and Subsistence Patterns in the Mang'ola Graben, Tanzania. nan. https://doi.org/10.1080/00672700009511603","[
  {
    ""resourceId"": ""a61a7292-9747-40a1-855c-44fb7c8b1f6c"",
    ""resourceXresourceId"": """",
    ""ontologyProperty"": """",
    ""inverseOntologyProperty"": """"
  }
]",,2025-07-18,,,2025-07-18
32eb15f5-96c4-433c-8067-adb5f95120a1,INFO-00000461,83K2AEN3,Journal article,Petrographic investigation of the provenance of pottery from engaruka,"Oteyo, Gilbert; Doherty, Chris",,2006,Azania: Archaeological Research in Africa,1,10.1080/00672700609480437,,"0067-270X, 1945-5534",103-121,41,http://www.tandfonline.com/doi/abs/10.1080/00672700609480437,English,,,"Oteyo, Gilbert; Doherty, Chris (2006.0). Petrographic investigation of the provenance of pottery from Engaruka. nan. https://doi.org/10.1080/00672700609480437","[
  {
    ""resourceId"": ""a61a7292-9747-40a1-855c-44fb7c8b1f6c"",
    ""resourceXresourceId"": """",
    ""ontologyProperty"": """",
    ""inverseOntologyProperty"": """"
  }
]",,2025-07-18,,,2025-07-18
2234429c-2b52-48dd-a1e7-930811dd5dd9,INFO-00000462,DXEYRJT2,Journal article,"Pottery production, iron working, and trade in the early iron age: the case of dakawa, east-central tanzania","Håland, Randi; Msuya, Chediel S.",,2000,Azania: Archaeological Research in Africa,1,10.1080/00672700009511597,,"0067-270X, 1945-5534",75-106,35,http://www.tandfonline.com/doi/abs/10.1080/00672700009511597,English,,,"Håland, Randi; Msuya, Chediel S. (2000.0). Pottery Production, Iron Working, and Trade in the Early Iron Age: The case of Dakawa, east-central Tanzania. nan. https://doi.org/10.1080/00672700009511597","[
  {
    ""resourceId"": ""a61a7292-9747-40a1-855c-44fb7c8b1f6c"",
    ""resourceXresourceId"": """",
    ""ontologyProperty"": """",
    ""inverseOntologyProperty"": """"
  }
]",,2025-07-18,,,2025-07-18
a2b49590-9120-47e3-b38a-114e6442385c,INFO-00000463,BDVHIS3M,Journal article,"Rock gongs and a rock chute in mwanza region, tanzania","Soper, Robert",,1968,Azania: Archaeological Research in Africa,1,10.1080/00672706809511492,,"0067-270X, 1945-5534",175-179,3,http://www.tandfonline.com/doi/abs/10.1080/00672706809511492,English,,,"Soper, Robert (1968.0). Rock Gongs and a Rock Chute in Mwanza Region, Tanzania. nan. https://doi.org/10.1080/00672706809511492","[
  {
    ""resourceId"": ""a61a7292-9747-40a1-855c-44fb7c8b1f6c"",
    ""resourceXresourceId"": """",
    ""ontologyProperty"": """",
    ""inverseOntologyProperty"": """"
  }
]",,2025-07-18,,,2025-07-18
7d30c667-f8bd-4cd3-90d2-614af4037d33,INFO-00000464,TZLLYX2J,Webpage,"Rapport périodique cycle 3, section ii",UNESCO,,2012,,,,,,,,https://whc.unesco.org/document/217847,,,,"UNESCO (2012.0). Rapport Périodique Cycle 3, Section II. nan. https://whc.unesco.org/document/217847","[
  {
    ""resourceId"": ""a61a7292-9747-40a1-855c-44fb7c8b1f6c"",
    ""resourceXresourceId"": """",
    ""ontologyProperty"": """",
    ""inverseOntologyProperty"": """"
  }
]",,2025-07-18,,,2025-07-18
2db437bf-54ad-4299-95b1-7ef75f4bac16,INFO-00000465,BSZH4433,Journal article,"Pork for pilgrims: livestock breeding and meat consumption at medieval banganarti, nubia","Osypińska, Marta; Żurawski, Bogdan T.",Antiquity Publications,2020,Antiquity,373,10.15184/aqy.2019.235,,"0003-598X, 1745-1744",164-178,94,https://www.cambridge.org/core/product/identifier/S0003598X19002357/type/journal_article,English,Abstract,https://www.cambridge.org/core/terms,"Osypińska, Marta; Żurawski, Bogdan T. (2020.0). Pork for pilgrims: livestock breeding and meat consumption at medieval Banganarti, Nubia. Antiquity Publications. https://doi.org/10.15184/aqy.2019.235","[
  {
    ""resourceId"": ""a61a7292-9747-40a1-855c-44fb7c8b1f6c"",
    ""resourceXresourceId"": """",
    ""ontologyProperty"": """",
    ""inverseOntologyProperty"": """"
  }
]",,2025-07-18,,,2025-07-18
f2331a98-4e94-45ac-a90b-e88b035aba3c,INFO-00000466,DCZK6MCJ,Journal article,"Reinvestigation of kuumbi cave, zanzibar, reveals later stone age coastal habitation, early holocene abandonment and iron age reoccupation","Shipton, Ceri; Crowther, Alison; Kourampas, Nikos; Prendergast, Mary E.; Horton, Mark; Douka, Katerina; Schwenninger, Jean-Luc; Faulkner, Patrick; Quintana Morales, Eréndira M.; Langley, Michelle C.; Tibesasa, Ruth; Picornell-Gelabert, Llorenc; Wilmsen, Edwin N.; Doherty, Chris; Veall, Margaret-Ashley; Ali, Abdallah K.; Petraglia, Michael D.; Boivin, Nicole",,2016,Azania: Archaeological Research in Africa,2,10.1080/0067270X.2016.1173308,,"0067-270X, 1945-5534",197-233,51,http://www.tandfonline.com/doi/full/10.1080/0067270X.2016.1173308,English,,,"Shipton, Ceri; Crowther, Alison; Kourampas, Nikos; Prendergast, Mary E.; Horton, Mark; Douka, Katerina; Schwenninger, Jean-Luc; Faulkner, Patrick; Quintana Morales, Eréndira M.; Langley, Michelle C.; Tibesasa, Ruth; Picornell-Gelabert, Llorenc; Wilmsen, Edwin N.; Doherty, Chris; Veall, Margaret-Ashley; Ali, Abdallah K.; Petraglia, Michael D.; Boivin, Nicole (2016.0). Reinvestigation of Kuumbi Cave, Zanzibar, reveals Later Stone Age coastal habitation, early Holocene abandonment and Iron Age reoccupation. nan. https://doi.org/10.1080/0067270X.2016.1173308","[
  {
    ""resourceId"": ""a61a7292-9747-40a1-855c-44fb7c8b1f6c"",
    ""resourceXresourceId"": """",
    ""ontologyProperty"": """",
    ""inverseOntologyProperty"": """"
  }
]",,2025-07-18,,,2025-07-18
7b8f8a79-768f-4114-bd09-7fafa97a14e4,INFO-00000467,7C3ANUS8,Webpage,Ruins of kilwa kisiwani and ruins of songo mnara,UNESCO World Heritage Centre,,2025,UNESCO World Heritage Centre,,,,,,,https://whc.unesco.org/en/list/144/,English,"The remains of two great East African ports admired by early European explorers are situated on two small islands near the coast. From the 13th to the 16th century, the merchants of Kilwa dealt in gold, silver,  ...",,UNESCO World Heritage Centre (2025.0). Ruins of Kilwa Kisiwani and Ruins of Songo Mnara. nan. https://whc.unesco.org/en/list/144/,"[
  {
    ""resourceId"": ""a61a7292-9747-40a1-855c-44fb7c8b1f6c"",
    ""resourceXresourceId"": """",
    ""ontologyProperty"": """",
    ""inverseOntologyProperty"": """"
  }
]",,2025-07-18,,,2025-07-18
4bba12be-3f8d-4979-94d0-501ea007a4e0,INFO-00000468,LYD3PX7L,Document,Report on the joint unesco-icomos reactive monitoring mission to lower valley of the omo world heritage property federal democratic republic of ethiopia,ICOMOS,,2015,,,,,,,,https://whc.unesco.org/en/list/17/documents/,,,,ICOMOS (2015.0). Report On The Joint Unesco-Icomos   Reactive Monitoring Mission To  Lower Valley Of The Omo World Heritage Property   Federal Democratic Republic Of Ethiopia. nan. https://whc.unesco.org/en/list/17/documents/,"[
  {
    ""resourceId"": ""a61a7292-9747-40a1-855c-44fb7c8b1f6c"",
    ""resourceXresourceId"": """",
    ""ontologyProperty"": """",
    ""inverseOntologyProperty"": """"
  }
]",,2025-07-18,,,2025-07-18
a3343ba4-a9c1-4634-9195-efad0b443915,INFO-00000469,A4ZEDR66,Report,"Rock-hewn churches, lalibela periodic reporting cycle 3, section ii",The Authority for Research and Conservation of Cultural Heritage (ARCCH)Ethiopian National Authority,,,,,,,,,,https://whc.unesco.org/en/list/18/documents/,,,,"The Authority for Research and Conservation of Cultural Heritage (ARCCH)Ethiopian National Authority (nan). Rock-Hewn Churches, Lalibela 	Periodic Reporting Cycle 3, Section II. nan. https://whc.unesco.org/en/list/18/documents/","[
  {
    ""resourceId"": ""a61a7292-9747-40a1-855c-44fb7c8b1f6c"",
    ""resourceXresourceId"": """",
    ""ontologyProperty"": """",
    ""inverseOntologyProperty"": """"
  }
]",,2025-07-18,,,2025-07-18
adb1add5-b61e-48c5-bce7-264aa83ac638,INFO-00000470,JGAXVRNY,Document,"Rock-hewn churches, lalibela","Centre, UNESCO World Heritage",,2025,,,,,,,,https://whc.unesco.org/en/list/18/,English,The 11 medieval monolithic cave churches of this 13th-century 'New Jerusalem' are situated in a mountainous region in the heart of Ethiopia near a traditional village with circular-shaped dwellings. Lalibela is a  ...,,"Centre, UNESCO World Heritage (2025.0). Rock-Hewn Churches, Lalibela. nan. https://whc.unesco.org/en/list/18/","[
  {
    ""resourceId"": ""a61a7292-9747-40a1-855c-44fb7c8b1f6c"",
    ""resourceXresourceId"": """",
    ""ontologyProperty"": """",
    ""inverseOntologyProperty"": """"
  }
]",,2025-07-18,,,2025-07-18
1adcbb1d-465f-4897-a54b-1a35408eb548,INFO-00000471,WF5EDEYC,Document,Report of advisory mission lalibela (may 2018),ICCROM,,2018,,,,,,,,https://whc.unesco.org/en/list/18/documents/,,,,ICCROM (2018.0). Report of  Advisory mission Lalibela (May 2018). nan. https://whc.unesco.org/en/list/18/documents/,"[
  {
    ""resourceId"": ""a61a7292-9747-40a1-855c-44fb7c8b1f6c"",
    ""resourceXresourceId"": """",
    ""ontologyProperty"": """",
    ""inverseOntologyProperty"": """"
  }
]",,2025-07-18,,,2025-07-18
62d80d2c-5b16-4262-a560-99e7c63a8a1c,INFO-00000472,MT3FHAE5,Document,"Periodic reporting cycle 3, section ii",UNESCO,,2021,,,,,,,,https://whc.unesco.org/en/list/1231/documents/,English,,,"UNESCO (2021.0). Periodic Reporting Cycle 3, Section II. nan. https://whc.unesco.org/en/list/1231/documents/","[
  {
    ""resourceId"": ""a61a7292-9747-40a1-855c-44fb7c8b1f6c"",
    ""resourceXresourceId"": """",
    ""ontologyProperty"": """",
    ""inverseOntologyProperty"": """"
  }
]",,2025-07-18,,,2025-07-18
ae60115a-3e13-4b96-90ba-6a37accf3843,INFO-00000473,5QZKH2H5,Document,"Reactive monitoring mission to simien national park, ethiopia","IUCN, UNESCO World Heritage",,2017,,,,,,,,https://whc.unesco.org/en/list/9/,English,"Massive erosion over the years on the Ethiopian plateau has created one of the most spectacular landscapes in the world, with jagged mountain peaks, deep valleys and sharp precipices dropping some 1,500 m. The park  ...",,"IUCN, UNESCO World Heritage (2017.0). Reactive Monitoring Mission to   Simien National Park, Ethiopia. nan. https://whc.unesco.org/en/list/9/","[
  {
    ""resourceId"": ""a61a7292-9747-40a1-855c-44fb7c8b1f6c"",
    ""resourceXresourceId"": """",
    ""ontologyProperty"": """",
    ""inverseOntologyProperty"": """"
  }
]",,2025-07-18,,,2025-07-18
d551f271-c78b-43a3-a72a-6007d1cfb520,INFO-00000474,8QLEGAFP,Document,Periodic reporting on the application of the world heritage convention. sanganeb marine national park and dungonab bay/mukkawar island marine national park (sudan – red sea),NCAM,,,,,,,,,,https://whc.unesco.org/document/185211,,,,NCAM (nan). PERIODIC REPORTING ON THE APPLICATION OF THE WORLD HERITAGE CONVENTION. Sanganeb Marine National Park and Dungonab Bay/Mukkawar Island Marine National Park (Sudan – Red Sea). nan. https://whc.unesco.org/document/185211,"[
  {
    ""resourceId"": ""a61a7292-9747-40a1-855c-44fb7c8b1f6c"",
    ""resourceXresourceId"": """",
    ""ontologyProperty"": """",
    ""inverseOntologyProperty"": """"
  }
]",,2025-07-18,,,2025-07-18
178283a6-84ea-4d13-a5a8-f3cb57085dc7,INFO-00000475,NF8U75QQ,Document,Periodic reporting on fort jesus mombasa 2021,National Museums of Kenya,UNESCO,2021,,,,,,,,,English,,,National Museums of Kenya (2021.0). Periodic Reporting on Fort Jesus Mombasa 2021. UNESCO.,"[
  {
    ""resourceId"": ""a61a7292-9747-40a1-855c-44fb7c8b1f6c"",
    ""resourceXresourceId"": """",
    ""ontologyProperty"": """",
    ""inverseOntologyProperty"": """"
  }
]",,2025-07-18,,,2025-07-18
24466a35-db44-4cc1-b48f-15d2d567a05d,INFO-00000476,BMEAM3V3,Webpage,Pdf rapport wanar 2008.pdf,LAPORTE,,2025,Fichier PDF,,,,,,,https://www.fichier-pdf.fr/2012/10/05/rapport-wanar-2008/,French,Lecture et téléchargement du fichier Rapport Wanar 2008.pdf sur www.fichier-pdf.fr,,LAPORTE (2025.0). PDF Rapport Wanar 2008.pdf. nan. https://www.fichier-pdf.fr/2012/10/05/rapport-wanar-2008/,"[
  {
    ""resourceId"": ""a61a7292-9747-40a1-855c-44fb7c8b1f6c"",
    ""resourceXresourceId"": """",
    ""ontologyProperty"": """",
    ""inverseOntologyProperty"": """"
  }
]",,2025-07-18,,,2025-07-18
3b6515bc-e150-41bc-b00d-306e4150be61,INFO-00000477,686DMRLV,Report,"Pays bassari, paysages culturels bassari, peul et bédik : proposition d’inscription sur la liste du patrimoine mondial","Hamady Bocoum, Sébastien Moriset",Direction du patrimoine culturel,2011,,,,,,376,,https://whc.unesco.org/uploads/nominations/1407.pdf,French,,,"Hamady Bocoum, Sébastien Moriset (2011.0). Pays Bassari, Paysages Culturels Bassari, Peul et Bédik : Proposition d’inscription sur la Liste du patrimoine mondial. Direction du patrimoine culturel. https://whc.unesco.org/uploads/nominations/1407.pdf","[
  {
    ""resourceId"": ""a61a7292-9747-40a1-855c-44fb7c8b1f6c"",
    ""resourceXresourceId"": """",
    ""ontologyProperty"": """",
    ""inverseOntologyProperty"": """"
  }
]",,2025-07-18,,,2025-07-18
e688f5c8-7449-4195-8003-fd037a97f24a,INFO-00000478,79Q6YQKQ,Webpage,Rapport wanar 2010.pdf,laporte,,2025,Fichier PDF,,,,,,,https://www.fichier-pdf.fr/2012/10/05/rapport-wanar-2010/,French,Lecture et téléchargement du fichier Rapport Wanar 2010.pdf sur www.fichier-pdf.fr,,laporte (2025.0). Rapport Wanar 2010.pdf. nan. https://www.fichier-pdf.fr/2012/10/05/rapport-wanar-2010/,"[
  {
    ""resourceId"": ""a61a7292-9747-40a1-855c-44fb7c8b1f6c"",
    ""resourceXresourceId"": """",
    ""ontologyProperty"": """",
    ""inverseOntologyProperty"": """"
  }
]",,2025-07-18,,,2025-07-18
000d1c8b-78c1-471b-8de3-9e539af3ff3b,INFO-00000479,QX2RT8VB,Book,Olorgesailie: archaeological studies of a middle pleistocene lake basin in kenya.,"Isaac, G",University of Chicago Press,1977,,,,,,,,,,,,"Isaac, G (1977.0). Olorgesailie: Archaeological Studies of a Middle Pleistocene Lake Basin in Kenya.. University of Chicago Press.","[
  {
    ""resourceId"": ""a61a7292-9747-40a1-855c-44fb7c8b1f6c"",
    ""resourceXresourceId"": """",
    ""ontologyProperty"": """",
    ""inverseOntologyProperty"": """"
  }
]",,2025-07-18,,,2025-07-18
37e35c4b-45dc-4d2d-881e-6e120600c8f1,INFO-00000480,SWSF4LV5,Book,"Report on the excavation of hyrax hill, nakuru, kenya colony","Leakey, MD",Government Printer,1945,,,,,,,,,,,,"Leakey, MD (1945.0). Report on the Excavation of Hyrax Hill, Nakuru, Kenya Colony. Government Printer.","[
  {
    ""resourceId"": ""a61a7292-9747-40a1-855c-44fb7c8b1f6c"",
    ""resourceXresourceId"": """",
    ""ontologyProperty"": """",
    ""inverseOntologyProperty"": """"
  }
]",,2025-07-18,,,2025-07-18
1197421f-eca8-45e8-8fee-f402160a94de,INFO-00000481,RIYVHAQ6,Book section,Preliminary report on the excavations at thimlich ohinga,"Onyango-Abuje, JA",National Museums of Kenya Archives,1977,,,,,,,,,,,,"Onyango-Abuje, JA (1977.0). Preliminary Report on the Excavations at Thimlich Ohinga. National Museums of Kenya Archives.","[
  {
    ""resourceId"": ""a61a7292-9747-40a1-855c-44fb7c8b1f6c"",
    ""resourceXresourceId"": """",
    ""ontologyProperty"": """",
    ""inverseOntologyProperty"": """"
  }
]",,2025-07-18,,,2025-07-18
70a13605-9fc1-4573-b966-356d1f4a2c24,INFO-00000482,3RUJYZ9P,Book,Realm of the upper semliki (eastern zaïre): an essay on historical geology,"de Heinzelin de Braucourt, Jean; Verniers, Jacques",Musée Royal de l'Afrique Centrale,1996,,,,,,,102,,English,,,"de Heinzelin de Braucourt, Jean; Verniers, Jacques (1996.0). Realm of the Upper Semliki (Eastern Zaïre): an essay on historical geology. Musée Royal de l'Afrique Centrale.","[
  {
    ""resourceId"": ""a61a7292-9747-40a1-855c-44fb7c8b1f6c"",
    ""resourceXresourceId"": """",
    ""ontologyProperty"": """",
    ""inverseOntologyProperty"": """"
  }
]",,2025-07-18,,,2025-07-18
3da96d4f-7aed-43f3-a797-8ecbbe2a7ce9,INFO-00000483,ISEYRVFC,Report,Plan de conservation et de gestion des « villes anciennes de djenné » - mali (2008-2012),"UNESCO; DNPC; Sanogo, Klessigué; Fané, Yamoussa",,2008,,,,,,,,https://whc.unesco.org/document/102566,French,,,"UNESCO; DNPC; Sanogo, Klessigué; Fané, Yamoussa (2008.0). Plan de Conservation et de Gestion des « Villes anciennes de Djenné » - Mali (2008-2012). nan. https://whc.unesco.org/document/102566","[
  {
    ""resourceId"": ""a61a7292-9747-40a1-855c-44fb7c8b1f6c"",
    ""resourceXresourceId"": """",
    ""ontologyProperty"": """",
    ""inverseOntologyProperty"": """"
  }
]",,2025-07-18,,,2025-07-18
7bf41eaf-cdbf-4770-af97-c098566fd362,INFO-00000484,K4U69DRG,Report,Old towns of djenné - state of conservation report by the state party / rapport de l'etat partie sur l'état de conservation (2020),", UNESCO",,2020,,,,,,,,https://whc.unesco.org/document/180475,,,,", UNESCO (2020.0). Old Towns of Djenné - State of conservation report by the State Party / Rapport de l'Etat partie sur l'état de conservation (2020). nan. https://whc.unesco.org/document/180475","[
  {
    ""resourceId"": ""a61a7292-9747-40a1-855c-44fb7c8b1f6c"",
    ""resourceXresourceId"": """",
    ""ontologyProperty"": """",
    ""inverseOntologyProperty"": """"
  }
]",,2025-07-18,,,2025-07-18
ebda46c8-c22b-40b2-a4e4-ede3d0747d06,INFO-00000485,8TG4IY28,Report,Old towns of djenné - state of conservation report by the state party / rapport de l'etat partie sur l'état de conservation (2022),", UNESCO",,2022,,,,,,,,https://whc.unesco.org/document/192031,,,,", UNESCO (2022.0). Old Towns of Djenné - State of conservation report by the State Party / Rapport de l'Etat partie sur l'état de conservation (2022). nan. https://whc.unesco.org/document/192031","[
  {
    ""resourceId"": ""a61a7292-9747-40a1-855c-44fb7c8b1f6c"",
    ""resourceXresourceId"": """",
    ""ontologyProperty"": """",
    ""inverseOntologyProperty"": """"
  }
]",,2025-07-18,,,2025-07-18
009d2c3f-1e66-4ec3-9671-9b5ac3b758e4,INFO-00000486,E8ATJDYT,Report,Old towns of djenné - state of conservation report by the state party / rapport de l'etat partie sur l'état de conservation (2025),", UNESCO",,2025,,,,,,,,https://whc.unesco.org/document/219931,,,,", UNESCO (2025.0). Old Towns of Djenné - State of conservation report by the State Party / Rapport de l'Etat partie sur l'état de conservation (2025). nan. https://whc.unesco.org/document/219931","[
  {
    ""resourceId"": ""a61a7292-9747-40a1-855c-44fb7c8b1f6c"",
    ""resourceXresourceId"": """",
    ""ontologyProperty"": """",
    ""inverseOntologyProperty"": """"
  }
]",,2025-07-18,,,2025-07-18
6d53e92d-de5b-42e5-ab65-c60e1aed0487,INFO-00000487,BUIMKX9V,Journal article,Remote sensing based water resources and agriculture spatial indicators system,"Zahran, Sherien Ahmed El-Sayed; Saeed, Rania Abdel-Hady; Elazizy, Iman Mahmoud",,2022,The Egyptian Journal of Remote Sensing and Space Science,2,10.1016/j.ejrs.2022.02.002,,11109823,515-527,25,https://linkinghub.elsevier.com/retrieve/pii/S1110982322000163,English,,,"Zahran, Sherien Ahmed El-Sayed; Saeed, Rania Abdel-Hady; Elazizy, Iman Mahmoud (2022.0). Remote sensing based water resources and agriculture spatial indicators system. nan. https://doi.org/10.1016/j.ejrs.2022.02.002","[
  {
    ""resourceId"": ""a61a7292-9747-40a1-855c-44fb7c8b1f6c"",
    ""resourceXresourceId"": """",
    ""ontologyProperty"": """",
    ""inverseOntologyProperty"": """"
  }
]",,2025-07-18,,,2025-07-18
c7a3516b-26f1-4a23-b1fe-f2112ec008f1,INFO-00000488,GFLXAQ4C,Journal article,"Remote sensing for drought impact assessment — a study of land transformation in kordofan, sudan","Hellden, U.",,1984,Advances in Space Research,11,10.1016/0273-1177(84)90406-X,,2731177,165-168,4,https://linkinghub.elsevier.com/retrieve/pii/027311778490406X,English,,https://www.elsevier.com/tdm/userlicense/1.0/,"Hellden, U. (1984.0). Remote sensing for drought impact assessment — A study of land transformation in Kordofan, Sudan. nan. https://doi.org/10.1016/0273-1177(84)90406-X","[
  {
    ""resourceId"": ""a61a7292-9747-40a1-855c-44fb7c8b1f6c"",
    ""resourceXresourceId"": """",
    ""ontologyProperty"": """",
    ""inverseOntologyProperty"": """"
  }
]",,2025-07-18,,,2025-07-18
dea90a97-9d55-4967-aec1-25bf9bb2f841,INFO-00000489,79YMBK2M,Journal article,"Remote sensing and gravity investigations for barite detection in neoproterozoic rocks in the ariab area, red sea hills, sudan","Daoud, Abazar M.A.; Shebl, Ali; Abdelkader, Mohamed M.; Mohieldain, Ali Ahmed; Csámer, Árpád; Satti, Albarra M.N.; Rózsa, Péter",,2025,Remote Sensing Applications: Society and Environment,,10.1016/j.rsase.2024.101416,,23529385,101416,37,https://linkinghub.elsevier.com/retrieve/pii/S2352938524002805,English,,,"Daoud, Abazar M.A.; Shebl, Ali; Abdelkader, Mohamed M.; Mohieldain, Ali Ahmed; Csámer, Árpád; Satti, Albarra M.N.; Rózsa, Péter (2025.0). Remote sensing and gravity investigations for barite detection in Neoproterozoic rocks in the Ariab area, Red Sea Hills, Sudan. nan. https://doi.org/10.1016/j.rsase.2024.101416","[
  {
    ""resourceId"": ""a61a7292-9747-40a1-855c-44fb7c8b1f6c"",
    ""resourceXresourceId"": """",
    ""ontologyProperty"": """",
    ""inverseOntologyProperty"": """"
  }
]",,2025-07-18,,,2025-07-18
6766ee6a-34d2-465b-840f-fa9ff2f75a74,INFO-00000490,FK375Q39,Journal article,"Prospecting for gold mineralization with the use of remote sensing and gis technology in north kordofan state, central sudan","Elsayed Zeinelabdein, Khalid A.; El-Nadi, Abdel Halim H.; Babiker, Insaf S.",,2020,Scientific African,,10.1016/j.sciaf.2020.e00627,,24682276,e00627,10,https://linkinghub.elsevier.com/retrieve/pii/S2468227620303641,English,,,"Elsayed Zeinelabdein, Khalid A.; El-Nadi, Abdel Halim H.; Babiker, Insaf S. (2020.0). Prospecting for gold mineralization with the use of remote sensing and GIS technology in North Kordofan State, central Sudan. nan. https://doi.org/10.1016/j.sciaf.2020.e00627","[
  {
    ""resourceId"": ""a61a7292-9747-40a1-855c-44fb7c8b1f6c"",
    ""resourceXresourceId"": """",
    ""ontologyProperty"": """",
    ""inverseOntologyProperty"": """"
  }
]",,2025-07-18,,,2025-07-18
270abf74-308e-48bb-9c96-3b2ba5a654a4,INFO-00000491,GJF7RCQ9,Journal article,Remote sensing-based Mapping of the destruction to aleppo during the syrian civil war between 2011 and 2017,"Lubin, A.; Saleem, A.",,2019,Applied Geography,,10.1016/j.apgeog.2019.05.004,,1436228,30-38,108,https://linkinghub.elsevier.com/retrieve/pii/S0143622818310518,English,,,"Lubin, A.; Saleem, A. (2019.0). Remote sensing-based Mapping of the destruction to Aleppo during the Syrian Civil War between 2011 and 2017. nan. https://doi.org/10.1016/j.apgeog.2019.05.004","[
  {
    ""resourceId"": ""a61a7292-9747-40a1-855c-44fb7c8b1f6c"",
    ""resourceXresourceId"": """",
    ""ontologyProperty"": """",
    ""inverseOntologyProperty"": """"
  }
]",,2025-07-18,,,2025-07-18
00209bff-cd03-4a3c-8911-e1e99c623dcf,INFO-00000492,J7D4D2VX,Journal article,"The early oldowan stone-tool assemblage from fejej fj-1a, ethiopia","Barsky, Deborah; Chapon-Sao, Cécile; Bahain, Jean-Jacques; Beyene, Yonas; Cauche, Dominique; Celiberti, Vincenzo; Desclaux, Emmanuel; De Lumley, Henry; De Lumley, Marie-Antoinette; Marchal, François; Moullé, Pierre-Elie; Pleurdeau, David",,2011,Journal of African Archaeology,2,10.3213/2191-5784-10196,,"16121651, 21915784",207–224,9,https://brill.com/abstract/journals/jaa/9/2/article-p207_6.xml,,"Located in the Omo-Turkana basin at the northern limit of the Koobi Fora sedimentary Formation, the Fejej region has recently proven to be a rich study area for understanding early hominin behaviour and paleoenvironmental conditions. Among the rich fossiliferous and stone artefact localities discovered so far at Fejej, the FJ-1a archeological site has yielded a faunal and lithic assemblage in primary context. The archeological level is situated within a 15 meter fluvial sequence beneath a volcanic tuff. Geochronological data from the FJ-1 sequence indicate an age of nearly 1,9 Ma for the FJ-1a artefact level. The stone industry was knapped from locally available raw materials (mainly quartz and basalt) and rocks had been carefully selected according to specific petrographical and formal criterion. Hominins mastered several distinct stone knapping methods and used more or less exhaustive reduction sequences in order to produce small flakes. The different techniques used for stone reduction are defined in this paper thanks to a series of refits of flakes onto cores. Along with the refits, an in-depth analysis of the flakes, cores and worked pebbles provides an overview of the technological capacities of hominins present at the site nearly 2 million years ago. After the Fejej FJ-1a site was abandoned the archeological materials were rapidly buried, leaving an almost undisturbed archeological level. This site appears to represent a short episode of hominin occupation.",,"Barsky, Deborah; Chapon-Sao, Cécile; Bahain, Jean-Jacques; Beyene, Yonas; Cauche, Dominique; Celiberti, Vincenzo; Desclaux, Emmanuel; De Lumley, Henry; De Lumley, Marie-Antoinette; Marchal, François; Moullé, Pierre-Elie; Pleurdeau, David (2011.0). The Early Oldowan Stone-Tool Assemblage from Fejej FJ-1A, Ethiopia. nan. https://doi.org/10.3213/2191-5784-10196","[
  {
    ""resourceId"": ""a61a7292-9747-40a1-855c-44fb7c8b1f6c"",
    ""resourceXresourceId"": """",
    ""ontologyProperty"": """",
    ""inverseOntologyProperty"": """"
  }
]",,2026-04-10,,,2026-04-10
1a0d5aa3-0d5e-405b-ba6a-d5038e5c6c85,INFO-00000493,HB5PHSX3,Journal article,The lalibela rock hewn site and its landscape (ethiopia): an archaeological analysis,"Bosc-Tiessé, Claire; Derat, Marie-Laure; Bruxelles, Laurent; Fauvelle, François-Xavier; Gleize, Yves; Mensan, Romain",,2014,Journal of African Archaeology,2,10.3213/2191-5784-10261,,"1612-1651, 2191-5784",141–164,12,https://brill.com/view/journals/jaa/12/2/article-p141_2.xml,,"This article presents the methods employed at the site of Lalibela, Ethiopia during the 2009, 2010, 2011 and part of the 2012 campaigns, as well as the first results obtained. This site consists of a group of rock-cut churches attributed to the sovereign of the same name, King Lalibela, who we know to have reigned in the late 12th century and in the first third of the 13th century. Cut out of solid rock, Lalibela is an exceptional archaeological site since most of the traces of its early phases were eliminated in the process of its transformation. The site thus presents a significant challenge for historians and archaeologists. How is it possible to write its history without excavation? Geomorphological observations of the region offer new keys for understanding Lalibela; identification of the spoil heap, in which we discovered a clear stratigraphy confirming the existence of different cutting phases; the topographic and taphonomic analysis of the remains, and investigations in the cemetery of Qedemt, revealed that the site was formed in multiple phases, probably reflecting a long occupation sequence spanning at least eleven centuries (from the 10th to the 21st century).",,"Bosc-Tiessé, Claire; Derat, Marie-Laure; Bruxelles, Laurent; Fauvelle, François-Xavier; Gleize, Yves; Mensan, Romain (2014.0). The Lalibela Rock Hewn Site and Its Landscape (Ethiopia): An Archaeological Analysis. nan. https://doi.org/10.3213/2191-5784-10261","[
  {
    ""resourceId"": ""a61a7292-9747-40a1-855c-44fb7c8b1f6c"",
    ""resourceXresourceId"": """",
    ""ontologyProperty"": """",
    ""inverseOntologyProperty"": """"
  }
]",,2026-04-10,,,2026-04-10
4f48e99d-5fde-43e0-ab31-6c50bc87dc4e,INFO-00000494,C2I5NEDH,Journal article,"The fauna from the uno/bu excavations at bieta giyorgis (aksum) in tigray, northern ethiopia: campaigns 1995–2003; pre-aksumite, 700–400 bc to late aksumite, ad 800–1200","Chaix, Louis",,2013,Journal of African Archaeology,2,10.3213/2191-5784-10244,,"1612-1651, 2191-5784",211–241,11,https://brill.com/view/journals/jaa/11/2/article-p211_4.xml,,"The excavations of the joint mission of the University of Naples ‘L’Orientale’ and the Department of Archaeology at Boston University (USA) on the hill of Bieta Giyorgis at Aksum, Ethiopia, recovered numerous animal bones from various contexts dating from Pre-Aksumite to Late Aksumite levels, around 700 BC to AD 1200. The fauna is dominated by domestic mammals. Among them, cattle (Bos taurus and Bos indicus) are dominant. Age structure and butchering marks indicate an intense exploitation of these animals. Domestic caprines (sheep and goats) are also present. Their exploitation is focused on young individuals. Donkey, dog and domestic fowl were found in small numbers. Wild mammals are very rare. Long-distance contacts are illustrated by remains of marine fish and worked cowries from the Red Sea.",,"Chaix, Louis (2013.0). The Fauna from the UNO/BU Excavations at Bieta Giyorgis (Aksum) in Tigray, Northern Ethiopia: Campaigns 1995–2003; Pre-Aksumite, 700–400 BC to Late Aksumite, AD 800–1200. nan. https://doi.org/10.3213/2191-5784-10244","[
  {
    ""resourceId"": ""a61a7292-9747-40a1-855c-44fb7c8b1f6c"",
    ""resourceXresourceId"": """",
    ""ontologyProperty"": """",
    ""inverseOntologyProperty"": """"
  }
]",,2026-04-10,,,2026-04-10
2871ec54-09e5-4209-951c-f0cc163fd6cb,INFO-00000495,82HQ2FCB,Journal article,"The archaeology of social transformation in rural zanzibar, tanzania, from the eleventh through nineteenth centuries ce","Alders, Wolfgang",,2023,African Archaeological Review,4,10.1007/s10437-023-09523-y,,"0263-0338, 1572-9842",741-760,40,https://link.springer.com/10.1007/s10437-023-09523-y,English,,,"Alders, Wolfgang (2023.0). The archaeology of social transformation in rural Zanzibar, Tanzania, from the eleventh through nineteenth centuries CE. nan. https://doi.org/10.1007/s10437-023-09523-y","[
  {
    ""resourceId"": ""a61a7292-9747-40a1-855c-44fb7c8b1f6c"",
    ""resourceXresourceId"": """",
    ""ontologyProperty"": """",
    ""inverseOntologyProperty"": """"
  }
]",,2025-07-20,,,2025-07-20
40e0fdf8-89a3-405c-b555-9b438b13beec,INFO-00000496,9D25JHWU,Journal article,The batswana-boer war of 1852-53: how the batswana achieved victory,Ramsay Jeff,,1991,Botswana Notes & Records,1,10.10520/AJA052550590_916,,,193-207,23,,,,,Ramsay Jeff (1991.0). The Batswana-Boer War of 1852-53: how the Batswana achieved victory. nan. https://doi.org/10.10520/AJA052550590_916,"[
  {
    ""resourceId"": ""a61a7292-9747-40a1-855c-44fb7c8b1f6c"",
    ""resourceXresourceId"": """",
    ""ontologyProperty"": """",
    ""inverseOntologyProperty"": """"
  }
]",,2025-07-18,,,2025-07-18
5863a9e7-2368-4abf-8fe1-f7dddec6c184,INFO-00000497,H5LDIMC5,Book,The darfur sultanate: a history,"O'Fahey, Rex S",Hurst,2008,,,,978-1-85065-853-5,,,,,,,,"O'Fahey, Rex S (2008.0). The Darfur Sultanate: A History. Hurst.","[
  {
    ""resourceId"": ""a61a7292-9747-40a1-855c-44fb7c8b1f6c"",
    ""resourceXresourceId"": """",
    ""ontologyProperty"": """",
    ""inverseOntologyProperty"": """"
  }
]",,2025-07-18,,,2025-07-18
9b74cc6b-76b8-4e95-95d4-6f5632a873b1,INFO-00000498,LCAXZFI4,Journal article,"Tellem, reconnaissance archéologique d'une culture de l'ouest africain au moyen-age: la poterie","Bedaux, Rogier; Lange, A.G.",,1983,Journal des Africanistes,,,,,005-59,53,https://www.persee.fr/doc/jafr_0399-0346_1983_num_53_1_2037,,,,"Bedaux, Rogier; Lange, A.G. (1983.0). Tellem, reconnaissance archéologique d'une culture de l'ouest africain au Moyen-Age: la poterie. nan. https://www.persee.fr/doc/jafr_0399-0346_1983_num_53_1_2037","[
  {
    ""resourceId"": ""a61a7292-9747-40a1-855c-44fb7c8b1f6c"",
    ""resourceXresourceId"": """",
    ""ontologyProperty"": """",
    ""inverseOntologyProperty"": """"
  }
]",,2025-07-18,,,2025-07-18
aa77ac89-5425-481a-913d-6d40abda23d9,INFO-00000499,ET3FYC5U,Journal article,The malian lakes region redefined: archaeological survey of the gorbi valley,"Coutros, Peter R.",,2017,Antiquity,356,10.15184/aqy.2017.30,,"0003-598X, 1745-1744",474-489,91,https://www.cambridge.org/core/journals/antiquity/article/malian-lakes-region-redefined-archaeological-survey-of-the-gorbi-valley/130FA79106C62F9C5B1FAAC9C8E6AAAE,English,", The Malian Lakes Region of West Africa has long been overlooked in favour of better-known basins of the Niger River. New archaeological survey of this region, however, shows a history far more complex than had previously been thought, with settlement mounds and multiple phases of migration and eventual abandonment in a landscape of shifting power structures between the first millennium BC and second millennium AD. With the establishment of a relative chronology, the archaeology of this region now holds great potential for a better understanding of the broader cultural history of the Ghana Empire.",,"Coutros, Peter R. (2017.0). The Malian Lakes Region redefined: archaeological survey of the Gorbi Valley. nan. https://doi.org/10.15184/aqy.2017.30","[
  {
    ""resourceId"": ""a61a7292-9747-40a1-855c-44fb7c8b1f6c"",
    ""resourceXresourceId"": """",
    ""ontologyProperty"": """",
    ""inverseOntologyProperty"": """"
  }
]",,2025-07-18,,,2025-07-18
0f766125-09ce-43b0-941f-e67080939389,INFO-00000500,68MIJIAQ,Journal article,The archaeology of post medieval timbuktu,"Insoll, Timothy",,2001,Sahara: Prehistory and History of the Sahara,,,,,007-22,13,,,,,"Insoll, Timothy (2001.0). The archaeology of post medieval Timbuktu. nan.","[
  {
    ""resourceId"": ""a61a7292-9747-40a1-855c-44fb7c8b1f6c"",
    ""resourceXresourceId"": """",
    ""ontologyProperty"": """",
    ""inverseOntologyProperty"": """"
  }
]",,2025-07-18,,,2025-07-18
ccde17ce-8ff3-4638-a016-f02b076a698c,INFO-00000501,L2LSPJV5,Thesis,The archaeology of early islamic trans-saharan trading towns in west africa: a comparative view and progressive methodology from the entrepot of essouk-tadmekka,"Nixon, Sam","University of London, University College London (United Kingdom)",2008,,,,978-1-303-34910-2,,,,https://www.proquest.com/docview/1426949035/abstract/5429E23433B24CDEPQ/1,English,"This Thesis reassesses the Early Islamic Trans-Saharan Trade primarily via archaeological data from the northern Sahel of West Africa. Specifically, it focuses on the trading entrepots which developed on the southern fringes of the Sahara during the Early Islamic period. This research was motivated by the recognition that historical sources, while offering useful insights into Trans-Saharan commerce, are unable to answer certain key questions due to inherent limitations in source material. Additionally, although previous archaeology at the entrepot sites has provided useful data, its analytical application has been limited. This is largely because most relevant archaeological work was done 30 or more years ago and was technologically or methodologically limited in aspects of artifactual analysis and dating. It was therefore decided that our understanding of entrepot archaeology would be best served by a new field project. Accordingly, excavation and surface collection was undertaken at the previously untested entrepot site of Essouk-Tadmekka in northern Mali. The results from Essouk provide a new perspective on the Early Islamic Trans-Saharan Trade process and make the following important contributions to research on Trans-Saharan commerce: 1) new evidence that large-scale trade was earlier than traditionally believed (c. 750-950AD) as well as fresh data on the nature of the 10th/early 11th century 'trade boom' 2) greater insight into the changing socio-economic history of the entrepot system, demonstrating specifically that the Almoravid era (c. 1050-1140AD) inaugurated a profound shift in the organization of trade, and also showing how there was a final alteration and disruption of the 'Essouk' system by the arrival of new Berber groups (c. 1300-1400AD) 3) better understanding of the movement of Trans-Saharan commodities and their archaeological correlates, including new evidence relevant to the gold trade (coin moulds) and new ways of interpreting the flow of Trans-Saharan Trade (e.g. via in-depth analyses of notionally 'local' ceramic traditions).",Database copyright ProQuest LLC; ProQuest does not claim copyright in the individual underlying works.,"Nixon, Sam (2008.0). The archaeology of Early Islamic Trans-Saharan trading towns in West Africa: a comparative view and progressive methodology from the entrepot of Essouk-Tadmekka. University of London, University College London (United Kingdom). https://www.proquest.com/docview/1426949035/abstract/5429E23433B24CDEPQ/1","[
  {
    ""resourceId"": ""a61a7292-9747-40a1-855c-44fb7c8b1f6c"",
    ""resourceXresourceId"": """",
    ""ontologyProperty"": """",
    ""inverseOntologyProperty"": """"
  }
]",,2025-07-18,,,2025-07-18
fa0be6dc-ee74-4312-b288-8b1b1d310b27,INFO-00000502,5DPPDEB9,Book,The archaeology of island in sub-saharan africa,"Insoll, Timothy",Cambridge University Press,2003,,,,0 521 65702 4,,,,,English,,,"Insoll, Timothy (2003.0). The Archaeology of Island in sub-Saharan Africa. Cambridge University Press.","[
  {
    ""resourceId"": ""a61a7292-9747-40a1-855c-44fb7c8b1f6c"",
    ""resourceXresourceId"": """",
    ""ontologyProperty"": """",
    ""inverseOntologyProperty"": """"
  }
]",,2025-07-18,,,2025-07-18
ba35c6ad-4501-406e-956e-6c97013aa1f3,INFO-00000503,5ENL5NTA,Book section,The ottomans in northeast africa,"Peacock, A. C. S.",,2018,Oxford Research Encyclopedia of African History,,10.1093/acrefore/9780190277734.013.190,978-0-19-027773-4,,,,https://oxfordre.com/africanhistory/display/10.1093/acrefore/9780190277734.001.0001/acrefore-9780190277734-e-190,English,"""The Ottomans in Northeast Africa"" published on  by Oxford University Press.",,"Peacock, A. C. S. (2018.0). The Ottomans in Northeast Africa. nan. https://doi.org/10.1093/acrefore/9780190277734.013.190","[
  {
    ""resourceId"": ""a61a7292-9747-40a1-855c-44fb7c8b1f6c"",
    ""resourceXresourceId"": """",
    ""ontologyProperty"": """",
    ""inverseOntologyProperty"": """"
  }
]",,2025-07-18,,,2025-07-18
ab736088-99c0-48f5-b5e8-d557010d6908,INFO-00000504,LR5TZSKQ,Journal article,The archaeology of complexity and cosmopolitanism in medieval ethiopia: an introduction,"Insoll, Timothy",,2021,Antiquity,380,10.15184/aqy.2020.168,,"0003-598X, 1745-1744",450-466,95,https://www.cambridge.org/core/journals/antiquity/article/archaeology-of-complexity-and-cosmopolitanism-in-medieval-ethiopia-an-introduction/4F3CD1227F4A53E7732F4DAD9BE21F30,English,", Archaeology increasingly attests the complex and cosmopolitan nature of societies in medieval Ethiopia (c. seventh to early eighteenth centuries AD). Without negating the existence of relations of dominance and periods of isolation, key emergent themes of such research are pluralism and interaction. Four religious traditions are relevant to this theme: Islam, Judaism, Christianity and Indigenous religions. This article introduces a special section of contributions on medieval Ethiopia and sets the scheme by highlighting the temporality of cosmopolitanism as episodic rather than continuous. The following articles address varied aspects of this cosmopolitanism, identifying issues of general relevance for studies of the archaeology of religion, as well as the need for further research in Ethiopia.",,"Insoll, Timothy (2021.0). The archaeology of complexity and cosmopolitanism in medieval Ethiopia: an introduction. nan. https://doi.org/10.15184/aqy.2020.168","[
  {
    ""resourceId"": ""a61a7292-9747-40a1-855c-44fb7c8b1f6c"",
    ""resourceXresourceId"": """",
    ""ontologyProperty"": """",
    ""inverseOntologyProperty"": """"
  }
]",,2025-07-18,,,2025-07-18
e8f1e3ae-473c-4ae3-9845-a704864d9add,INFO-00000505,YWDJVYY2,Book,The nubian past: an archaeology of the sudan,"Edwards, David N.",Routledge,2004,,,10.4324/9780203482766,978-0-203-48276-6,,,,,,"This cutting-edge synThesis of the archaeology of Nubia and Sudan from prehistory to the nineteenth century AD is the first major work on this area for over three decades. Drawing on results of the latest research and developing new interpretive frameworks, the area which has produced the most spectacular archaeology in sub-Saharan Africa is examined here by an author with extensive experience in this field.The geographical range of the Book extends through the Nubian north, the Middle Nile Basin, and includes what has become the modern Sudan. Using period-based chapters, the region's long-term history is traced and a potential for a more broadly framed and inclusive 'historical archaeology' of Sudan's more recent past is explored.This text breaks new ground in its move beyond the Egyptocentric and more traditional culture-histories of Nubia, often isolated in Africanist research, and it relocates the early civilizations and their archaeology within their Sudanic Africa context.  This is a captivating study of the area's history, and will inform and enthral all students and researchers of Archaeology and Egyptology.",,"Edwards, David N. (2004.0). The Nubian Past: An Archaeology of the Sudan. Routledge. https://doi.org/10.4324/9780203482766","[
  {
    ""resourceId"": ""a61a7292-9747-40a1-855c-44fb7c8b1f6c"",
    ""resourceXresourceId"": """",
    ""ontologyProperty"": """",
    ""inverseOntologyProperty"": """"
  }
]",,2025-07-18,,,2025-07-18
bfd5b533-53a2-4c0f-9043-52e21053a00a,INFO-00000506,YABU4DVJ,Journal article,"The development of ancient states in the northern horn of africa, c. 3000 bc–ad 1000: an archaeological outline","Fattovich, Rodolfo",,2010,Journal of World Prehistory,3,10.1007/s10963-010-9035-1,,1573-7802,145-175,23,https://doi.org/10.1007/s10963-010-9035-1,English,"Beginning in the 3rd millennium BC, complex societies and states arose in the northern Horn of Africa. This process culminated with the development of the Kingdom of Aksum in northern Ethiopia and Eritrea in the 1st millennium AD. The development of these polities can be outlined in principle on the basis of the archaeological evidence. The process consisted of at least two distinct trajectories to social complexity, indirectly related to each other in the Eritrean–Sudanese lowlands and the Eritrean–Ethiopian highlands, respectively, with a shift in the location of complex societies from the lowlands to the highlands in the early 1st millennium BC. This shift was due to changes in the general pattern of interregional contacts between the regions facing the Mediterranean Sea and Indian Ocean along the Nile Valley, Red Sea and western Arabia from the 4th millennium BC to the 1st millennium AD.",,"Fattovich, Rodolfo (2010.0). The Development of Ancient States in the Northern Horn of Africa, c. 3000 BC–AD 1000: An Archaeological Outline. nan. https://doi.org/10.1007/s10963-010-9035-1","[
  {
    ""resourceId"": ""a61a7292-9747-40a1-855c-44fb7c8b1f6c"",
    ""resourceXresourceId"": """",
    ""ontologyProperty"": """",
    ""inverseOntologyProperty"": """"
  }
]",,2025-07-18,,,2025-07-18
c82655bd-645e-4613-95f4-63249bea3f33,INFO-00000507,BY83RYRZ,Book,The oxford handBook of ancient nubia,"Emberling, Geoff; Williams, Bruce",Oxford University Press,2021,,,,978-0-19-049627-2,,,,,English,"The cultures of Nubia built the earliest cities, states, and empires of inner Africa, but they remain relatively poorly known outside their modern descendants and the community of archaeologists, historians, and art historians researching them. The earliest archaeological work in Nubia was motivated by the region's role as neighbor, trade partner, and enemy of ancient Egypt. Increasingly, however, ancient Nile-based Nubian cultures are recognized in their own right as the earliest complex societies in inner Africa. As agro-pastoral cultures, Nubian settlement, economy, political organization, and religious ideologies were often organized differently from those of the urban, bureaucratic, and predominantly agricultural states of Egypt and the ancient Near East. Nubian societies are thus of great interest in comparative study, and are also recognized for their broader impact on the histories of the eastern Mediterranean and the Near East. The Oxford HandBook of Ancient Nubia brings together chapters by an international group of scholars on a wide variety of topics that relate to the history and archaeology of the region. After important introductory chapters on the history of research in Nubia and on its climate and physical environment, the largest part of the volume focuses on the sequence of cultures that lead almost to the present day. Several cross-cutting themes are woven through these chapters, including essays on desert cultures and on Nubians in Egypt. Eleven final chapters synthesize subjects across all historical phases, including gender and the body, economy and trade, landscape archaeology, iron working, and stone quarrying.",,"Emberling, Geoff; Williams, Bruce (2021.0). The Oxford HandBook of Ancient Nubia. Oxford University Press.","[
  {
    ""resourceId"": ""a61a7292-9747-40a1-855c-44fb7c8b1f6c"",
    ""resourceXresourceId"": """",
    ""ontologyProperty"": """",
    ""inverseOntologyProperty"": """"
  }
]",,2025-07-18,,,2025-07-18
1a8f494e-1bc3-447b-85b6-e3e1732cb3bf,INFO-00000508,DTTPR6W5,Book,"The medieval kingdoms of nubia: pagans, christians and muslims along the middle nile","Welsby, Derek A. 1956-",The British Museum Press,2002,,,,978-0-7141-1947-2,,,,,,,,"Welsby, Derek A. 1956- (2002.0). The medieval kingdoms of Nubia: Pagans, Christians and Muslims along the Middle Nile. The British Museum Press.","[
  {
    ""resourceId"": ""a61a7292-9747-40a1-855c-44fb7c8b1f6c"",
    ""resourceXresourceId"": """",
    ""ontologyProperty"": """",
    ""inverseOntologyProperty"": """"
  }
]",,2025-07-18,,,2025-07-18
09bfeecc-bbdc-4674-a2c2-8831159a502b,INFO-00000509,JCVZFQIJ,Thesis,"Territories, fortresses, and shifting towns: archaeological landscapes of the upper casamance (senegal), 7th-19th c","Canós Donnay, Sirio",UCL (University College London),2016,,,,,,,,https://discovery.ucl.ac.uk/id/eprint/1496875/,,,,"Canós Donnay, Sirio (2016.0). Territories, fortresses, and shifting towns: archaeological landscapes of the Upper Casamance (Senegal), 7th-19th C. UCL (University College London). https://discovery.ucl.ac.uk/id/eprint/1496875/","[
  {
    ""resourceId"": ""a61a7292-9747-40a1-855c-44fb7c8b1f6c"",
    ""resourceXresourceId"": """",
    ""ontologyProperty"": """",
    ""inverseOntologyProperty"": """"
  }
]",,2025-07-18,,,2025-07-18
203808eb-ba08-4431-8c5f-f1255cbf3428,INFO-00000510,Y4BAIBUL,Thesis,The archaeological identity of the mutapa state: towards an historical archaeology of northern zimbabwe,"Pikirayi, Innocent",Uppsala University,1994,,,,,,,,,,,,"Pikirayi, Innocent (1994.0). The archaeological identity of the Mutapa State: Towards an historical archaeology of northern Zimbabwe. Uppsala University.","[
  {
    ""resourceId"": ""a61a7292-9747-40a1-855c-44fb7c8b1f6c"",
    ""resourceXresourceId"": """",
    ""ontologyProperty"": """",
    ""inverseOntologyProperty"": """"
  }
]",,2025-07-18,,,2025-07-18
aeeaf8ed-ca5f-4820-990c-1212edc4c9cb,INFO-00000511,AS7AW5R3,Book section,The late iron age,"Van Waarden, Catrien",Pula Press,1998,Ditswa Mmung: The Archaeology of Botswana,,,99912 60 39 0,,,,,,,,"Van Waarden, Catrien (1998.0). The Late Iron Age. Pula Press.","[
  {
    ""resourceId"": ""a61a7292-9747-40a1-855c-44fb7c8b1f6c"",
    ""resourceXresourceId"": """",
    ""ontologyProperty"": """",
    ""inverseOntologyProperty"": """"
  }
]",,2025-07-18,,,2025-07-18
06ada833-dca6-4d84-bcf7-7105c3ee83ff,INFO-00000512,YVDUNXV2,Thesis,The early settlement of the northern swahili coast,"Horton, Mark",University of Cambridge,1984,,,,,,,,,,,,"Horton, Mark (1984.0). The Early Settlement of the Northern Swahili Coast. University of Cambridge.","[
  {
    ""resourceId"": ""a61a7292-9747-40a1-855c-44fb7c8b1f6c"",
    ""resourceXresourceId"": """",
    ""ontologyProperty"": """",
    ""inverseOntologyProperty"": """"
  }
]",,2025-07-18,,,2025-07-18
f8d32255-2fe0-4fa8-a08b-8bbbde12ab52,INFO-00000513,XGB32JI6,Book section,The archaeology of pastoralism and stock-keeping in east africa,"Lane, Paul J.",Oxford University Press,2013,The Oxford HandBook of African Archaeology,,10.1093/oxfordhb/9780199569885.013.0040,978-0-19-956988-5,,0,,https://doi.org/10.1093/oxfordhb/9780199569885.013.0040,,"The history of pastoralism and stock-keeping in East Africa extends over some 4,500–5,000 years, during which time a diverse range of herd management strategies and settlement systems were followed by an equally diverse range of ethnic groups and pastoralist societies. The historical record documents several examples of mobile stock herders becoming sedentary farmers and agropastoralists, hunter-gatherers acquiring livestock and adopting a pastoralist lifestyle and the cultural traditions of their pastoralist neighbours and impoverished pastoralists becoming either temporary or longer-term foragers. This article examines the Lake Turkana region, the Central and Southern Rift Valley, and the Pastoral Iron Age. Archaeological evidence, especially if coupled with palaeoenvironmental data, and that of population genetics and historical linguistics, offers an excellent means of tracking how varied these pastoralist economies and cultures have been and when, where, and why they have changed.",,"Lane, Paul J. (2013.0). The Archaeology of Pastoralism and             Stock-Keeping in East Africa. Oxford University Press. https://doi.org/10.1093/oxfordhb/9780199569885.013.0040","[
  {
    ""resourceId"": ""a61a7292-9747-40a1-855c-44fb7c8b1f6c"",
    ""resourceXresourceId"": """",
    ""ontologyProperty"": """",
    ""inverseOntologyProperty"": """"
  }
]",,2025-07-18,,,2025-07-18
e49b2ce1-ce9f-4a85-8bbf-cd7e5eed8f0e,INFO-00000514,SL84DYYU,Book section,The introduction of pastoral adaptations to the highlands of east africa,"Ambrose, Stanley H.",University of California Press,1984,From hunters to farmers: the causes and consequences of food production in Africa,,,0-520-04574-2,,212-239,,,,,,"Ambrose, Stanley H. (1984.0). The introduction of pastoral adaptations to the highlands of East Africa. University of California Press.","[
  {
    ""resourceId"": ""a61a7292-9747-40a1-855c-44fb7c8b1f6c"",
    ""resourceXresourceId"": """",
    ""ontologyProperty"": """",
    ""inverseOntologyProperty"": """"
  }
]",,2025-07-18,,,2025-07-18
a93a5b1e-eb27-4772-8729-c1b406f1bbf3,INFO-00000515,R5PH5BGI,Book,The neolithic of the middle nile region: an archeology of central sudan and nubia,"Sadig, Azhari Mustafa",Fountain Publishers,2010,,,,978-9970-25-000-4,,,,https://bora.uib.no/bora-xmlui/handle/1956/3988,English,"The basic objective of this Book is to develop earlier studies, in the light of comprehensive new data which has been found in the last 40 years in the Middle Nile Region. The Book provides a summary and interpretation of the archaeological evidence of the Neolithic of the region through a theoretical and practical approach to subsistence, economy and settlement patterns. At the same time, the current Book is turned to students or scholars interested in Neolithic, trying to offer an updated but necessarily brief framework of knowledge of Neolithic of the Middle Nile Region. It is written for the non-specialist; however it will also be useful for those archaeologists who, whilst interest in Neolithic because they read about it during the course of their study, only have a basic understanding of the major aspects and approaches by which Neolithic is studied.",Copyright Azhari Mustafa Sadig. All rights reserved.,"Sadig, Azhari Mustafa (2010.0). The Neolithic of the Middle Nile Region: An Archeology of Central Sudan and Nubia. Fountain Publishers. https://bora.uib.no/bora-xmlui/handle/1956/3988","[
  {
    ""resourceId"": ""a61a7292-9747-40a1-855c-44fb7c8b1f6c"",
    ""resourceXresourceId"": """",
    ""ontologyProperty"": """",
    ""inverseOntologyProperty"": """"
  }
]",,2025-07-18,,,2025-07-18
6c5cbea9-52fa-43a7-bef1-cd40c095e02d,INFO-00000516,PET2UZR8,Journal article,The neolithic and ‘pastoralism’ along the nile: a dissenting view,"Salvatori, Sandro; Usai, Donatella",,2019,Journal of World Prehistory,3,10.1007/s10963-019-09132-1,,1573-7802,251-285,32,https://doi.org/10.1007/s10963-019-09132-1,English,"A largely accepted paradigm in African recent prehistory considers pastoralism to be the main subsistence source of food-producing communities along the Sudanese Nile valley from the 6th millennium cal BC onwards. This paradigm is constraining the development of a wider theoretical perspective that assumes, instead, a regionally differentiated picture of the economic and social organisation of local communities in northeastern Africa. This paradigm is thus the strongest impediment to achieving reliable and convincing syntheses of the transition from food collection to food production in this area. New data from Upper Nubia and central Sudan open the way for different and more complex scenarios and a new understanding of the local transition from agro-pastoral to agricultural practices. A more systematic data-based approach helps to change radically our perception of different Neolithic trajectories. Moreover, it helps to place in a different perspective—based on various levels of identity formation processes—change and continuity along the chrono-cultural sequence, as well as the different meanings that each local group confers on apparently similar acts in the context of the funerary ideology.",,"Salvatori, Sandro; Usai, Donatella (2019.0). The Neolithic and ‘Pastoralism’ Along the Nile: A Dissenting View. nan. https://doi.org/10.1007/s10963-019-09132-1","[
  {
    ""resourceId"": ""a61a7292-9747-40a1-855c-44fb7c8b1f6c"",
    ""resourceXresourceId"": """",
    ""ontologyProperty"": """",
    ""inverseOntologyProperty"": """"
  }
]",,2025-07-18,,,2025-07-18
61a891a8-5ac8-4b12-b582-f363b51dd9fb,INFO-00000517,6MQ3ISHR,Book,The archaeology of ethiopia,"Finneran, Niall",Routledge,2007,,,10.4324/9780203821183,978-0-429-23647-1,,,,,,"This Book provides the first truly comprehensive multi-period study of the archaeology of Ethiopia, surveying the country's history, detailing the discoveries from the late Stone Age, including the famous 'Lucy' and moving onto the emergence of food production, prehistoric rock art and an analysis of the increasing social complexity that can be obs",,"Finneran, Niall (2007.0). The Archaeology of Ethiopia. Routledge. https://doi.org/10.4324/9780203821183","[
  {
    ""resourceId"": ""a61a7292-9747-40a1-855c-44fb7c8b1f6c"",
    ""resourceXresourceId"": """",
    ""ontologyProperty"": """",
    ""inverseOntologyProperty"": """"
  }
]",,2025-07-18,,,2025-07-18
1782ae53-3ef9-4bc4-9825-135c1dc27d7f,INFO-00000518,3A5PMXJ6,Journal article,The aterian and its place in the north african middle stone age,"Scerri, Eleanor M. L.",,2013,Quaternary International,,10.1016/j.quaint.2012.09.008,,1040-6182,111-130,300,https://www.sciencedirect.com/science/article/pii/S1040618212031813,,"The Aterian is a frequently cited manifestation of the Middle Stone Age (MSA) of North Africa, yet its character and meaning have remained largely opaque, as attention has focused almost exclusively on the typology of ‘tanged’, or ‘pedunculated’, lithics. Observations of technological similarities between the Aterian and other regional technocomplexes suggest that the Aterian should be considered within the wider context of the North African MSA and not as an isolated phenomenon. This paper critically reviews the meaning and history of research of the Aterian. This highlights a number of serious issues with definitions and interpretations of this technocomplex, ranging from a lack of definitional consensus to problems with the common view of the Aterian as a ‘desert adaptation’. Following this review, the paper presents the results of a quantitative study of six North African MSA assemblages (Aterian, Nubian Complex and ‘MSA’). Correspondence and Principal Components Analyses are applied, which suggest that the patterns of similarity and difference demonstrated do not simplistically correlate with traditional divisions between named industries. These similarity patterns are instead structured geographically and it is suggested that they reflect a population differentiation that cannot be explained by isolation and distance alone. Particular results include the apparent uniqueness of Haua Fteah compared to all the other assemblages and the observation that the Aterian in northeast Africa is more similar to the Nubian in that region than to the Aterian in the Maghreb. The study demonstrates the existence of population structure in the North African MSA, which has important implications for the evolutionary dynamics of modern human dispersals.",,"Scerri, Eleanor M. L. (2013.0). The Aterian and its place in the North African Middle Stone Age. nan. https://doi.org/10.1016/j.quaint.2012.09.008","[
  {
    ""resourceId"": ""a61a7292-9747-40a1-855c-44fb7c8b1f6c"",
    ""resourceXresourceId"": """",
    ""ontologyProperty"": """",
    ""inverseOntologyProperty"": """"
  }
]",,2025-07-18,,,2025-07-18
5dea0535-d65b-4cfe-874d-e228f1ef9d58,INFO-00000519,TK7CFDZY,Journal article,The earlier stone age of southern africa,"Klein, Richard G.",,2000,The South African Archaeological Bulletin,172,10.2307/3888960,,381969,107,55,https://www.jstor.org/stable/3888960?origin=crossref,English,"The Earlier Stone Age (ESA) of southern Africa comprises two culture-stratigraphic units-the Oldowan Tradition between roughly 2 and 1. 7-1.5 million years (my) ago and the Acheulean Tradition between 1. 7-1.5 my ago and 250200 thousand years ago. The Acheulean is distinguished from the Oldowan mainly by the addition of handaxes, cleavers, and other large bifacial tools. Only about 20 sealed ESA sites are known in southern Africa, and all but 3 or 4 probably postdate I my ago. Surface occurrences are far more abundant, and together with the sealed sites, they suggest that ESA people colonised the cooler, southern and drier, western regions of southern Africa only after I my ago. Artefacts appear to have changed slowly during the long Acheulean time span, but later Acheulean bifaces are often conspicuously thinner, more symmetrical, and more extensively trimmed than earlier ones, and later Acheulean flake tools closely anticipate those of the succeeding Middle Stone Age. No southern African ESA site has provided unequivocal evidence for structural modification or for mastery offire, and local Acheulean people seem to have obtained relatively few large mammals, whether by hunting or scavenging. The probable reason was limited technology and an apparent consequence was low population density. Rare human fossils confirm that southern African ESA people were members of the evolving genus Homo, and some may have been on or near the line to modern Homo sapiens.",,"Klein, Richard G. (2000.0). The Earlier Stone Age of Southern Africa. nan. https://doi.org/10.2307/3888960","[
  {
    ""resourceId"": ""a61a7292-9747-40a1-855c-44fb7c8b1f6c"",
    ""resourceXresourceId"": """",
    ""ontologyProperty"": """",
    ""inverseOntologyProperty"": """"
  }
]",,2025-07-18,,,2025-07-18
0577d617-7f27-426b-a815-f6750228bf0d,INFO-00000520,G489HWTJ,Book section,The palaeolithic / stone age,"Usai, Donatella",De Gruyter,2019,HandBook of Ancient Nubia,,,978-3-11-042038-8,,155-170,,https://www.degruyterbrill.com/document/doi/10.1515/9783110420388-008/pdf?licenseType=restricted,English,,,"Usai, Donatella (2019.0). The Palaeolithic / Stone Age. De Gruyter. https://www.degruyterbrill.com/document/doi/10.1515/9783110420388-008/pdf?licenseType=restricted","[
  {
    ""resourceId"": ""a61a7292-9747-40a1-855c-44fb7c8b1f6c"",
    ""resourceXresourceId"": """",
    ""ontologyProperty"": """",
    ""inverseOntologyProperty"": """"
  }
]",,2025-07-18,,,2025-07-18
c8c0d800-7dff-4591-b42c-4bcf8fcecc6c,INFO-00000521,ECTQ7XMY,Journal article,The khormusan: evidence for an msa east african industry in nubia,"Goder-Goldberger, Mae",,2013,Quaternary International,,10.1016/j.quaint.2012.11.031,,1040-6182,182-194,300,https://www.sciencedirect.com/science/article/pii/S1040618212033423,,"There is clear evidence of lithic technological variability in Middle Paleolithic (MP) assemblages along the Nile valley and in adjacent desert areas. One of the identified variants is the Khormusan, the type-site of which, Site 1017, is located north of the Nile's Second Cataract. The industry has two distinctive characteristics that set it apart from other MP industries within its vicinity. One is the use of a wide variety of raw materials; the second is an apparent correlation between raw material and technology used, suggesting a cultural aspect to raw material management. Stratigraphically, site 1017 is situated within the Dibeira-Jer formation which represents an aggradation stage of the Nile and contains sediments originating from the Ethiopian Highlands. While it has previously been suggested that the site dates to sometime before 42.5 ka, the Dibeira-Jer formation can plausibly be correlated with Nile alluvial sediments in northern Sudan recently dated to 83 ± 24 ka (MIS 5a). This stage coincides with the 81 ka age of sapropel S3, indicating higher Nile flow and stronger monsoon rainfall at these times. Other sites which reflect similar raw material variability and technological traditions are the BNS and KHS sites in the Omo Kibish Formation (Ethiopia) dated to ∼100 ka and ∼190 ka respectively. Based on a lithic comparative study conducted, it is suggested that site 1017 can be seen as representing behavioral patterns which are indicative of East African Middle Stone Age (MSA) technology, adding support to the hypoThesis that the Nile Valley was an important dispersal route used by modern humans prior to the long cooling and dry trend beginning with the onset of MIS 4. Techo-typological comparison of the assemblages from the Khormusan sites with other Middle Paleolithic sites from Nubia and East Africa is used to assess the possibility of tracing the dispersal of technological traits across the landscape and through time.",,"Goder-Goldberger, Mae (2013.0). The Khormusan: Evidence for an MSA East African industry in Nubia. nan. https://doi.org/10.1016/j.quaint.2012.11.031","[
  {
    ""resourceId"": ""a61a7292-9747-40a1-855c-44fb7c8b1f6c"",
    ""resourceXresourceId"": """",
    ""ontologyProperty"": """",
    ""inverseOntologyProperty"": """"
  }
]",,2025-07-18,,,2025-07-18
7ead6c0b-8238-40cb-90f4-db7beb0ff6bc,INFO-00000522,DG87WIQ9,Journal article,"The karari industry: early pleistocene archaeological evidence from the terrain east of lake turkana, kenya","Harris, John W. K.; Isaac, Glynn",Nature Publishing Group,1976,Nature,5564,10.1038/262102a0,,1476-4687,102-107,262,https://www.nature.com/articles/262102a0,English,"Information concerning the technology, land-use patterns and activities of early hominids is being recovered from the Upper Member of the Koobi Fora Formation. The term Karari Industry is proposed for a distinctive local series of artefact assemblages that date to the period between 1.2 and 1.6 Myr BP.",1976 Springer Nature Limited,"Harris, John W. K.; Isaac, Glynn (1976.0). The Karari Industry: Early Pleistocene archaeological evidence from the terrain east of Lake Turkana, Kenya. Nature Publishing Group. https://doi.org/10.1038/262102a0","[
  {
    ""resourceId"": ""a61a7292-9747-40a1-855c-44fb7c8b1f6c"",
    ""resourceXresourceId"": """",
    ""ontologyProperty"": """",
    ""inverseOntologyProperty"": """"
  }
]",,2025-07-18,,,2025-07-18
a02118f8-56f4-4997-a885-a1a4fda31ee1,INFO-00000523,Q4U7VTLQ,Journal article,"The emergence, spread, and termination of the early later stone age event in south africa and southern namibia","Bousman, C. Britt; Brink, James S.",,2018,Quaternary International,,10.1016/j.quaint.2017.11.033,,1040-6182,116-135,495,https://www.sciencedirect.com/science/article/pii/S1040618217309771,,"This paper provides an interpretation of the chronology of the Early Later Stone Age (Early LSA) in South Africa and Southern Namibia. The Early LSA tradition first appears in Africa at Border Cave between ∼46 and 44ka, and in Southern Africa this tradition slowly appears to the west, replacing groups producing Middle Stone Age (MSA) technologies. In this region, the latest transformation from MSA to Early LSA occurs in southern Namibia between 25 and 23ka and perhaps in secluded areas in the interior as late as 21ka. The timing and causes of this dispersion are poorly understood. The transition from Early LSA technologies to the Robberg Industry appears to be a rapid sub-continental wide cultural transformation.",,"Bousman, C. Britt; Brink, James S. (2018.0). The emergence, spread, and termination of the Early Later Stone Age event in South Africa and southern Namibia. nan. https://doi.org/10.1016/j.quaint.2017.11.033","[
  {
    ""resourceId"": ""a61a7292-9747-40a1-855c-44fb7c8b1f6c"",
    ""resourceXresourceId"": """",
    ""ontologyProperty"": """",
    ""inverseOntologyProperty"": """"
  }
]",,2025-07-18,,,2025-07-18
3079a658-7b36-44d0-a235-1c9316bacba8,INFO-00000524,JQ6I8CFG,Book,The later stone age of southernmost africa,"Deacon, Janette",BAR Publishing,1984,,,,978-0-86054-276-6,,,,,English,,,"Deacon, Janette (1984.0). The Later Stone Age of Southernmost Africa. BAR Publishing.","[
  {
    ""resourceId"": ""a61a7292-9747-40a1-855c-44fb7c8b1f6c"",
    ""resourceXresourceId"": """",
    ""ontologyProperty"": """",
    ""inverseOntologyProperty"": """"
  }
]",,2025-07-18,,,2025-07-18
8924ac67-ab3f-4339-b4ca-fb047843c3b1,INFO-00000525,G6F9XQFA,Journal article,The archaeological evidence for the appearance of pastoralism and farming in southern africa,"Lander, Faye; Russell, Thembi",Public Library of Science,2018,PLOS ONE,6,10.1371/journal.pone.0198941,,1932-6203,e0198941,13,https://journals.plos.org/plosone/article?id=10.1371/journal.pone.0198941,English,"This paper is a response to the growing reference to archaeological evidence by linguists and geneticists interested in the spread of early farmers and pastoralists in southern Africa. It presents two databases. The first contains the archaeological evidence for pastoralism and farming in southern Africa, for the period 550 BC to AD 1050. This is the first time that the seven different types of archaeological evidence that have traditionally been used to identify both spread events are presented together at this scale. This was stimulated by our interest in investigating the antiquity of an early ‘Iron Age package’ relative to the spread of single archaeological traits. The analysis shows that the package appears approximately 700 years after sites containing pottery, cattle and sheep, without agriculture, appear in the drier parts of the sub-continent. It post-dates the appearance of earlier sites with pottery associated with farmers, metal-working and cultivation in the eastern half of the sub-continent. While poor preservation undoubtedly explains the absence of some parts of the package, the analysis suggests that other explanations should be considered. The second database is a quantitative, spatial study of archaeological publications on southern African farming and pastoralism for the period 1950 to 2016, covering the same geographical area and archaeological timeframe. This is presented as a proxy for research-intensive areas in attempt to show the gaps in archaeological fieldwork and knowledge.",,"Lander, Faye; Russell, Thembi (2018.0). The archaeological evidence for the appearance of pastoralism and farming in southern Africa. Public Library of Science. https://doi.org/10.1371/journal.pone.0198941","[
  {
    ""resourceId"": ""a61a7292-9747-40a1-855c-44fb7c8b1f6c"",
    ""resourceXresourceId"": """",
    ""ontologyProperty"": """",
    ""inverseOntologyProperty"": """"
  }
]",,2025-07-18,,,2025-07-18
115f6483-11ed-463c-9f3f-fc063ee50045,INFO-00000526,BNXTE76P,Journal article,Technological trends in the middle stone age of south africa between mis 7 and mis 3,"Wurz, Sarah",The University of Chicago Press,2013,Current Anthropology,S8,10.1086/673283,,0011-3204,S305-S319,54,https://www.journals.uchicago.edu/doi/full/10.1086/673283,,"The range of technological elements that marks the Middle Stone Age originated more than 300,000 years ago and formed the basic tool kit for an extended period of time. No spatial and chronological patterns can be identified from the Early Middle Stone Age until marine isotope stage (MIS) 5, and there is no cumulative trend of increasing complexity and diversity; instead, periods of complexity come and go. The Howiesons Poort and Still Bay techno-complexes, broadly associated with MIS 4, are recognized across various ecological zones of South Africa. These techno-complexes contain relatively more retouched tools and exhibit heightened levels of what is described as innovative practices. The Howiesons Poort is the best understood industry in the Middle Stone Age of South Africa. Its unifying technological characteristic is the almost exclusive use of a blade and bladelet production system, but subtle changes in types of backed artefacts, other retouched tools, and raw material exploitation patterns occur through time. Technological preferences change in the ensuing MIS 3 period, and other strategies and implement types become popular, particularly unifacial points, but trends once again are less clear. This historical review of the technological diversity in the Middle Stone Age of South Africa emphasizes that the roots of some innovations may lie in the earlier Middle Stone Age and that innovation is best understood within the context of local historical trajectories of technological change in South Africa.",,"Wurz, Sarah (2013.0). Technological Trends in the Middle Stone Age of South Africa between MIS 7 and MIS 3. The University of Chicago Press. https://doi.org/10.1086/673283","[
  {
    ""resourceId"": ""a61a7292-9747-40a1-855c-44fb7c8b1f6c"",
    ""resourceXresourceId"": """",
    ""ontologyProperty"": """",
    ""inverseOntologyProperty"": """"
  }
]",,2025-07-18,,,2025-07-18
ea4c3c56-7058-4c21-b7b9-b78756f85a2a,INFO-00000527,UG6I3VWR,Journal article,"The mis5 pietersburg at ‘28’ bushman rock shelter, limpopo province, south africa","Porraz, Guillaume; Val, Aurore; Tribolo, Chantal; Mercier, Norbert; Peña, Paloma de la; Haaland, Magnus M.; Igreja, Marina; Miller, Christopher E.; Schmid, Viola C.",Public Library of Science,2018,PLOS ONE,10,10.1371/journal.pone.0202853,,1932-6203,e0202853,13,https://journals.plos.org/plosone/article?id=10.1371/journal.pone.0202853,English,"In the past few decades, a diverse array of research has emphasized the precocity of technically advanced and symbolic practices occurring during the southern African Middle Stone Age. However, uncertainties regarding the regional chrono-cultural framework constrain models and identification of the cultural and ecological mechanisms triggering the development of such early innovative behaviours. Here, we present new results and a refined chronology for the Pietersburg, a techno-complex initially defined in the late 1920’s, which has disappeared from the literature since the 1980’s. We base our revision of this techno-complex on ongoing excavations at Bushman Rock Shelter (BRS) in Limpopo Province, South Africa, where two Pietersburg phases (an upper phase called ‘21’ and a lower phase called ‘28’) are recognized. Our analysis focuses on the ‘28’ phase, characterized by a knapping strategy based on Levallois and semi-prismatic laminar reduction systems and typified by the presence of end-scrapers. Luminescence chronology provides two sets of ages for the upper and lower Pietersburg of BRS, dated respectively to 73±6ka and 75±6ka on quartz and to 91±10ka and 97±10ka on feldspar, firmly positioning this industry within MIS5. Comparisons with other published lithic assemblages show technological differences between the Pietersburg from BRS and other southern African MIS5 traditions, especially those from the Western and Eastern Cape. We argue that, at least for part of MIS5, human populations in South Africa were regionally differentiated, a process that most likely impacted the way groups were territorially and socially organized. Nonetheless, comparisons between MIS5 assemblages also indicate some typological similarities, suggesting some degree of connection between human groups, which shared similar innovations but manipulated them in different ways. We pay particular attention to the end-scrapers from BRS, which represent thus far the earliest documented wide adoption of such tool-type and provide further evidence for the innovative processes characterizing southern Africa from the MIS5 onwards.",,"Porraz, Guillaume; Val, Aurore; Tribolo, Chantal; Mercier, Norbert; Peña, Paloma de la; Haaland, Magnus M.; Igreja, Marina; Miller, Christopher E.; Schmid, Viola C. (2018.0). The MIS5 Pietersburg at ‘28’ Bushman Rock Shelter, Limpopo Province, South Africa. Public Library of Science. https://doi.org/10.1371/journal.pone.0202853","[
  {
    ""resourceId"": ""a61a7292-9747-40a1-855c-44fb7c8b1f6c"",
    ""resourceXresourceId"": """",
    ""ontologyProperty"": """",
    ""inverseOntologyProperty"": """"
  }
]",,2025-07-18,,,2025-07-18
ee2dfbb5-db3e-4118-b040-1c1f057fa536,INFO-00000528,CD8H8KKX,Journal article,Technocomplexes and chronostratigraphy for mis 6-1 in southern africa,"Wurz, S.",Geological Society of South Africa,2021,South African Journal of Geology,4,10.25131/sajg.124.0058,,,1083-1092,124,https://journals.co.za/doi/full/10.25131/sajg.124.0058,,"One of the conventional ways to construct Late Quaternary chronostratigraphic frameworks for archaeology in southern Africa is through archaeological technocomplexes. This practice is more developed in South Africa and Lesotho than in the northern areas of the region. The Still Bay, Howiesons Poort, Robberg, Oakhurst, and Wilton technocomplexes are widely recognized, whereas more ambiguity is associated with the Bambata, Tshangula, Pietersburg, Mossel Bay, Sibudu, Sibudan and early Later Stone Age. Technocomplexes are frequently defined in relation to generalized, typological attributes from lithic assemblages excavated over several decades at different sites with various levels of resolution. This might lead to coarse-level data that do not necessarily relate to changes in culture, cognition, climate or the environment. Here the relationship between lithic technology and the palaeoenvironment is explored from a constrained chronostratigraphic context in two technocomplexes from the southern Cape coast, the Mossel Bay from Klasies River Main site, and the Oakhurst from Klipdrift Cave. Significant changes in the shore habitat are not reflected at technocomplex level, but lithic densities and dimensions of the products vary more closely with environmental shifts. Although a close relationship between Marine Isotope Stages and technocomplexes cannot be unambiguously demonstrated, some aspects of lithic technology seem to be sensitive to palaeoenvironmental change. Technocomplexes have heuristic value to identify cultural patterns through time and space and they are useful in determining where gaps in evidence occur. Ordering stone tool assemblages using technocomplexes remains one of the main ways to construct archaeological chronologies, especially when refined dating results are not available, and for exploring archaeological cultural developments against the backdrop of paleoclimate fluctuations, especially between MIS 6 and 1.",,"Wurz, S. (2021.0). Technocomplexes and chronostratigraphy for MIS 6-1 in southern Africa. Geological Society of South Africa. https://doi.org/10.25131/sajg.124.0058","[
  {
    ""resourceId"": ""a61a7292-9747-40a1-855c-44fb7c8b1f6c"",
    ""resourceXresourceId"": """",
    ""ontologyProperty"": """",
    ""inverseOntologyProperty"": """"
  }
]",,2025-07-18,,,2025-07-18
2812daf6-f010-4571-83b5-9804aee8d22c,INFO-00000529,88VZJ9HC,Book section,The middle stone age of zimbabwe: some aspects of former research and future aims,"Larsson, Lars",University of Zimbabwe,1996,"Aspects of African Archaeology, Papers from the 10th Congress of the PanAfrican Association for Prehistory and Related Studies.",,,,,201-211,,,,,,"Larsson, Lars (1996.0). The Middle Stone Age of Zimbabwe: Some Aspects of Former Research and Future Aims. University of Zimbabwe.","[
  {
    ""resourceId"": ""a61a7292-9747-40a1-855c-44fb7c8b1f6c"",
    ""resourceXresourceId"": """",
    ""ontologyProperty"": """",
    ""inverseOntologyProperty"": """"
  }
]",,2025-07-18,,,2025-07-18
363c4756-8be3-468a-8ff8-e7e301c70651,INFO-00000530,5FZ5HPQV,Journal article,The fauresmith of south africa: a new assemblage from canteen kopje and significance of the technology in human and cultural evolution,"Kuman, Kathleen; Lotter, Matt G.; Leader, George M.",,2020,Journal of Human Evolution,,10.1016/j.jhevol.2020.102884,,0047-2484,102884,148,https://www.sciencedirect.com/science/article/pii/S0047248420301457,,"The Fauresmith was a term first coined by archaeologists in the 1920s to describe a cultural development intermediate between the Earlier and Middle Stone Ages. From the late 1960s, many researchers abandoned the term in favor of sinking the Fauresmith within the Later Acheulean. More recently, however, some have supported the idea of the Fauresmith as the earliest Middle Stone Age, whereas other researchers continue to use the term to refer to a transitional technological development. In this article, we evaluate the status of the Fauresmith. We do this by describing a newly excavated assemblage from Canteen Kopje in the Northern Cape Province of South Africa and by comparing it with other assemblages published as Fauresmith. Although there is substantial variability across these assemblages, we present data to show that the relevant assemblages show the consistency of a regional technology that is indeed transitional between the Earlier and Middle Stone Ages. It includes prepared cores, blades, and very reduced numbers of large cutting tools compared with the Acheulean, and it often includes convergent flakes and retouched points. We argue that the Fauresmith, along with parallel developments both within and beyond Africa, is a term worth retaining to identify the slow process of decline of Acheulean technology in favor of a lighter toolkit, which includes varying degrees of more advanced core reduction strategies, larger numbers of formal tools, and hafting. Such developments are associated with populations linked to the development of Homo sapiens in Africa from ca. 600 to 160 ka.",,"Kuman, Kathleen; Lotter, Matt G.; Leader, George M. (2020.0). The Fauresmith of South Africa: A new assemblage from Canteen Kopje and significance of the technology in human and cultural evolution. nan. https://doi.org/10.1016/j.jhevol.2020.102884","[
  {
    ""resourceId"": ""a61a7292-9747-40a1-855c-44fb7c8b1f6c"",
    ""resourceXresourceId"": """",
    ""ontologyProperty"": """",
    ""inverseOntologyProperty"": """"
  }
]",,2025-07-18,,,2025-07-18
5ada0be2-3f24-490b-b586-7b291d925a4c,INFO-00000531,9G5JJN3C,Book,The archaeology of southern africa,"Mitchell, Peter",Cambridge University Press,2002,,,,978-0-521-63389-5,,,,,English,"Southern Africa has one of the longest histories of occupation by modern humans and their ancestors anywhere in the world, over three million years. Research in Southern Africa is central to many key debates in contemporary archaeology, including hominid origins, the origins of anatomically modern humans and modern forms of behaviour, and the development of ethnographically informed perspectives for understanding rock art, of which the sub-continent boasts one of the richest heritages in the world. This is the first attempt at synThesis of the sub-continent's past for over forty years.",,"Mitchell, Peter (2002.0). The Archaeology of Southern Africa. Cambridge University Press.","[
  {
    ""resourceId"": ""a61a7292-9747-40a1-855c-44fb7c8b1f6c"",
    ""resourceXresourceId"": """",
    ""ontologyProperty"": """",
    ""inverseOntologyProperty"": """"
  }
]",,2025-07-18,,,2025-07-18
a550eb2b-f8f8-4828-8255-9d17f7a8f589,INFO-00000532,QJY7IEEV,Journal article,The ics international chronostratigraphic chart,"Cohen, K.M.; Finney, S.C.; Gibbard, P.L.; Fan, J.X.",,2013,Episodes,3,10.18814/epiiugs/2013/v36i3/002,,"0705-3797, 2586-1298",199-204,36,http://www.episodes.org/journal/view.html?doi=10.18814/epiiugs/2013/v36i3/002,English,,http://creativecommons.org/licenses/by-nc/4.0,"Cohen, K.M.; Finney, S.C.; Gibbard, P.L.; Fan, J.X. (2013.0). The ICS International Chronostratigraphic Chart. nan. https://doi.org/10.18814/epiiugs/2013/v36i3/002","[
  {
    ""resourceId"": ""a61a7292-9747-40a1-855c-44fb7c8b1f6c"",
    ""resourceXresourceId"": """",
    ""ontologyProperty"": """",
    ""inverseOntologyProperty"": """"
  }
]",,2025-07-18,,,2025-07-18
d6261d88-fc71-4b9b-9b32-ea6adc8042ba,INFO-00000533,S62EMAXC,Book,The archaeology of central darfur (sudan) in the 1st millennium a.d.,"Mohammed, Ibrahim Musa",BAR Publishing,1986,,,10.30861/9780860543671,978-0-86054-367-1 978-1-4073-4490-4,,,,https://www.fulcrum.org/epubs/cv43nz34t#page=1,,,,"Mohammed, Ibrahim Musa (1986.0). The Archaeology of Central Darfur (Sudan) in the 1st Millennium A.D.. BAR Publishing. https://doi.org/10.30861/9780860543671","[
  {
    ""resourceId"": ""a61a7292-9747-40a1-855c-44fb7c8b1f6c"",
    ""resourceXresourceId"": """",
    ""ontologyProperty"": """",
    ""inverseOntologyProperty"": """"
  }
]",,2025-07-18,,,2025-07-18
0acffab2-7397-4c4a-8cb0-ccadf43ac37a,INFO-00000534,NDHKSML3,Journal article,"The archaeology of west africa, ca. 800 bce to 1500 ce","Dueppen, Stephen A.",,2016,History Compass,6,10.1111/hic3.12316,,"1478-0542, 1478-0542",247-263,14,https://compass.onlinelibrary.wiley.com/doi/10.1111/hic3.12316,English,"Abstract             Recent archaeological research has transformed our understandings of events and processes in West Africa between the beginning of iron‐use ca. 800 BCE and the arrival of Europeans in the 15th century CE, forcing reinterpretations of older narratives that were derived from unbalanced archaeological coverage and over‐privileging of the limited textual record. During this period, economic experimentation and transformation were common in West Africa, as farming economies ultimately expanded over the entire region, while specialization and artistic traditions developed within societies for the production of iron, pottery, textiles, terracotta figurines, glass and copper‐based objects. Some societies actively participated in interregional economies and cultivated the growth of trans‐Saharan trade routes, resulting in the development of large‐scale medieval states and empires (e.g. Ghana and Mali) and initial conversions to Islam in northern locations, while elsewhere societies were more focused on local sources of power and authority. Sociopolitical systems varied significantly throughout the region and included mobile foraging groups, diverse village communities, cities with large palaces, cities without hierarchical leadership and territorial states with no urban centres. This article provides an overview of this exciting era in the African past, calling attention to both regional and local historical trajectories.",,"Dueppen, Stephen A. (2016.0). The Archaeology of West Africa, ca. 800 BCE to 1500 CE. nan. https://doi.org/10.1111/hic3.12316","[
  {
    ""resourceId"": ""a61a7292-9747-40a1-855c-44fb7c8b1f6c"",
    ""resourceXresourceId"": """",
    ""ontologyProperty"": """",
    ""inverseOntologyProperty"": """"
  }
]",,2025-07-18,,,2025-07-18
be4a7411-deba-49e9-b358-054b1a7ddb43,INFO-00000535,MV5ICNSE,Journal article,The oldest stone age occupation of coastal west africa and its implications for modern human dispersals: new insight from tiémassas,"Niang, Khady; Blinkhorn, James; Ndiaye, Matar",,2018,Quaternary Science Reviews,,10.1016/j.quascirev.2018.03.022,,2773791,167-173,188,https://linkinghub.elsevier.com/retrieve/pii/S0277379118300064,English,,,"Niang, Khady; Blinkhorn, James; Ndiaye, Matar (2018.0). The oldest Stone Age occupation of coastal West Africa and its implications for modern human dispersals: New insight from Tiémassas. nan. https://doi.org/10.1016/j.quascirev.2018.03.022","[
  {
    ""resourceId"": ""a61a7292-9747-40a1-855c-44fb7c8b1f6c"",
    ""resourceXresourceId"": """",
    ""ontologyProperty"": """",
    ""inverseOntologyProperty"": """"
  }
]",,2025-07-18,,,2025-07-18
385e66ad-8151-4b37-913c-f0ee96fb5a6c,INFO-00000536,9EN4LEFZ,Journal article,The middle stone age archaeology of the senegal river valley,"Scerri, Eleanor M.L.; Blinkhorn, James; Groucutt, Huw S.; Niang, Khady",,2016,Quaternary International,,10.1016/j.quaint.2015.09.025,,10406182,16-32,408,https://linkinghub.elsevier.com/retrieve/pii/S1040618215008939,English,,,"Scerri, Eleanor M.L.; Blinkhorn, James; Groucutt, Huw S.; Niang, Khady (2016.0). The Middle Stone Age archaeology of the Senegal River Valley. nan. https://doi.org/10.1016/j.quaint.2015.09.025","[
  {
    ""resourceId"": ""a61a7292-9747-40a1-855c-44fb7c8b1f6c"",
    ""resourceXresourceId"": """",
    ""ontologyProperty"": """",
    ""inverseOntologyProperty"": """"
  }
]",,2025-07-18,,,2025-07-18
26d42676-b10a-4a55-8d68-71ff535affea,INFO-00000537,3H9EJ2BH,Journal article,"The middle stone age occupations of tiémassas, coastal west africa, between 62 and 25 thousand years ago","Niang, Khady; Blinkhorn, James; Ndiaye, Matar; Bateman, Mark; Seck, Birame; Sawaré, Gora",,2020,Journal of Archaeological Science: Reports,,10.1016/j.jasrep.2020.102658,,2352409X,102658,34,https://linkinghub.elsevier.com/retrieve/pii/S2352409X20304491,English,,,"Niang, Khady; Blinkhorn, James; Ndiaye, Matar; Bateman, Mark; Seck, Birame; Sawaré, Gora (2020.0). The Middle Stone Age occupations of Tiémassas, coastal West Africa, between 62 and 25 thousand years ago. nan. https://doi.org/10.1016/j.jasrep.2020.102658","[
  {
    ""resourceId"": ""a61a7292-9747-40a1-855c-44fb7c8b1f6c"",
    ""resourceXresourceId"": """",
    ""ontologyProperty"": """",
    ""inverseOntologyProperty"": """"
  }
]",,2025-07-18,,,2025-07-18
0dfc8390-19b1-4a63-be6d-54849c134432,INFO-00000538,H4VFI2EQ,Book section,The first emergence of ceramic production in africa,"Huysecom, Eric",Oxford University Press,2020,Oxford Research Encyclopedia of Anthropology,,10.1093/acrefore/9780190854584.013.66,,,1,,https://oxfordre.com/anthropology/view/10.1093/acrefore/9780190854584.001.0001/acrefore-9780190854584-e-66,English,"The discoveries at Ounjougou (Mali), an open-air site in the Dogon Country, shed new light on the “early Neolithic” in Africa. The stratigraphic sequence and a cluster of absolute dates established a terminus ante quem of 9400 cal bc for ceramic sherds associated with a small bifacial lithic industry. The emergence of this typo-technical complex corresponds to one of the wet phases of the Pleistocene–Holocene transition in West Africa, most probably that of the climatic upturn at the beginning of the Holocene, between 10,200 and 9,400 cal bc. Paleoenvironmental results, particularly archaeobotanical ones, indicate that the landscape was in a state of change and that, for several millennia, the surfaces covered by desert overlapped an open steppe with grasses, some of which were edible. This environmental situation allowed the dispersion of prehistoric groups over the continent and probably encouraged a new behavior: the practice of intensive selective gathering (i.e., the targeted and rational harvesting of wild grasses for their seeds). However, not only must seeds be kept dry and protected from rodents, they must also be processed through cooking or fermentation. This process helps the human body to assimilate the starch, as the digestive enzymes necessary for its digestion are not naturally present. Ceramics would have been particularly useful in this process. Ceramics emerged in sub-Saharan Africa and seem to have spread toward the central Sahara during the early Holocene at the end of the 10th and the beginning of the 9th millennium cal bc, while the desert zone became increasingly greener. It has yet to be understood whether the Nile Valley was an important corridor for the diffusion of this technology or if ceramics appeared as the result of a second independent process of innovation.",,"Huysecom, Eric (2020.0). The First Emergence of Ceramic Production in Africa. Oxford University Press. https://doi.org/10.1093/acrefore/9780190854584.013.66","[
  {
    ""resourceId"": ""a61a7292-9747-40a1-855c-44fb7c8b1f6c"",
    ""resourceXresourceId"": """",
    ""ontologyProperty"": """",
    ""inverseOntologyProperty"": """"
  }
]",,2025-07-18,,,2025-07-18
8105c132-f2f8-46a0-a61d-e87a90f23336,INFO-00000539,2RBESNED,Journal article,The archaeology and early peoples of the highlands of kenya and northern tanzania,"Sutton, J. E. G.",,1966,Azania: Archaeological Research in Africa,1,10.1080/00672706609511340,,"0067-270X, 1945-5534",37-57,1,http://www.tandfonline.com/doi/abs/10.1080/00672706609511340,English,,,"Sutton, J. E. G. (1966.0). The archaeology and early peoples of the highlands of Kenya and Northern Tanzania. nan. https://doi.org/10.1080/00672706609511340","[
  {
    ""resourceId"": ""a61a7292-9747-40a1-855c-44fb7c8b1f6c"",
    ""resourceXresourceId"": """",
    ""ontologyProperty"": """",
    ""inverseOntologyProperty"": """"
  }
]",,2025-07-18,,,2025-07-18
cc217e83-7d68-46b9-881c-ce0aa40a2551,INFO-00000540,IQEL88WD,Journal article,The ‘ancient dams’ of tanganyika masailand,"Sutton, J. E. G.",,1973,Azania: Archaeological Research in Africa,1,10.1080/00672707309511574,,"0067-270X, 1945-5534",105-114,8,http://www.tandfonline.com/doi/abs/10.1080/00672707309511574,English,,,"Sutton, J. E. G. (1973.0). The ‘Ancient Dams’ of Tanganyika Masailand. nan. https://doi.org/10.1080/00672707309511574","[
  {
    ""resourceId"": ""a61a7292-9747-40a1-855c-44fb7c8b1f6c"",
    ""resourceXresourceId"": """",
    ""ontologyProperty"": """",
    ""inverseOntologyProperty"": """"
  }
]",,2025-07-18,,,2025-07-18
f5742ffd-39f6-4e7e-8bd0-09fc7ef3cd49,INFO-00000541,U3D4QG6C,Journal article,The early iron age on mafia island and its relationship with the mainland,"Chami, F. A.",,1999,Azania: Archaeological Research in Africa,1,10.1080/00672709909511468,,"0067-270X, 1945-5534",001-10,34,http://www.tandfonline.com/doi/abs/10.1080/00672709909511468,English,,,"Chami, F. A. (1999.0). The Early Iron Age on Mafia island and its relationship with the mainland. nan. https://doi.org/10.1080/00672709909511468","[
  {
    ""resourceId"": ""a61a7292-9747-40a1-855c-44fb7c8b1f6c"",
    ""resourceXresourceId"": """",
    ""ontologyProperty"": """",
    ""inverseOntologyProperty"": """"
  }
]",,2025-07-18,,,2025-07-18
430ea64e-307b-418d-b5e2-15091df9c7f7,INFO-00000542,9D44YB7Y,Journal article,The masange bowmen: a rock painting in central tanzania,"Sassoon, Hamo",,1967,Azania: Archaeological Research in Africa,1,10.1080/00672706709511447,,"0067-270X, 1945-5534",193-194,2,http://www.tandfonline.com/doi/abs/10.1080/00672706709511447,English,,,"Sassoon, Hamo (1967.0). The Masange Bowmen: A Rock Painting In Central Tanzania. nan. https://doi.org/10.1080/00672706709511447","[
  {
    ""resourceId"": ""a61a7292-9747-40a1-855c-44fb7c8b1f6c"",
    ""resourceXresourceId"": """",
    ""ontologyProperty"": """",
    ""inverseOntologyProperty"": """"
  }
]",,2025-07-18,,,2025-07-18
78040f2d-3e24-4527-be10-73269fe16f01,INFO-00000543,3PEECTNG,Book,The early islamic architecture of the east african coast,"Garlake, Peter",British Institute in Eastern Africa,1966,,,,,,,,,,,,"Garlake, Peter (1966.0). The Early Islamic Architecture of the East African Coast. British Institute in Eastern Africa.","[
  {
    ""resourceId"": ""a61a7292-9747-40a1-855c-44fb7c8b1f6c"",
    ""resourceXresourceId"": """",
    ""ontologyProperty"": """",
    ""inverseOntologyProperty"": """"
  }
]",,2025-07-18,,,2025-07-18
2ab09c74-7b05-4a4c-9987-e51a118b4b7e,INFO-00000544,7NVL2ETN,Journal article,"The development and expansion of the field and irrigation systems at engaruka, tanzania","Stump, Daryl",,2006,Azania: Archaeological Research in Africa,1,10.1080/00672700609480435,,"0067-270X, 1945-5534",69-94,41,http://www.tandfonline.com/doi/abs/10.1080/00672700609480435,English,,,"Stump, Daryl (2006.0). The development and expansion of the field and irrigation systems at Engaruka, Tanzania. nan. https://doi.org/10.1080/00672700609480435","[
  {
    ""resourceId"": ""a61a7292-9747-40a1-855c-44fb7c8b1f6c"",
    ""resourceXresourceId"": """",
    ""ontologyProperty"": """",
    ""inverseOntologyProperty"": """"
  }
]",,2025-07-18,,,2025-07-18
a6a3a7a3-9eac-464a-9b4e-042923eef252,INFO-00000545,93LZTYHQ,Journal article,The early history of kilwa kivinje,"Chittick, Neville",,1969,Azania: Archaeological Research in Africa,1,10.1080/00672706909511515,,"0067-270X, 1945-5534",153-159,4,http://www.tandfonline.com/doi/abs/10.1080/00672706909511515,English,,,"Chittick, Neville (1969.0). The Early History Of Kilwa Kivinje. nan. https://doi.org/10.1080/00672706909511515","[
  {
    ""resourceId"": ""a61a7292-9747-40a1-855c-44fb7c8b1f6c"",
    ""resourceXresourceId"": """",
    ""ontologyProperty"": """",
    ""inverseOntologyProperty"": """"
  }
]",,2025-07-18,,,2025-07-18
d3aa165f-a7c7-496e-b812-311af97b6e35,INFO-00000546,WEYBU9IE,Journal article,The first millennium ad on the east coast: a new look at the cultural sequence and interactions,"Chami, Felix A.",,1994,Azania: Archaeological Research in Africa,1,10.1080/00672709409511678,,"0067-270X, 1945-5534",227-237,29-30,http://www.tandfonline.com/doi/abs/10.1080/00672709409511678,English,,,"Chami, Felix A. (1994.0). The first millennium AD on the East Coast: a new look at the cultural sequence and interactions. nan. https://doi.org/10.1080/00672709409511678","[
  {
    ""resourceId"": ""a61a7292-9747-40a1-855c-44fb7c8b1f6c"",
    ""resourceXresourceId"": """",
    ""ontologyProperty"": """",
    ""inverseOntologyProperty"": """"
  }
]",,2025-07-18,,,2025-07-18
96aea6ee-f102-4e0e-a385-236c27fe9649,INFO-00000547,8JRKXHNG,Journal article,The makalo rock-paintings of nyamwezi,"Collinson, J. D. H.",,1970,Azania: Archaeological Research in Africa,1,10.1080/00672707009511527,,"0067-270X, 1945-5534",55-63,5,http://www.tandfonline.com/doi/abs/10.1080/00672707009511527,English,,,"Collinson, J. D. H. (1970.0). The Makalo Rock-Paintings of Nyamwezi. nan. https://doi.org/10.1080/00672707009511527","[
  {
    ""resourceId"": ""a61a7292-9747-40a1-855c-44fb7c8b1f6c"",
    ""resourceXresourceId"": """",
    ""ontologyProperty"": """",
    ""inverseOntologyProperty"": """"
  }
]",,2025-07-18,,,2025-07-18
fe5c4a4b-4b0d-4a04-bf0c-d9700d64cfd9,INFO-00000548,9KG9VFHQ,Journal article,The mosque at mbuamaji and the nabahani,"Chittick, Neville",,1969,Azania: Archaeological Research in Africa,1,10.1080/00672706909511516,,"0067-270X, 1945-5534",159-160,4,http://www.tandfonline.com/doi/abs/10.1080/00672706909511516,English,,,"Chittick, Neville (1969.0). The Mosque At Mbuamaji And The Nabahani. nan. https://doi.org/10.1080/00672706909511516","[
  {
    ""resourceId"": ""a61a7292-9747-40a1-855c-44fb7c8b1f6c"",
    ""resourceXresourceId"": """",
    ""ontologyProperty"": """",
    ""inverseOntologyProperty"": """"
  }
]",,2025-07-18,,,2025-07-18
5f4708d2-94cf-4bf7-9890-4dab5429083f,INFO-00000549,QYGW2LVB,Journal article,The history of darfur 1200-1700 a.d.,"Arkell, A. J.",University of Khartoum,1951,Sudan Notes and Records,2,,,0375-2984,207-238,32,https://www.jstor.org/stable/41719553,,هذا هو احبزء الثانى من تارنڃ دارفور افردء لبحث اصل الثعب املعروف باسم «تنجر» ولﻸدلة الًى تستخاص من وسم احبمال الذى يستعمل بين قبائل دارفور فى الوقت احاضر والذى يحتمل ان يکون اصله احرفا هجائية قدية ثم يدعى الکاتب انهم کانوا يؤهاون السﻼطين القدماء حتى بعد دخول اﻻسﻼمث,,"Arkell, A. J. (1951.0). The History of Darfur 1200-1700 A.D.. University of Khartoum. https://www.jstor.org/stable/41719553","[
  {
    ""resourceId"": ""a61a7292-9747-40a1-855c-44fb7c8b1f6c"",
    ""resourceXresourceId"": """",
    ""ontologyProperty"": """",
    ""inverseOntologyProperty"": """"
  }
]",,2025-07-18,,,2025-07-18
f79d7d57-ae9c-4601-8a9a-48946ba8a3a5,INFO-00000550,XZMURCVT,Journal article,The history of darfur 1200-1700 a.d. part iv,"Arkell, A. J.",University of Khartoum,1952,Sudan Notes and Records,2,,,0375-2984,244-275,33,https://www.jstor.org/stable/41719492,,مذا هو الجزء اﻼخير من محاو لة الؤ لف ﻻنشاء تاريخ عن دار فور وقد وصف فيه مو اقع اﻵثا القديمة والمبانى الّى توجد اﻵن فى دارفور وتعرض لاضوء الزى تلقيه تلك الواقع على التاريخ القديم ثم اورد فى الفصل النهائى ماخصا لتاريخ تلك الحقيبة کم ير ٥١ ٠,,"Arkell, A. J. (1952.0). THE HISTORY OF DARFUR 1200-1700 A.D. Part IV. University of Khartoum. https://www.jstor.org/stable/41719492","[
  {
    ""resourceId"": ""a61a7292-9747-40a1-855c-44fb7c8b1f6c"",
    ""resourceXresourceId"": """",
    ""ontologyProperty"": """",
    ""inverseOntologyProperty"": """"
  }
]",,2025-07-18,,,2025-07-18
366ea24b-efd5-4c3d-b3e7-82e57741abae,INFO-00000551,8WZBLKGL,Journal article,The coastal town of jumba la mtwana,"Sassoon, Hamo",,1980,Kenya Past and Present,1,,,,002-014,12,,,,,"Sassoon, Hamo (1980.0). The Coastal Town of Jumba la Mtwana. nan.","[
  {
    ""resourceId"": ""a61a7292-9747-40a1-855c-44fb7c8b1f6c"",
    ""resourceXresourceId"": """",
    ""ontologyProperty"": """",
    ""inverseOntologyProperty"": """"
  }
]",,2025-07-18,,,2025-07-18
65554c1e-e30c-4b88-b8f4-64a9ef1b91cf,INFO-00000552,SV4ZLNYH,Journal article,Takwa; an ancient swahili settlement of the lamu archipelago,"Wilson, T.H.",,1979,Kenya Past and Present,10,,,,007-16,,,,,,"Wilson, T.H. (1979.0). Takwa; an ancient Swahili settlement of the Lamu archipelago. nan.","[
  {
    ""resourceId"": ""a61a7292-9747-40a1-855c-44fb7c8b1f6c"",
    ""resourceXresourceId"": """",
    ""ontologyProperty"": """",
    ""inverseOntologyProperty"": """"
  }
]",,2025-07-18,,,2025-07-18
ed2294b3-ab7e-4831-a91d-43a32db5c1bc,INFO-00000553,W2MRYJI8,Thesis,"The animal economy of prehistoric farming communities in manicaland, eastern zimbabwe","Shenjere, Plan",University of Dar es Salaam,2011,,,,,,,,,English,"The Thesis sought to understand the animal economy of prehistoric farming communities in Manicaland, eastern Zimbabwe. It was done within archaeozoological and culture historical methodological frameworks by exploring diachronic as well as synchronic patterns of both wild and domestic animal resource utilization. Both quantitative and qualitative research approaches were used. Quantitative research approach was employed in archaeological surveys and excavations during data collection. Faunal, pottery, beads and other data were quantitatively analysed whilst results from ethnographic inquiries were qualitatively analysed. The research strategies were exploratory and comparative. The study has revealed that from the 5th to the 9th centuries AD, EFC’s animal economy was dominated by rearing of small livestock supplemented by few cattle as well as hunting, snaring and gathering. Later Farming Communities associated with socio-political complexity in the 2nd millennium AD had an animal economy that indicated preponderance on cattle with a few small stocks supplemented by minimal hunting. Animal exploitation trends were influenced by the environment, exploitative technology coupled up with human adaptability including communities’ choices against their belief systems and worldview. New data has also revealed that Early Farming Communities in eastern Zimbabwe date from the 3rd to 5th centuries extending into AD 9th century, a much longer period than previously thought. Stable isotope analysis suggests a wetter environment when both sites were occupied than it exists in the areas today. Faunal studies are invaluable in understanding prehistoric human behaviour. In order to fully understand economic, socio-cultural, political histories and trajectories of past communities, their use of animals need to be accorded similar attention to all other archaeological materials.",,"Shenjere, Plan (2011.0). The Animal Economy Of Prehistoric Farming Communities In Manicaland, Eastern Zimbabwe. University of Dar es Salaam.","[
  {
    ""resourceId"": ""a61a7292-9747-40a1-855c-44fb7c8b1f6c"",
    ""resourceXresourceId"": """",
    ""ontologyProperty"": """",
    ""inverseOntologyProperty"": """"
  }
]",,2025-07-18,,,2025-07-18
6b3c8858-2305-4af1-8ad6-62d6cb9315b7,INFO-00000554,FZA5MINH,Book,The coastal town of jumba la mtwana,"Sassoon, H.",Museums of Kenya/Friends of Fort Jesus,1981,,,,,,,,,,,,"Sassoon, H. (1981.0). The Coastal Town of Jumba la Mtwana. Museums of Kenya/Friends of Fort Jesus.","[
  {
    ""resourceId"": ""a61a7292-9747-40a1-855c-44fb7c8b1f6c"",
    ""resourceXresourceId"": """",
    ""ontologyProperty"": """",
    ""inverseOntologyProperty"": """"
  }
]",,2025-07-18,,,2025-07-18
34116531-e793-49c6-b5c7-2bf21c554b50,INFO-00000555,4RN9NZ23,Journal article,The bantu studies research project,"Soper, Robert",,1971,Azania: Archaeological Research in Africa,1,10.1080/00672707109511544,,"0067-270X, 1945-5534",001-004,6,http://www.tandfonline.com/doi/abs/10.1080/00672707109511544,English,,,"Soper, Robert (1971.0). The Bantu Studies Research Project. nan. https://doi.org/10.1080/00672707109511544","[
  {
    ""resourceId"": ""a61a7292-9747-40a1-855c-44fb7c8b1f6c"",
    ""resourceXresourceId"": """",
    ""ontologyProperty"": """",
    ""inverseOntologyProperty"": """"
  }
]",,2025-07-18,,,2025-07-18
929f76e9-d5a5-4b93-a98b-4baebdc26cd5,INFO-00000556,KTDNXB5F,Journal article,The oudierin drainage archaeological project: new perspectives on the saloum delta shell middens (senegal),"Holl, Augustin F. C.",,2022,African Archaeological Review,2,10.1007/s10437-022-09482-w,,"0263-0338, 1572-9842",189-219,39,https://link.springer.com/10.1007/s10437-022-09482-w,English,,,"Holl, Augustin F. C. (2022.0). The Oudierin Drainage Archaeological Project: New Perspectives on the Saloum Delta Shell Middens (Senegal). nan. https://doi.org/10.1007/s10437-022-09482-w","[
  {
    ""resourceId"": ""a61a7292-9747-40a1-855c-44fb7c8b1f6c"",
    ""resourceXresourceId"": """",
    ""ontologyProperty"": """",
    ""inverseOntologyProperty"": """"
  }
]",,2025-07-18,,,2025-07-18
85e04321-a0f7-49b0-8080-73c6008c49ae,INFO-00000557,CSWMLMS9,Book section,Tangible heritage in archaeology,"Hassan, Fekri",Springer International Publishing,2014,Encyclopedia of Global Archaeology,,,,,,,https://doi.org/10.1007/978-1-4419-0465-2_1141,English,,,"Hassan, Fekri (2014.0). Tangible Heritage in Archaeology. Springer International Publishing. https://doi.org/10.1007/978-1-4419-0465-2_1141","[
  {
    ""resourceId"": ""a61a7292-9747-40a1-855c-44fb7c8b1f6c"",
    ""resourceXresourceId"": """",
    ""ontologyProperty"": """",
    ""inverseOntologyProperty"": """"
  }
]",,2025-07-18,,,2025-07-18
0aa4a30d-f885-4ca5-94e7-eb1973bba6bf,INFO-00000558,UYAJXYUA,Webpage,The monuments of gedi,Zamani Project,,2022,,,,,,,,https://www.zamaniproject.org/site-kenya-gede-ruins.html#header5-h4,English,,,Zamani Project (2022.0). The Monuments of Gedi. nan. https://www.zamaniproject.org/site-kenya-gede-ruins.html#header5-h4,"[
  {
    ""resourceId"": ""a61a7292-9747-40a1-855c-44fb7c8b1f6c"",
    ""resourceXresourceId"": """",
    ""ontologyProperty"": """",
    ""inverseOntologyProperty"": """"
  }
]",,2025-07-18,,,2025-07-18
7ee37835-bd39-4ead-a753-ec1be12e1d00,INFO-00000559,RMQMNPN8,Journal article,The ancient city of meroe: the capital of kush (ca. 950 bc-350 ce),"Samuel, isaac",,,,,,,,,,https://www.africanhistoryextra.com/p/the-ancient-city-of-meroe-the-capital,,,,"Samuel, isaac (nan). The ancient city of Meroe: the capital of Kush (ca. 950 BC-350 CE). nan. https://www.africanhistoryextra.com/p/the-ancient-city-of-meroe-the-capital","[
  {
    ""resourceId"": ""a61a7292-9747-40a1-855c-44fb7c8b1f6c"",
    ""resourceXresourceId"": """",
    ""ontologyProperty"": """",
    ""inverseOntologyProperty"": """"
  }
]",,2025-07-18,,,2025-07-18
25e25058-64d1-470e-8689-ac1b76f5737f,INFO-00000560,FSL8T8BE,Document,The historic towns and archaeological site of gedi management plan,National Museums of Kenya,,2022,,,,,,,,,,,,National Museums of Kenya (2022.0). The Historic Towns and Archaeological site of Gedi Management Plan. nan.,"[
  {
    ""resourceId"": ""a61a7292-9747-40a1-855c-44fb7c8b1f6c"",
    ""resourceXresourceId"": """",
    ""ontologyProperty"": """",
    ""inverseOntologyProperty"": """"
  }
]",,2025-07-18,,,2025-07-18
8bbb7de2-9cf4-4b5e-ab3d-c40982c4e079,INFO-00000561,ZWZ9SJDK,Document,"The archaeological sites of the island of meroe, state of conservation report by the state party",NCAM,,,,,,,,,,https://whc.unesco.org/document/205484,,,,"NCAM (nan). The Archaeological sites of the Island of Meroe, state of conservation report by the state party. nan. https://whc.unesco.org/document/205484","[
  {
    ""resourceId"": ""a61a7292-9747-40a1-855c-44fb7c8b1f6c"",
    ""resourceXresourceId"": """",
    ""ontologyProperty"": """",
    ""inverseOntologyProperty"": """"
  }
]",,2025-07-18,,,2025-07-18
d19b9970-4e52-4176-98bd-a099d0c8fa93,INFO-00000562,EC9MNPTD,Document,"The archaeological sites of the island of meroe, periodic report cycle 3, ii",UNESCO,,,,,,,,,,https://whc.unesco.org/document/217813,,,,"UNESCO (nan). The archaeological sites of the Island of Meroe, Periodic report Cycle 3, II. nan. https://whc.unesco.org/document/217813","[
  {
    ""resourceId"": ""a61a7292-9747-40a1-855c-44fb7c8b1f6c"",
    ""resourceXresourceId"": """",
    ""ontologyProperty"": """",
    ""inverseOntologyProperty"": """"
  }
]",,2025-07-18,,,2025-07-18
1c30f34c-8976-46c7-b8d5-506e14067042,INFO-00000563,X5K5RF7N,Journal article,The multiple territories of swahili urban landscapes,"Wynne-Jones, Stephanie; Fleisher, Jeffrey",Informa UK Limited,2016,World Archaeology,3,10.1080/00438243.2016.1179128,,"0043-8243, 1470-1375",349-362,48,https://www.tandfonline.com/doi/full/10.1080/00438243.2016.1179128,English,"Houses are linked to the urban landscape in multiple ways. They provide urban form, and shape movement and interaction. This article analyses these connections through the concept of territories, deﬁned as areas linked to particular activities and/or groups, at the fourteenth–sixteenth-century Swahili town of Songo Mnara. Detailed excavation and survey at the site has provided information on ritual and economic activity within and between households. Here we use these data to identify inclusive territories, which served to delineate some of the communal spaces of the town and to link these with exterior landscapes and more exclusive territories linked to particular families and houses. Finally, we discuss a series of economic territories linked to production, which crosscut some of the divisions evident between elite and non-elite activities. We argue that the urban landscape can be deﬁned and understood through the ways these territories combined and overlapped.",http://creativecommons.org/licenses/by/4.0/,"Wynne-Jones, Stephanie; Fleisher, Jeffrey (2016.0). The multiple territories of Swahili urban landscapes. Informa UK Limited. https://doi.org/10.1080/00438243.2016.1179128","[
  {
    ""resourceId"": ""a61a7292-9747-40a1-855c-44fb7c8b1f6c"",
    ""resourceXresourceId"": """",
    ""ontologyProperty"": """",
    ""inverseOntologyProperty"": """"
  }
]",,2025-07-18,,,2025-07-18
ab972795-c974-447b-b249-b580086a4e2b,INFO-00000564,7EWHDAXZ,Webpage,"The historic town and inscription of archaeological site of gedi, kenya",UNESCO,,2018,,,,,,,,https://whc.unesco.org/en/decisions/8601,,,,"UNESCO (2018.0). The Historic Town and Inscription of Archaeological Site of Gedi, Kenya. nan. https://whc.unesco.org/en/decisions/8601","[
  {
    ""resourceId"": ""a61a7292-9747-40a1-855c-44fb7c8b1f6c"",
    ""resourceXresourceId"": """",
    ""ontologyProperty"": """",
    ""inverseOntologyProperty"": """"
  }
]",,2025-07-18,,,2025-07-18
bcaaa4dd-e50c-4deb-9209-8bba51effcbc,INFO-00000565,ZGBASKP4,Journal article,The jarigole mortuary tradition reconsidered,"Sawchuk, Elizabeth; Hildebrand, Elisabeth; et al",,2022,Antiquity,390,https://doi.org/10.15184/aqy.2022.141,,,1460-1477,96,,,,,"Sawchuk, Elizabeth; Hildebrand, Elisabeth; et al (2022.0). The Jarigole Mortuary Tradition reconsidered. nan. https://doi.org/https://doi.org/10.15184/aqy.2022.141","[
  {
    ""resourceId"": ""a61a7292-9747-40a1-855c-44fb7c8b1f6c"",
    ""resourceXresourceId"": """",
    ""ontologyProperty"": """",
    ""inverseOntologyProperty"": """"
  }
]",,2025-07-18,,,2025-07-18
f1fc51cf-5000-4834-9270-6cf9422b4c69,INFO-00000566,BQD7CBVM,Journal article,"The complexity of public space at the swahili town of songo mnara, tanzania","Fleisher, Jeffrey",,2014,Journal of Anthropological Archaeology,,10.1016/j.jaa.2014.04.002,,0278-4165,001-22,35,https://www.sciencedirect.com/science/article/pii/S0278416514000208,,"Public spaces have been long recognized as integral parts of urban settings, often granted importance by the public ceremonies and spectacles that they hosted. Interpretations of such public arenas often focus on elites that use them to construct and legitimize power and authority; city residents are thought to either accept these political machinations, or reject them and the space itself. Alternately, studies of public space that emphasize more practical uses, such as for production or other domestic activities tend to focus on those spaces directly associated with houses, emphasizing the everyday life of city residents. This paper works to set aside this dichotomy by exploring the multi-faceted open spaces at Songo Mnara, a medieval Swahili town on the southern Tanzanian coast. Songo Mnara is particularly well-suited to a study of Swahili public space because of its short occupation and clear town plan understood through standing architecture; it is likely the best example of how the southern Swahili understood a planned town should be organized in the fifteenth century AD. Archaeological research directed at the site’s open spaces has revealed a variety of public spaces which include a mix of deliberately-maintained areas reflecting some element of control and planning, and other less formal public spaces that seem to have been organized and maintained by non-elite residents of the town. This essay reviews literature on the archaeology of open and public space and explores how the case of Songo Mnara contributes to it, by walking the reader through what has been learned about the complex and variable public spaces of the town. The public spaces of Songo Mnara serve to broaden previous dichotomous approaches to urban open space.",,"Fleisher, Jeffrey (2014.0). The complexity of public space at the Swahili town of Songo Mnara, Tanzania. nan. https://doi.org/10.1016/j.jaa.2014.04.002","[
  {
    ""resourceId"": ""a61a7292-9747-40a1-855c-44fb7c8b1f6c"",
    ""resourceXresourceId"": """",
    ""ontologyProperty"": """",
    ""inverseOntologyProperty"": """"
  }
]",,2025-07-18,,,2025-07-18
bf6a4207-39a2-4d2b-9a3b-523b52f91c46,INFO-00000567,QUTI2YYM,Webpage,The cultural heritage of yeha,"Centre, UNESCO World Heritage",,2025,UNESCO World Heritage Centre,,,,,,,https://whc.unesco.org/en/tentativelists/6477/,English,UNESCO World Heritage Centre,,"Centre, UNESCO World Heritage (2025.0). The Cultural Heritage of Yeha. nan. https://whc.unesco.org/en/tentativelists/6477/","[
  {
    ""resourceId"": ""a61a7292-9747-40a1-855c-44fb7c8b1f6c"",
    ""resourceXresourceId"": """",
    ""ontologyProperty"": """",
    ""inverseOntologyProperty"": """"
  }
]",,2025-07-18,,,2025-07-18
5eea7138-9365-40a9-85f8-fdb56ad977cb,INFO-00000568,U3RQ7KDS,Document,The gedeo cultural landscape evaluation report,IUCN,,2023,,,,,,,,https://whc.unesco.org/en/list/1641/documents/,,,,IUCN (2023.0). THE GEDEO CULTURAL LANDSCAPE Evaluation Report. nan. https://whc.unesco.org/en/list/1641/documents/,"[
  {
    ""resourceId"": ""a61a7292-9747-40a1-855c-44fb7c8b1f6c"",
    ""resourceXresourceId"": """",
    ""ontologyProperty"": """",
    ""inverseOntologyProperty"": """"
  }
]",,2025-07-18,,,2025-07-18
54e0c606-5631-47aa-8ee5-bd42b3aa6be5,INFO-00000569,JY2LJ7GP,Document,The gedeo cultural landscape,"Centre, UNESCO World Heritage",The Association for Conservation of Culture (ACC),2023,,,,,,,,https://whc.unesco.org/en/list/1641/,English,"The property lies along the eastern edge of the Main Ethiopian Rift, on the steep escarpments of the Ethiopian highlands. An area of agroforestry, it utilizes multilayer cultivation with large trees sheltering  ...",,"Centre, UNESCO World Heritage (2023.0). The Gedeo Cultural Landscape. The Association for Conservation of Culture (ACC). https://whc.unesco.org/en/list/1641/","[
  {
    ""resourceId"": ""a61a7292-9747-40a1-855c-44fb7c8b1f6c"",
    ""resourceXresourceId"": """",
    ""ontologyProperty"": """",
    ""inverseOntologyProperty"": """"
  }
]",,2025-07-18,,,2025-07-18
b2fb756e-1d1f-4f77-ae49-fbddc9fc365a,INFO-00000570,8JL8J3KK,Document,The gedeo cultural landscape (ethiopia) – interim report and additional information request,"ICOMOS, UNESCO World Heritage",,2023,,,,,,,,https://whc.unesco.org/en/list/1641/,English,"The property lies along the eastern edge of the Main Ethiopian Rift, on the steep escarpments of the Ethiopian highlands. An area of agroforestry, it utilizes multilayer cultivation with large trees sheltering  ...",,"ICOMOS, UNESCO World Heritage (2023.0). The Gedeo Cultural Landscape (Ethiopia) – Interim report and additional information request. nan. https://whc.unesco.org/en/list/1641/","[
  {
    ""resourceId"": ""a61a7292-9747-40a1-855c-44fb7c8b1f6c"",
    ""resourceXresourceId"": """",
    ""ontologyProperty"": """",
    ""inverseOntologyProperty"": """"
  }
]",,2025-07-18,,,2025-07-18
543c9a5a-ccf8-4dca-860d-98481402670c,INFO-00000571,4V5J5EMC,Journal article,"The crocodile pools of the north bank division, the gambia, west africa","Moiser, Chris M.; Barber, Anthony, D.",,1997,"British Herpetological Society Bulletin,",,,,,007-010,No. 58,THE CROCODILE POOLS OF THE NORTH BANK ...  The British Herpetological Society https://www.thebhs.org › publications › file,English,,,"Moiser, Chris M.; Barber, Anthony, D. (1997.0). The Crocodile Pools Of The North Bank Division, The Gambia, West Africa. nan. THE CROCODILE POOLS OF THE NORTH BANK ...  The British Herpetological Society https://www.thebhs.org › publications › file","[
  {
    ""resourceId"": ""a61a7292-9747-40a1-855c-44fb7c8b1f6c"",
    ""resourceXresourceId"": """",
    ""ontologyProperty"": """",
    ""inverseOntologyProperty"": """"
  }
]",,2025-07-18,,,2025-07-18
d80a087c-48c6-4f28-90d1-1ae65008f8d1,INFO-00000572,56W7TR44,Book,"The anglo-gambian stone circles expedition, 1964/65: a report presented to the prime minister of the gambia","Expedition, Anglo-Gambian Stone Circles",Government printer,1966,,,,,,,,,English,,,"Expedition, Anglo-Gambian Stone Circles (1966.0). The Anglo-Gambian Stone Circles Expedition, 1964/65: A Report Presented to the Prime Minister of the Gambia. Government printer.","[
  {
    ""resourceId"": ""a61a7292-9747-40a1-855c-44fb7c8b1f6c"",
    ""resourceXresourceId"": """",
    ""ontologyProperty"": """",
    ""inverseOntologyProperty"": """"
  }
]",,2025-07-18,,,2025-07-18
5d76e204-40b3-4c87-8463-9bf5bf27b030,INFO-00000573,2VQKU3T4,Book,"The arab city of gedi: excavations at the great mosque, architecture and finds",Kirkman,OUP,1954,,,,,,,,,,,,"Kirkman (1954.0). The Arab City of Gedi: Excavations at the Great Mosque, Architecture and Finds. OUP.","[
  {
    ""resourceId"": ""a61a7292-9747-40a1-855c-44fb7c8b1f6c"",
    ""resourceXresourceId"": """",
    ""ontologyProperty"": """",
    ""inverseOntologyProperty"": """"
  }
]",,2025-07-18,,,2025-07-18
cf5fb6a8-adcd-4c58-833a-9afe3d3dd48d,INFO-00000574,ZGAE4J5F,Journal article,The ngovo group: an industry with polished stone tools and pottery in lower zaïre,"de Maret, Pierre",,1986,African Archaeological Review,1,10.1007/BF01117037,,"0263-0338, 1572-9842",103-133,4,http://link.springer.com/10.1007/BF01117037,English,,http://www.springer.com/tdm,"de Maret, Pierre (1986.0). The Ngovo Group: an industry with polished stone tools and pottery in Lower Zaïre. nan. https://doi.org/10.1007/BF01117037","[
  {
    ""resourceId"": ""a61a7292-9747-40a1-855c-44fb7c8b1f6c"",
    ""resourceXresourceId"": """",
    ""ontologyProperty"": """",
    ""inverseOntologyProperty"": """"
  }
]",,2025-07-18,,,2025-07-18
3133133c-8860-4654-89e2-53764dfb8283,INFO-00000575,CCDTSP3E,Journal article,The amun temple at meroe revisited,"Grzymski, Krzysztof",,,,,,,,,,https://www.sudarchrs.org.uk/wp-content/uploads/2020/03/SARS_SN21_Grzymski.pdf,English,,,"Grzymski, Krzysztof (nan). The Amun Temple at Meroe Revisited. nan. https://www.sudarchrs.org.uk/wp-content/uploads/2020/03/SARS_SN21_Grzymski.pdf","[
  {
    ""resourceId"": ""a61a7292-9747-40a1-855c-44fb7c8b1f6c"",
    ""resourceXresourceId"": """",
    ""ontologyProperty"": """",
    ""inverseOntologyProperty"": """"
  }
]",,2025-07-18,,,2025-07-18
be86694f-89da-4438-bc11-054925f07d38,INFO-00000576,69UBX8VQ,Blog post,The ancient landscape of jebel barkal – jebel barkal archaeological project,"Emberling, Geoff",,2025,,,,,,,,https://sites.lsa.umich.edu/jbap/2023/03/21/the-ancient-landscape-of-jebel-barkal/,,,,"Emberling, Geoff (2025.0). The ancient landscape of Jebel Barkal – Jebel Barkal Archaeological Project. nan. https://sites.lsa.umich.edu/jbap/2023/03/21/the-ancient-landscape-of-jebel-barkal/","[
  {
    ""resourceId"": ""a61a7292-9747-40a1-855c-44fb7c8b1f6c"",
    ""resourceXresourceId"": """",
    ""ontologyProperty"": """",
    ""inverseOntologyProperty"": """"
  }
]",,2025-07-18,,,2025-07-18
9aa7c939-423c-4caa-b49c-25da119ffefb,INFO-00000577,AFZ2HBW3,Book,The kaya complex: a history of the mijikenda peoples of the kenya coast to 1900,"Spear, T",,1978,,,,,,,,,,,,"Spear, T (1978.0). The Kaya complex: a history of the Mijikenda peoples of the Kenya coast to 1900. nan.","[
  {
    ""resourceId"": ""a61a7292-9747-40a1-855c-44fb7c8b1f6c"",
    ""resourceXresourceId"": """",
    ""ontologyProperty"": """",
    ""inverseOntologyProperty"": """"
  }
]",,2025-07-18,,,2025-07-18
f18c60df-9254-4db4-9287-ca9e2a46bd87,INFO-00000578,ZJHMHCF8,Book section,The history of old dongola,"Godlewski, Włodzimierz",,,Dongola – ancient Tungul: archaeological guide,,,,,,,https://pcma.uw.edu.pl/wp-content/uploads/2021/09/Old-Dongola_5.pdf,,,,"Godlewski, Włodzimierz (nan). The history of Old Dongola. nan. https://pcma.uw.edu.pl/wp-content/uploads/2021/09/Old-Dongola_5.pdf","[
  {
    ""resourceId"": ""a61a7292-9747-40a1-855c-44fb7c8b1f6c"",
    ""resourceXresourceId"": """",
    ""ontologyProperty"": """",
    ""inverseOntologyProperty"": """"
  }
]",,2025-07-18,,,2025-07-18
0a86259d-1639-4ee7-80c4-502918f19a5d,INFO-00000579,N8JKNNKS,Document,The archaeological sites of the island of meroe nomination file,NCAM,,2010,,,,,,,,https://whc.unesco.org/document/168998,,,,NCAM (2010.0). The Archaeological Sites of The Island of Meroe Nomination File. nan. https://whc.unesco.org/document/168998,"[
  {
    ""resourceId"": ""a61a7292-9747-40a1-855c-44fb7c8b1f6c"",
    ""resourceXresourceId"": """",
    ""ontologyProperty"": """",
    ""inverseOntologyProperty"": """"
  }
]",,2025-07-18,,,2025-07-18
112ce54f-8f2a-4955-aac2-2abdb162962a,INFO-00000580,36K5LDES,Journal article,The mosques of songo mnara in their urban landscape,"Horton, Mark; Fleisher, Jeffrey; Wynne-Jones, Stephanie",,2017,Journal of Islamic Archaeology,2,10.1558/jia.35272,,"2051-9710, 2051-9729",163-188,4,https://journal.equinoxpub.com/JIA/article/view/414,,,,"Horton, Mark; Fleisher, Jeffrey; Wynne-Jones, Stephanie (2017.0). The Mosques of Songo Mnara in their Urban Landscape. nan. https://doi.org/10.1558/jia.35272","[
  {
    ""resourceId"": ""a61a7292-9747-40a1-855c-44fb7c8b1f6c"",
    ""resourceXresourceId"": """",
    ""ontologyProperty"": """",
    ""inverseOntologyProperty"": """"
  }
]",,2025-07-18,,,2025-07-18
5ce192c1-0104-4c99-819e-2ed6055fad2c,INFO-00000581,RPMXJDGZ,Journal article,The possibilities of bush fallows with changing roles of agriculture—an analysis combining remote sensing and interview data from sudanese drylands,"Elmqvist, B.; Khatir, A.R.",,2007,Journal of Arid Environments,2,10.1016/j.jaridenv.2006.12.018,,1401963,329-343,70,https://linkinghub.elsevier.com/retrieve/pii/S0140196307000122,English,,https://www.elsevier.com/tdm/userlicense/1.0/,"Elmqvist, B.; Khatir, A.R. (2007.0). The possibilities of bush fallows with changing roles of agriculture—An analysis combining remote sensing and interview data from Sudanese drylands. nan. https://doi.org/10.1016/j.jaridenv.2006.12.018","[
  {
    ""resourceId"": ""a61a7292-9747-40a1-855c-44fb7c8b1f6c"",
    ""resourceXresourceId"": """",
    ""ontologyProperty"": """",
    ""inverseOntologyProperty"": """"
  }
]",,2025-07-18,,,2025-07-18
62624fea-0a51-4028-9c0e-eb1b26e46f88,INFO-00000582,XU6MQGSU,Journal article,Wolayta,"Anfray, Francis",,1982,Annales d'Ethiopie,1,10.3406/ethio.1982.1211,,0066-2127,215–222,12,https://www.persee.fr/doc/ethio_0066-2127_1982_num_12_1_1211,,,,"Anfray, Francis (1982.0). Wolayta. nan. https://doi.org/10.3406/ethio.1982.1211","[
  {
    ""resourceId"": ""a61a7292-9747-40a1-855c-44fb7c8b1f6c"",
    ""resourceXresourceId"": """",
    ""ontologyProperty"": """",
    ""inverseOntologyProperty"": """"
  }
]",,2026-04-10,,,2026-04-10
3023af29-f325-4654-8976-bbc447ea6092,INFO-00000583,NPMBENXI,Journal article,"Wakarida, un site aksumite à l’est du tigray : fouilles et prospections 2011-2014 / wakarida, an aksumite site in eastern tigray: excavations and surveys 2011-2014","Gajda, Iwona; Benoist, Anne; Charbonnier, Julien; Antonini, Sabina; Peixoto, Xavier; Verdellet, Cécile; Bernard, Vincent; Barge, Olivier; Regagnon, Emmanuelle; Callot, Yann",,2015,Annales d'Ethiopie,1,10.3406/ethio.2015.1587,,0066-2127,177–224,30,https://www.persee.fr/doc/ethio_0066-2127_2015_num_30_1_1587,,"The aim of the project “Archaeological and Epigraphic Investigations in the Tigray Region (1st millennium BC-7th century AD)” is the study of ancient Ethiopian civilisations. This includes transition between different periods of ancient history, the transformation of the natural environment and types of human settlements. The site of Wakarida, chosen as the first study area, is situated near the eastern edge of the Tigray plateau, dominating the Afar depression. The site, covering some 9 ha, was probably a small city or town during the middle and late Aksumite periods (3rd-7th centuries AD). Two areas, excavated between 2011 and 2014 , revealed typically Aksumite structures whose ground plans and construction techniques are similar to those of the large complexes of Matara or Aksum, although their dimensions are smaller. Though situated far from the capital and main commercial routes, the site of Wakarida was not isolated. Several sites, mostly smaller, have been discovered during the regional survey, mostly dating to the same period, and it seems that Wakarida was a centre of local power. Some archaeological remains could date to earlier periods and they are now under study.",,"Gajda, Iwona; Benoist, Anne; Charbonnier, Julien; Antonini, Sabina; Peixoto, Xavier; Verdellet, Cécile; Bernard, Vincent; Barge, Olivier; Regagnon, Emmanuelle; Callot, Yann (2015.0). Wakarida, un site aksumite à l’est du Tigray : fouilles et prospections 2011-2014 / Wakarida, an Aksumite Site in Eastern Tigray: Excavations and Surveys 2011-2014. nan. https://doi.org/10.3406/ethio.2015.1587","[
  {
    ""resourceId"": ""a61a7292-9747-40a1-855c-44fb7c8b1f6c"",
    ""resourceXresourceId"": """",
    ""ontologyProperty"": """",
    ""inverseOntologyProperty"": """"
  }
]",,2026-04-10,,,2026-04-10
f6bda91f-c7b4-4aef-bad4-2cfe84a000ca,INFO-00000584,94NHIV2I,Journal article,"Water, geography, and aksumite civilization: the southern red sea archaeological histories (srsah) project survey (2009–2016)","Harrower, Michael J.; Nathan, Smiti; Mazzariello, Joseph C.; Zerue, Kifle; Dumitru, Ioana A.; Meresa, Yemane; Bongers, Jacob L.; Gebreegziabher, Gidey; Zaitchik, Benjamin F.; Anderson, Martha C.",,2020,African Archaeological Review,1,10.1007/s10437-020-09369-8,,"0263-0338, 1572-9842",51–67,37,http://link.springer.com/10.1007/s10437-020-09369-8,,,,"Harrower, Michael J.; Nathan, Smiti; Mazzariello, Joseph C.; Zerue, Kifle; Dumitru, Ioana A.; Meresa, Yemane; Bongers, Jacob L.; Gebreegziabher, Gidey; Zaitchik, Benjamin F.; Anderson, Martha C. (2020.0). Water, Geography, and Aksumite Civilization: The Southern Red Sea Archaeological Histories (SRSAH) Project Survey (2009–2016). nan. https://doi.org/10.1007/s10437-020-09369-8","[
  {
    ""resourceId"": ""a61a7292-9747-40a1-855c-44fb7c8b1f6c"",
    ""resourceXresourceId"": """",
    ""ontologyProperty"": """",
    ""inverseOntologyProperty"": """"
  }
]",,2026-04-10,,,2026-04-10
c59bfadb-02a3-44b0-a515-7ae304976b9c,INFO-00000585,SWJAH8TT,Journal article,"The sixteenth-century ritual precinct at koticha kesi in the gilgel gibe valley, southern ethiopia","Kinahan, John",,2013,Azania: Archaeological Research in Africa,3,10.1080/0067270X.2013.802407,,"0067-270X, 1945-5534",355–379,48,http://www.tandfonline.com/doi/abs/10.1080/0067270X.2013.802407,,,,"Kinahan, John (2013.0). The Sixteenth-Century Ritual Precinct at Koticha Kesi in the Gilgel Gibe Valley, Southern Ethiopia. nan. https://doi.org/10.1080/0067270X.2013.802407","[
  {
    ""resourceId"": ""a61a7292-9747-40a1-855c-44fb7c8b1f6c"",
    ""resourceXresourceId"": """",
    ""ontologyProperty"": """",
    ""inverseOntologyProperty"": """"
  }
]",,2026-04-10,,,2026-04-10
9b5cac77-d030-4673-a9d3-4fec162a0c5d,INFO-00000586,JKRB9WKL,Journal article,The riddle of the stone walls,"Campbell, Alec C.",,1991,Botswana Notes and Records,,,,0525-5090,243-249,23,https://www.jstor.org/stable/40980855,,,,"Campbell, Alec C. (1991.0). The Riddle of the Stone Walls. nan. https://www.jstor.org/stable/40980855","[
  {
    ""resourceId"": ""a61a7292-9747-40a1-855c-44fb7c8b1f6c"",
    ""resourceXresourceId"": """",
    ""ontologyProperty"": """",
    ""inverseOntologyProperty"": """"
  }
]",,2025-10-06,,,2025-10-06
02fbfe40-9c35-40f5-93d3-008bc62d8a17,INFO-00000587,BK669Z5W,Webpage,Unesco world heritage centre - state of conservation (soc 2012) saloum delta (senegal),"Centre, UNESCO World Heritage",,2025,UNESCO World Heritage Centre,,,,,,,https://whc.unesco.org/en/soc/245/,English,The significant number of reports prepared by the UNESCO Secretariat and the Advisory Bodies to the World Heritage Committee represents an exceptional documentation on numerous conservation issues. It is one of the most comprehensive monitoring systems of any international conventions.,,"Centre, UNESCO World Heritage (2025.0). UNESCO World Heritage Centre - State of Conservation (SOC 2012) Saloum Delta (Senegal). nan. https://whc.unesco.org/en/soc/245/","[
  {
    ""resourceId"": ""a61a7292-9747-40a1-855c-44fb7c8b1f6c"",
    ""resourceXresourceId"": """",
    ""ontologyProperty"": """",
    ""inverseOntologyProperty"": """"
  }
]",,2025-07-18,,,2025-07-18
3a7325c1-0d71-4d4e-b66b-445df9c2bc6e,INFO-00000588,ND7KYZ6H,Thesis,"The role of small animals in the transition period from hunting and gathering to herding in the late holocene: shashe-limpopo basin, botswana","Mooketsi, Cynthia Ontiretse",The University of Western Australia,2023,,,,,,,,https://research-repository.uwa.edu.au/files/289086481/Thesis_-_DOCTOR_OF_PHILOSOPHY_-_MOOKETSI_Cynthia_Ontiretse_-_2023.pdf,English,"The main objective of this research was to investigate the role played by small animals during the transition from hunting and gathering to herding in the late Holocene. To achieve this, I conducted systematic surveys in the Game Reserve and Thune River areas to identify sites with potential for preserved archaeological contexts that could be excavated and to provide an understanding of the sites’ layout in the landscape with factors that influenced the choice of site for settlement. Excavations and analysis of excavated materials carried out on sites dating from the BC 3871 to late AD 1700 period in the Thune River area show that small animals and small-medium Bovids were highly exploited with alternating shifts on the species that were emphasised depending on the period of occupation. These periodical shifts on the animals emphasised were influenced by several factors which include their behavioural patterns and biological cycles in the semi-desert and highly variable Shashe-Limpopo environment. The hunter- gatherer responses to the shifts in the environment (including the animals and vegetation) indicate experimentation which at times would have resulted in making high-risk decisions such as trying out species that had not been part of the diet or a possible reorganisation of the social and economic structures which can include reduced mobility. One of the results of these hunter-gatherer survival behavioural processes can be experimentation with domestic animals which lead to the transition to herding.",,"Mooketsi, Cynthia Ontiretse (2023.0). The Role Of Small Animals In The Transition Period From Hunting And Gathering To Herding In The Late Holocene: Shashe-Limpopo Basin, Botswana. The University of Western Australia. https://research-repository.uwa.edu.au/files/289086481/Thesis_-_DOCTOR_OF_PHILOSOPHY_-_MOOKETSI_Cynthia_Ontiretse_-_2023.pdf","[
  {
    ""resourceId"": ""a61a7292-9747-40a1-855c-44fb7c8b1f6c"",
    ""resourceXresourceId"": """",
    ""ontologyProperty"": """",
    ""inverseOntologyProperty"": """"
  }
]",,2025-07-18,,,2025-07-18
3112d328-cb54-40af-8a6a-50798020120c,INFO-00000589,22MU9JKP,Webpage,Tswapong hills cultural landscape,"Centre, UNESCO World Heritage",,2010,,,,,,,,https://whc.unesco.org/en/tentativelists/5560/,English,,,"Centre, UNESCO World Heritage (2010.0). Tswapong Hills Cultural Landscape. nan. https://whc.unesco.org/en/tentativelists/5560/","[
  {
    ""resourceId"": ""a61a7292-9747-40a1-855c-44fb7c8b1f6c"",
    ""resourceXresourceId"": """",
    ""ontologyProperty"": """",
    ""inverseOntologyProperty"": """"
  }
]",,2025-07-18,,,2025-07-18
40f2881f-09f0-4190-acbc-7c0682faec46,INFO-00000590,2FUXWR6T,Webpage,Toutswemogala hill iron age settlement,"Centre, UNESCO World Heritage",,1999,,,,,,,,https://whc.unesco.org/en/tentativelists/1340/,English,,,"Centre, UNESCO World Heritage (1999.0). Toutswemogala Hill Iron Age Settlement. nan. https://whc.unesco.org/en/tentativelists/1340/","[
  {
    ""resourceId"": ""a61a7292-9747-40a1-855c-44fb7c8b1f6c"",
    ""resourceXresourceId"": """",
    ""ontologyProperty"": """",
    ""inverseOntologyProperty"": """"
  }
]",,2025-07-18,,,2025-07-18
b36ccd61-ab7d-4fc9-a0c8-59a686e1cad0,INFO-00000591,CVZ3Q5DU,Journal article,Variation in the early iron age of southeastern botswana.,"Campbell, Alec; van Waarden, Catrien; Holmberg, Gunilla",,1996,Botswana notes and records,,,,,001-22,28,,,,,"Campbell, Alec; van Waarden, Catrien; Holmberg, Gunilla (1996.0). Variation in the Early Iron Age of Southeastern Botswana.. nan.","[
  {
    ""resourceId"": ""a61a7292-9747-40a1-855c-44fb7c8b1f6c"",
    ""resourceXresourceId"": """",
    ""ontologyProperty"": """",
    ""inverseOntologyProperty"": """"
  }
]",,2025-07-18,,,2025-07-18
956d00db-c21d-43c4-8a99-ae40a7ac2776,INFO-00000592,43MRDNBU,Book section,The tichitt tradition in the west african sahel,"MacDonald, Kevin C.",Cambridge University Press,2015,"The Cambridge World History: Volume 2: A World with Agriculture, 12,000 BCE–500 CE",,10.1017/CBO9780511978807.020,978-0-521-19218-7,,499-513,2,https://www.cambridge.org/core/Books/cambridge-world-history/tichitt-tradition-in-the-west-african-sahel/FA8A6F2725008517F6ABD93007B96405,,"This chapter summarizes the archaeological evidence for the Neolithic and early food production across South Asia, with a focus on four major macro-regions with distinct chronological sequences, crop ecologies and cultural traditions. The four macro-regions are given by the northwest, including the greater Indus valley, the Gangetic plains, eastern India and savanna India. The earliest agriculture in South Asia can be found along the western tributaries of the Indus River, at aceramic settlements like Mehrgarh. Towards the middle Ganges plains there is clear evidence of a strongly indigenous Neolithic tradition, which included the development of rice cultivation and eventual sedentism. The nature of early Neolithic societies in eastern India has been less well studied than other parts of the subcontinent. However, there is a growing corpus of information from various streams of evidence available in the archaeological literature. The case for a truly independent origin of agriculture in South Asia is strongest in the southern peninsula of India.",,"MacDonald, Kevin C. (2015.0). The Tichitt tradition in the West African Sahel. Cambridge University Press. https://doi.org/10.1017/CBO9780511978807.020","[
  {
    ""resourceId"": ""a61a7292-9747-40a1-855c-44fb7c8b1f6c"",
    ""resourceXresourceId"": """",
    ""ontologyProperty"": """",
    ""inverseOntologyProperty"": """"
  }
]",,2025-07-18,,,2025-07-18
4b0c164b-623e-4910-ae52-05d905434ca7,INFO-00000593,II3HPHDE,Book section,Trans-saharan trade,"Scheele, Judith",,2024,Oxford Research Encyclopedia of African History,,10.1093/acrefore/9780190277734.013.176,978-0-19-027773-4,,,,https://oxfordre.com/africanhistory/display/10.1093/acrefore/9780190277734.001.0001/acrefore-9780190277734-e-176,English,"""Trans-Saharan Trade"" published on  by Oxford University Press.",,"Scheele, Judith (2024.0). Trans-Saharan Trade. nan. https://doi.org/10.1093/acrefore/9780190277734.013.176","[
  {
    ""resourceId"": ""a61a7292-9747-40a1-855c-44fb7c8b1f6c"",
    ""resourceXresourceId"": """",
    ""ontologyProperty"": """",
    ""inverseOntologyProperty"": """"
  }
]",,2025-07-18,,,2025-07-18
269322b5-b8f6-41bb-b040-6743c39a36ea,INFO-00000594,6YXIW4LP,Journal article,The windé koroji complex: evidence for the peopling of the eastern inland niger delta (2100-500 bc),"MacDonald, Kevin C.",,1996,Préhistoire anthropologie méditerranéennes,,,,,147-165,5,,,,,"MacDonald, Kevin C. (1996.0). The Windé Koroji Complex: evidence for the peopling of the eastern Inland Niger Delta (2100-500 BC). nan.","[
  {
    ""resourceId"": ""a61a7292-9747-40a1-855c-44fb7c8b1f6c"",
    ""resourceXresourceId"": """",
    ""ontologyProperty"": """",
    ""inverseOntologyProperty"": """"
  }
]",,2025-07-18,,,2025-07-18
9cf501a2-bd80-424b-83d5-f879d3692bb8,INFO-00000595,HB2CPL9D,Journal article,"The relationship among naturally occurring radionuclides, geology, and geography: tsodilo hills, botswana","Bezuidenhout, Jacques",,2019,Journal of Radiation Research and Applied Sciences,,10.1080/16878507.2019.1593717,,,93-100,12,,,,,"Bezuidenhout, Jacques (2019.0). The relationship among naturally occurring radionuclides, geology, and geography: Tsodilo Hills, Botswana. nan. https://doi.org/10.1080/16878507.2019.1593717","[
  {
    ""resourceId"": ""a61a7292-9747-40a1-855c-44fb7c8b1f6c"",
    ""resourceXresourceId"": """",
    ""ontologyProperty"": """",
    ""inverseOntologyProperty"": """"
  }
]",,2025-07-18,,,2025-07-18
c89ab1c8-e64c-4550-a77f-8bae7b412da1,INFO-00000596,68HA5NR9,Book section,The stone building cultures of southern africa,"Pwiti, Gilbert; Kapumha, Russell; Ndoro, Webber",Sapes Books,2013,Zimbabwean Archaeology in the post-independence era,,,978-0-7974-5634-1,,175-198,,,,,,"Pwiti, Gilbert; Kapumha, Russell; Ndoro, Webber (2013.0). The stone building cultures of Southern Africa. Sapes Books.","[
  {
    ""resourceId"": ""a61a7292-9747-40a1-855c-44fb7c8b1f6c"",
    ""resourceXresourceId"": """",
    ""ontologyProperty"": """",
    ""inverseOntologyProperty"": """"
  }
]",,2025-07-18,,,2025-07-18
1202a962-acd3-4b01-951c-346474801309,INFO-00000597,ZFACMJ8M,Book section,The zimbabwe culture and its neighbours,"Pikirayi, Innocent",Oxford University Press,2013,The Oxford HandBook of African Archaeology,,,978-0-19-175009-0,,915-927,,,,,,"Pikirayi, Innocent (2013.0). The Zimbabwe culture and its neighbours. Oxford University Press.","[
  {
    ""resourceId"": ""a61a7292-9747-40a1-855c-44fb7c8b1f6c"",
    ""resourceXresourceId"": """",
    ""ontologyProperty"": """",
    ""inverseOntologyProperty"": """"
  }
]",,2025-07-18,,,2025-07-18
de3935c6-95e3-4863-be13-a9bde38da141,INFO-00000598,LCB7FXSP,Book,The search for takrur : archaeological excavations and reconnaissance along the middle senegal valley,"McIntosh, Roderick J.; McIntosh, Susan Keech; Bocoum, Hamady",Yale University Department of Anthropology : Yale Peabody Museum of Natural History and Distributed by Yale University Press,2016,,,,,,,,https://cir.nii.ac.jp/crid/1130577121818763671,,,,"McIntosh, Roderick J.; McIntosh, Susan Keech; Bocoum, Hamady (2016.0). The search for Takrur : archaeological excavations and reconnaissance along the middle Senegal valley. Yale University Department of Anthropology : Yale Peabody Museum of Natural History and Distributed by Yale University Press. https://cir.nii.ac.jp/crid/1130577121818763671","[
  {
    ""resourceId"": ""a61a7292-9747-40a1-855c-44fb7c8b1f6c"",
    ""resourceXresourceId"": """",
    ""ontologyProperty"": """",
    ""inverseOntologyProperty"": """"
  }
]",,2025-07-18,,,2025-07-18
b48094c1-4771-44cf-b2ca-340fd4a34478,INFO-00000599,G3XXQZ9J,Book section,The swahili and globalization in the indian ocean,"Kusimba, Chapurukha M.",Routledge,2016,The Routledge HandBook of Archaeology and Globalization,,,978-1-315-44900-5,,,,,,"The term globalization is loosely dened as the worldwide movement toward economic,  nancial, trade, and communications integration. This broader outlook sees the world as an  interconnected and interdependent whole. Scholars of globalization today describe the paradox  of our contemporary world (e.g. Benyon and Dunkerley 2006). On the one hand, we are witnessing the breaking down of boundaries of time, space, culture, and dierence at a pace that is  quite dizzying. As mobile technologies stretch and bend personal and collective communication  (see Verne this volume), contact becomes possible at nearly every point in time and space, enabling global economic integration, and unprecedented levels of migration and trade. Discourses  and social movements increasingly debate human rights and the social contract at a global level.",,"Kusimba, Chapurukha M. (2016.0). The Swahili and globalization in the Indian Ocean. Routledge.","[
  {
    ""resourceId"": ""a61a7292-9747-40a1-855c-44fb7c8b1f6c"",
    ""resourceXresourceId"": """",
    ""ontologyProperty"": """",
    ""inverseOntologyProperty"": """"
  }
]",,2025-07-18,,,2025-07-18
0aa5c5b0-3ebe-41ea-b856-9caf8265583d,INFO-00000600,89HAD2EF,Journal article,The wavy line and the dotted wavy line pottery in the prehistory of the central nile and the sahara-sahel belt,"Mohammed-Ali, Abbas S.; Khabir, Abdel-Rahim M.",,2003,African Archaeological Review,1,10.1023/A:1022882305448,,1572-9842,25-58,20,https://doi.org/10.1023/A:1022882305448,English,"The two type-sites of the Khartoum Mesolithic and Khartoum Neolithic (Khartoum Hospital and Shaheinab), in Central Sudan, were excavated at the end of the 1950s. The ceramics recovered from these sites, characterized by wavy line and dotted wavy line decoration, formed a cornerstone for identifying Mesolithic–Neolithic components along the Central Nile and across the Sahara-Sahel Belt. Moreover, they formed a model for an evolutionary sequence, and suggested a level of cultural uniformity for the Nilo-Sahara-Sahel Belt from the eighth to the fourth millennia BC. This paper examines these and other related issues.",,"Mohammed-Ali, Abbas S.; Khabir, Abdel-Rahim M. (2003.0). The Wavy Line and the Dotted Wavy Line Pottery in the Prehistory of the Central Nile and the Sahara-Sahel Belt. nan. https://doi.org/10.1023/A:1022882305448","[
  {
    ""resourceId"": ""a61a7292-9747-40a1-855c-44fb7c8b1f6c"",
    ""resourceXresourceId"": """",
    ""ontologyProperty"": """",
    ""inverseOntologyProperty"": """"
  }
]",,2025-07-18,,,2025-07-18
f45b0864-9147-438d-b0f7-58d5f7c1255c,INFO-00000601,UV8F2YY7,Journal article,"The transition to farming in eastern africa: new faunal and dating evidence from wadh lang'o and usenge, kenya","Lane, Paul; Ashley, Ceri; Seitsonen, Oula; Harvey, Paul; Mire, Sada; Odede, Frederick",,2007,Antiquity,311,10.1017/S0003598X00094849,,"0003-598X, 1745-1744",62-81,81,https://www.cambridge.org/core/journals/antiquity/article/abs/transition-to-farming-in-eastern-africa-new-faunal-and-dating-evidence-from-wadh-lango-and-usenge-kenya/6349026A5CED7E35C0D7EC4BBF2EFB38,English,"The exploratory investigation of two sites in Kenya throws new light on the transition from a ‘stone age’ to an ‘iron age’. The model of widespread cultural replacement by Bantu-speaking iron producers is questioned and instead the authors propose a long interaction with regional variations. In matters of lithics, ceramics, hunting, gathering, husbandry and cooking, East African people created local and eclectic packages of change between 1500BC and AD500.",,"Lane, Paul; Ashley, Ceri; Seitsonen, Oula; Harvey, Paul; Mire, Sada; Odede, Frederick (2007.0). The transition to farming in eastern Africa: new faunal and dating evidence from Wadh Lang'o and Usenge, Kenya. nan. https://doi.org/10.1017/S0003598X00094849","[
  {
    ""resourceId"": ""a61a7292-9747-40a1-855c-44fb7c8b1f6c"",
    ""resourceXresourceId"": """",
    ""ontologyProperty"": """",
    ""inverseOntologyProperty"": """"
  }
]",,2025-07-18,,,2025-07-18
25d9d7bf-2aff-4fc7-9cbc-ab99fa2594b0,INFO-00000602,Q97HKDL2,Journal article,The swahili coast and the indian ocean trade patterns in the 7th–10th centuries ce,"Pollard, Edward; Kinyera, Okeny Charles",,2017,Journal of Southern African Studies,5,doi.org/10.1080/03057070.2017.1345266,,,927-947,43,https://www.tandfonline.com/doi/full/10.1080/03057070.2017.1345266?casa_token=pztnQkAXuskAAAAA%3AgEWaUxn3U-YJKXtGua_oJEnoJSc14AyDN-7kzXS01miufosm19_ce16NdE4FXPPXI5rRB1AVA0ss-A,,,,"Pollard, Edward; Kinyera, Okeny Charles (2017.0). The Swahili Coast and the Indian Ocean Trade Patterns in the 7th–10th Centuries CE. nan. https://doi.org/doi.org/10.1080/03057070.2017.1345266","[
  {
    ""resourceId"": ""a61a7292-9747-40a1-855c-44fb7c8b1f6c"",
    ""resourceXresourceId"": """",
    ""ontologyProperty"": """",
    ""inverseOntologyProperty"": """"
  }
]",,2025-07-18,,,2025-07-18
d8afdacf-f4a7-464c-bb82-e751fdb09ad0,INFO-00000603,T7T9NTXJ,Blog post,[vidéo] les origines de matam : de sinthiou jamm hara à la ville actuelle,"GUEYE, Salla",,2025,Le Soleil,,,,,,,https://lesoleil.sn/actualites/arts-et-culture/video-les-origines-de-matam-de-sinthiou-jamm-hara-a-la-ville-actuelle/,French,"Demba Gatta Thioub, ingénieur de travaux agricoles à la retraite, nous plonge dans les origines de Matam, une région riche en histoire et en traditions. Selon lui, la ville de Matam a été fondée en 1512 par Farba Boubou Samba Gaye, un pêcheur, habitant de Koukani, un village situé à six kilomètres de Bakel. À […]",,"GUEYE, Salla (2025.0). [Vidéo] Les origines de Matam : de Sinthiou Jamm Hara à la ville actuelle. nan. https://lesoleil.sn/actualites/arts-et-culture/video-les-origines-de-matam-de-sinthiou-jamm-hara-a-la-ville-actuelle/","[
  {
    ""resourceId"": ""a61a7292-9747-40a1-855c-44fb7c8b1f6c"",
    ""resourceXresourceId"": """",
    ""ontologyProperty"": """",
    ""inverseOntologyProperty"": """"
  }
]",,2025-07-18,,,2025-07-18
2861bf92-7f97-4874-9dbf-5b8849acf027,INFO-00000604,D6JJGWRP,Webpage,Tsodilo,"Centre, UNESCO World Heritage",,2025,UNESCO World Heritage Centre,,,,,,,https://whc.unesco.org/en/list/1021/,English,"With one of the highest concentrations of rock art in the world, Tsodilo has been called the ''Louvre of the Desert''. Over 4,500 paintings are preserved in an area of only 10 km2 of the Kalahari Desert. The  ...",,"Centre, UNESCO World Heritage (2025.0). Tsodilo. nan. https://whc.unesco.org/en/list/1021/","[
  {
    ""resourceId"": ""a61a7292-9747-40a1-855c-44fb7c8b1f6c"",
    ""resourceXresourceId"": """",
    ""ontologyProperty"": """",
    ""inverseOntologyProperty"": """"
  }
]",,2025-07-18,,,2025-07-18
231c7c82-cbd7-461a-8ea1-7dc840fd4f6b,INFO-00000605,X9PDIP2K,Journal article,The significance of an early date for pottery and sheep in zimbabwe,"Walker, N. J.",South African Archaeological Society,1983,The South African Archaeological Bulletin,138,10.2307/3888641,,0038-1969,88-92,38,https://www.jstor.org/stable/3888641,,"Recent research at Bambata Cave in the Matopos has yielded an early date of just over 2100 B.P. for sheep and pottery associated with Later Stone Age material. On the basis of linguistic, ethnographic and archaeological evidence, it is hypothesized that Cape Khoi pastoralism probably arose in south-western Zimbabwe or adjacent Botswana, following contacts by hunter-gatherers with early Iron Age immigrants. No definite early pastoral sites have yet been located in Zimbabwe, but it is argued that Bambata Cave provides evidence of the contact necessary before such acculturation, if not an early stage of it.",,"Walker, N. J. (1983.0). The Significance of an Early Date for Pottery and Sheep in Zimbabwe. South African Archaeological Society. https://doi.org/10.2307/3888641","[
  {
    ""resourceId"": ""a61a7292-9747-40a1-855c-44fb7c8b1f6c"",
    ""resourceXresourceId"": """",
    ""ontologyProperty"": """",
    ""inverseOntologyProperty"": """"
  }
]",,2025-07-18,,,2025-07-18
64655dce-6595-406d-a16a-526524bbe6c4,INFO-00000606,FD2XLY3V,Journal article,The stylistic origin of bambata and the spread of mixed farming in southern africa,"Huffman, Thomas N.",KwaZulu-Natal Museum,2005,Southern African Humanities,1,10.10520/EJC84753,,,57-79,17,https://journals.co.za/doi/abs/10.10520/EJC84753,,"Bambata pottery, and its role in the spread of food production, requires two explanations. The style probably originated somewhere in Angola, among farming communities which belonged to the KALUNDU TRADITION, but it first spread into south-eastern Africa with hunter-gatherer groups at about AD 200. Only later, at about AD 350, were the Bantu-speaking, mixed farming communities, responsible for the style, present in eastern Botswana and western Zimbabwe.",,"Huffman, Thomas N. (2005.0). The stylistic origin of Bambata and the spread of mixed farming in southern Africa. KwaZulu-Natal Museum. https://doi.org/10.10520/EJC84753","[
  {
    ""resourceId"": ""a61a7292-9747-40a1-855c-44fb7c8b1f6c"",
    ""resourceXresourceId"": """",
    ""ontologyProperty"": """",
    ""inverseOntologyProperty"": """"
  }
]",,2025-07-18,,,2025-07-18
9e072121-0e15-4c9a-8f22-81497a7ff7bd,INFO-00000607,SJTL52U9,Journal article,Through thick and thin: early pottery in southern africa,"Sadr, Karim; Sampson, C. Garth",Brill,2006,,,10.3213/1612-1651-10074,,,,,https://brill.com/view/journals/jaa/4/2/article-p235_4.xml,English,"Conventional wisdom has it that ceramic technology reached southernmost Africa with or just ahead of the so-called Iron Age, Bantu migrations of ca 2000 years ago. A review of the evidence suggests that the earliest ceramics in the subcontinent are thin-walled and smooth surfaced vessels, technologically quite distinct from the first thick-walled, coarse surfaced “Iron Age” ware of the subcontinent, and predating the latter by two to four centuries. There is no published evidence of a thin-walled ware to the north of the Zambezi, although undated examples are known from coastal Angola. It seems unlikely that the thin-walled wares in southernmost Africa represent a residue of some mass human migration in the distant past. It is more likely that the art of making fired clay pots reached the subcontinent through archaeologically invisible infiltrations by small groups, perhaps peripatetic artisans; or it may have been invented locally.",,"Sadr, Karim; Sampson, C. Garth (2006.0). Through thick and thin: early pottery in southern Africa. Brill. https://doi.org/10.3213/1612-1651-10074","[
  {
    ""resourceId"": ""a61a7292-9747-40a1-855c-44fb7c8b1f6c"",
    ""resourceXresourceId"": """",
    ""ontologyProperty"": """",
    ""inverseOntologyProperty"": """"
  }
]",,2025-07-18,,,2025-07-18
712a4ed9-70e1-4807-9e9b-04c6f9d0f3f2,INFO-00000608,JTPZUNG2,Journal article,The southern african stone age sequence updated (ii),"Lombard, Marlize; Bradfield, Justin; Caruana, Matthew V.; Makhubela, Tebogo V.; Dusseldorp, Gerrit L.; Kramers, Jan D.; Wurz, Sarah",South African Archaeological Society,2022,The South African Archaeological Bulletin,217,,,0038-1969,172-212,77,https://www.jstor.org/stable/27200587,,,,"Lombard, Marlize; Bradfield, Justin; Caruana, Matthew V.; Makhubela, Tebogo V.; Dusseldorp, Gerrit L.; Kramers, Jan D.; Wurz, Sarah (2022.0). The Southern African Stone Age Sequence Updated (ii). South African Archaeological Society. https://www.jstor.org/stable/27200587","[
  {
    ""resourceId"": ""a61a7292-9747-40a1-855c-44fb7c8b1f6c"",
    ""resourceXresourceId"": """",
    ""ontologyProperty"": """",
    ""inverseOntologyProperty"": """"
  }
]",,2025-07-18,,,2025-07-18
7f660ee4-3a5e-461f-a28e-a26f881678d3,INFO-00000609,3X8YPS3E,Journal article,The sangoan industries of southern rhodesia,"Cooke, C. K.",South African Archaeological Society,1962,The South African Archaeological Bulletin,68,10.2307/3887429,,0038-1969,212-230,17,https://www.jstor.org/stable/3887429,,,,"Cooke, C. K. (1962.0). The Sangoan Industries of Southern Rhodesia. South African Archaeological Society. https://doi.org/10.2307/3887429","[
  {
    ""resourceId"": ""a61a7292-9747-40a1-855c-44fb7c8b1f6c"",
    ""resourceXresourceId"": """",
    ""ontologyProperty"": """",
    ""inverseOntologyProperty"": """"
  }
]",,2025-07-18,,,2025-07-18
478bdba7-d05e-467a-9a20-3bea27d5a8c9,INFO-00000610,KJZZUN2J,Journal article,The stone age prehistory of southern africa,"Klein, Richard G.",Annual Reviews,1983,Annual Review of Anthropology,,,,0084-6570,25-48,12,https://www.jstor.org/stable/2155639,,,,"Klein, Richard G. (1983.0). The Stone Age Prehistory of Southern Africa. Annual Reviews. https://www.jstor.org/stable/2155639","[
  {
    ""resourceId"": ""a61a7292-9747-40a1-855c-44fb7c8b1f6c"",
    ""resourceXresourceId"": """",
    ""ontologyProperty"": """",
    ""inverseOntologyProperty"": """"
  }
]",,2025-07-18,,,2025-07-18
b9c03461-97a7-4635-8aa9-8a1bc9495412,INFO-00000611,Z2DNN4A2,Journal article,Those marvellous millennia: the middle stone age of southern africa,"Wadley, Lyn",Routledge,2015,Azania: Archaeological Research in Africa,2,10.1080/0067270X.2015.1039236,,0067-270X,155-226,50,https://doi.org/10.1080/0067270X.2015.1039236,,"Africa's Middle Stone Age (MSA) may have lasted almost half a million years, but its earliest expression is not yet well understood. The MSA is best known for innovations that appear in the archaeological record at various times after about 200,000 years ago with the first appearance of Homo sapiens. These novel behaviours embrace hafting technology, the use of compound paints and adhesives, ingenious lithic technology that included pressure flaking and the heat treatment of rock, the engraving of ochre and eggshell with geometric designs, the stringing of shell beads and the production of a wide range of bone implements. Such innovations might have been linked to new types of social behaviour stimulated by demographic pulses and movements within and out of the continent. Population shifts may have occurred repeatedly during the MSA. Southern African sites seem concentrated in the interior of the subcontinent before 130 kya. Thus, the florescence of MSA innovations described here appears to have coincided with the dispersal after 130 kya of populations from the interior to mountainous areas, but, more particularly, to the coastal stretches of the southern and western Cape. Coastal sites are the focus of much of southern Africa’s research into the MSA and some of the continent’s most esteemed sites are coastal ones, particularly those containing iconic Still Bay and Howiesons Poort technocomplexes. By 58 kya occupations tended once more to shift away from the southern coast and back into the interior, or to the eastern seaboard. Some of these later MSA sites have extensive footprints, implying population growth or repeated occupations. Regional and even local variability is characteristic of stone assemblages of the time, while sites seem to have fewer ornaments or decorated items than was formerly the case. The variability in late MSA lithic assemblages is matched by apparent flexibility in the timing of the transfer from the MSA to the Later Stone Age.",,"Wadley, Lyn (2015.0). Those marvellous millennia: the Middle Stone Age of Southern Africa. Routledge. https://doi.org/10.1080/0067270X.2015.1039236","[
  {
    ""resourceId"": ""a61a7292-9747-40a1-855c-44fb7c8b1f6c"",
    ""resourceXresourceId"": """",
    ""ontologyProperty"": """",
    ""inverseOntologyProperty"": """"
  }
]",,2025-07-18,,,2025-07-18
721129a9-e25c-4466-b924-0094708a7e3b,INFO-00000612,85Q2K5EU,Journal article,The roceeh out of africa database (road): a large-scale research database serves as an indispensable tool for human evolutionary studies,"Kandel, Andrew W.; Sommer, Christian; Kanaeva, Zara; Bolus, Michael; Bruch, Angela A.; Groth, Claudia; Haidle, Miriam N.; Hertler, Christine; Heß, Julia; Malina, Maria; Märker, Michael; Hochschild, Volker; Mosbrugger, Volker; Schrenk, Friedemann; Conard, Nicholas J.",,2023,PLOS ONE,8,10.1371/journal.pone.0289513,,1932-6203,e0289513,18,https://dx.plos.org/10.1371/journal.pone.0289513,English,"Large scale databases are critical for helping scientists decipher long-term patterns in human evolution. This paper describes the conception and development of such a research database and illustrates how big data can be harnessed to formulate new ideas about the past. The Role of Culture in Early Expansions of Humans (ROCEEH) is a transdisciplinary research center whose aim is to study the origins of culture and the multifaceted aspects of human expansions across Africa and Eurasia over the last three million years. To support its research, the ROCEEH team developed an online tool named the ROCEEH Out of Africa Database (ROAD) and implemented its web-based applications. ROAD integrates geographical data as well as archaeological, paleoanthropological, paleontological and paleobotanical content within a robust chronological framework. In fact, a unique feature of ROAD is its ability to dynamically link scientific data both spatially and temporally, thereby allowing its reuse in ways that were not originally conceived. The data stem from published sources spanning the last 150 years, including those generated by the research team. Descriptions of these data rely on the development of a standardized vocabulary and profit from online explanations of each table and attribute. By synthesizing legacy data, ROAD facilitates the reuse of heritage data in novel ways. Database queries yield structured information in a variety of interoperable formats. By visualizing data on Maps, users can explore this vast dataset and develop their own theories. By downloading data, users can conduct further quantitative analyses, for example with Geographic Information Systems, modeling programs and artificial intelligence. In this paper, we demonstrate the innovative nature of ROAD and show how it helps scientists studying human evolution to access datasets from different fields, thereby connecting the social and natural sciences. Because it permits the reuse of “old” data in new ways, ROAD is now an indispensable tool for researchers of human evolution and paleogeography.",,"Kandel, Andrew W.; Sommer, Christian; Kanaeva, Zara; Bolus, Michael; Bruch, Angela A.; Groth, Claudia; Haidle, Miriam N.; Hertler, Christine; Heß, Julia; Malina, Maria; Märker, Michael; Hochschild, Volker; Mosbrugger, Volker; Schrenk, Friedemann; Conard, Nicholas J. (2023.0). The ROCEEH Out of Africa Database (ROAD): A large-scale research database serves as an indispensable tool for human evolutionary studies. nan. https://doi.org/10.1371/journal.pone.0289513","[
  {
    ""resourceId"": ""a61a7292-9747-40a1-855c-44fb7c8b1f6c"",
    ""resourceXresourceId"": """",
    ""ontologyProperty"": """",
    ""inverseOntologyProperty"": """"
  }
]",,2025-07-18,,,2025-07-18
dae92510-4945-4d54-b26c-cbd64bda21fc,INFO-00000613,62FQ67ZX,Journal article,"Zooarchaeology of the middle stone age in magubike rockshelter, iringa region, tanzania","Masele, Frank; Willoughby, Pamela Rae",,2021,African Archaeological Review,2,10.1007/s10437-021-09429-7,,"0263-0338, 1572-9842",275-295,38,https://link.springer.com/10.1007/s10437-021-09429-7,English,,,"Masele, Frank; Willoughby, Pamela Rae (2021.0). Zooarchaeology of the Middle Stone Age in Magubike Rockshelter, Iringa Region, Tanzania. nan. https://doi.org/10.1007/s10437-021-09429-7","[
  {
    ""resourceId"": ""a61a7292-9747-40a1-855c-44fb7c8b1f6c"",
    ""resourceXresourceId"": """",
    ""ontologyProperty"": """",
    ""inverseOntologyProperty"": """"
  }
]",,2025-07-18,,,2025-07-18
855831fa-b7ee-428b-b79c-77f1cc16ca5d,INFO-00000614,VBPA957C,Book,"The tanzanian coast in the first millenium ad: an archaeology of the iron-working, farming communities","Chami, Felix; Lindahl, Anders; Societas Archaeologica Upsaliensis",Societas Archaeologica Upsaliensis,1994,,,,978-91-506-1037-6,,,,,,,,"Chami, Felix; Lindahl, Anders; Societas Archaeologica Upsaliensis (1994.0). The Tanzanian Coast in the first millenium AD: an archaeology of the iron-working, farming communities. Societas Archaeologica Upsaliensis.","[
  {
    ""resourceId"": ""a61a7292-9747-40a1-855c-44fb7c8b1f6c"",
    ""resourceXresourceId"": """",
    ""ontologyProperty"": """",
    ""inverseOntologyProperty"": """"
  }
]",,2025-07-18,,,2025-07-18
5bc9a88b-0f2c-4c2b-8fc0-1aa94e0eeba4,INFO-00000615,UA3WRNR8,Journal article,"The transition from the later stone age to iron age in kondoa, central tanzania","Kessy, Emanuel Thomas",,2013,African Archaeological Review,3,10.1007/s10437-013-9141-4,,"0263-0338, 1572-9842",225-252,30,http://link.springer.com/10.1007/s10437-013-9141-4,English,,http://www.springer.com/tdm,"Kessy, Emanuel Thomas (2013.0). The Transition from the Later Stone Age to Iron Age in Kondoa, Central Tanzania. nan. https://doi.org/10.1007/s10437-013-9141-4","[
  {
    ""resourceId"": ""a61a7292-9747-40a1-855c-44fb7c8b1f6c"",
    ""resourceXresourceId"": """",
    ""ontologyProperty"": """",
    ""inverseOntologyProperty"": """"
  }
]",,2025-07-18,,,2025-07-18
4f110d13-772a-4595-b062-9bdda150cf5e,INFO-00000616,UTEZU2UU,Journal article,Vestiges protohistoriques et occupation humaine au sénégal,"Martin, Victor; Becker, Charles",,1974,Annales de Démographie Historique,1,10.3406/adh.1974.1246,,,403-429,1974,https://www.persee.fr/doc/adh_0066-2062_1974_num_1974_1_1246,French,,free,"Martin, Victor; Becker, Charles (1974.0). Vestiges protohistoriques et occupation humaine au Sénégal. nan. https://doi.org/10.3406/adh.1974.1246","[
  {
    ""resourceId"": ""a61a7292-9747-40a1-855c-44fb7c8b1f6c"",
    ""resourceXresourceId"": """",
    ""ontologyProperty"": """",
    ""inverseOntologyProperty"": """"
  }
]",,2025-07-18,,,2025-07-18
6a4105dd-b9e7-4b6d-9ddf-b3b5f219860c,INFO-00000617,X2M9N4FY,Book,Villages de l'ancien tekrour: recherches archéologiques dans la moyenne vallée du fleuve sénégal,"Chavane, Bruno A.",KARTHALA Editions,1985,,,,978-2-86537-143-3,,,,,French,,,"Chavane, Bruno A. (1985.0). Villages de l'ancien Tekrour: recherches archéologiques dans la moyenne vallée du fleuve Sénégal. KARTHALA Editions.","[
  {
    ""resourceId"": ""a61a7292-9747-40a1-855c-44fb7c8b1f6c"",
    ""resourceXresourceId"": """",
    ""ontologyProperty"": """",
    ""inverseOntologyProperty"": """"
  }
]",,2025-07-18,,,2025-07-18
31dbab46-9a78-4bf7-a0fa-8417012b8a1c,INFO-00000618,2VPNQ4YW,Journal article,The sudan papers of the rev. dr. a. j. arkell,"O'Fahey, R. S.",University of Khartoum,1974,Sudan Notes and Records,,,,0375-2984,172-174,55,https://www.jstor.org/stable/42677967,,,,"O'Fahey, R. S. (1974.0). The Sudan Papers of the Rev. Dr. A. J. Arkell. University of Khartoum. https://www.jstor.org/stable/42677967","[
  {
    ""resourceId"": ""a61a7292-9747-40a1-855c-44fb7c8b1f6c"",
    ""resourceXresourceId"": """",
    ""ontologyProperty"": """",
    ""inverseOntologyProperty"": """"
  }
]",,2025-07-18,,,2025-07-18
323b4749-353c-4e1f-9aa7-6c1f57fb8cb8,INFO-00000619,WDEIRF4R,Journal article,The search for takrur: archaeological excavations and reconnaissance along the middle senegal valley,"Magnavita, Sonja",,2017,Azania: Archaeological Research in Africa,4,10.1080/0067270X.2017.1379177,,"0067-270X, 1945-5534",546-548,52,https://www.tandfonline.com/doi/full/10.1080/0067270X.2017.1379177,English,,,"Magnavita, Sonja (2017.0). The search for Takrur: archaeological excavations and reconnaissance along the Middle Senegal Valley. nan. https://doi.org/10.1080/0067270X.2017.1379177","[
  {
    ""resourceId"": ""a61a7292-9747-40a1-855c-44fb7c8b1f6c"",
    ""resourceXresourceId"": """",
    ""ontologyProperty"": """",
    ""inverseOntologyProperty"": """"
  }
]",,2025-07-18,,,2025-07-18
570bb06b-0e80-4002-97fa-32f965b6261e,INFO-00000620,E3QTXEKE,Book section,"Tiémassas, senegal","Niang, Khady; Blinkhorn, James",Springer International Publishing,2023,HandBook of Pleistocene Archaeology of Africa,,10.1007/978-3-031-20290-2_60,978-3-031-20289-6 978-3-031-20290-2,,941-950,,https://link.springer.com/10.1007/978-3-031-20290-2_60,English,,,"Niang, Khady; Blinkhorn, James (2023.0). Tiémassas, Senegal. Springer International Publishing. https://doi.org/10.1007/978-3-031-20290-2_60","[
  {
    ""resourceId"": ""a61a7292-9747-40a1-855c-44fb7c8b1f6c"",
    ""resourceXresourceId"": """",
    ""ontologyProperty"": """",
    ""inverseOntologyProperty"": """"
  }
]",,2025-07-18,,,2025-07-18
fbc3c47c-f556-46c8-8d47-dfc66c942375,INFO-00000621,RH3UW7VL,Journal article,"Two new later stone age sites from the final pleistocene in the falémé valley, eastern senegal","Ndiaye, Matar; Lespez, Laurent; Tribolo, Chantal; Rasse, Michel; Hadjas, Irka; Davidoux, Sarah; Huysecom, Éric; Douze, Katja",,2024,PLoS ONE,3,10.1371/journal.pone.0294346,,1932-6203,e0294346,19,https://www.research-collection.ethz.ch/handle/20.500.11850/667478,English,"The understanding of cultural dynamics at work at the end of the Final Pleistocene in West Africa suffers from a significant lack of excavated and dated sites, particularly in the Sahelian and Sudanian ecozones. While the Later Stone Age shows varied behavioral developments in different parts of the continent, the chrono-cultural framework of this period remains largely unknown in West Africa. We report on archaeological, geomorphological, and chronological research on two Final Pleistocene Later Stone Age sites in the Falémé Valley, eastern Senegal. Optically stimulated luminescence ages place the site of Toumboura I-2017 between 17 ± 1 and 16 ± 1 ka and the Ravin de Sansandé site between 13 ± 1 ka and 12 ± 1.1 ka. The excavated lithics show typical Later Stone Age industries, characterized by chaînes opératoires of core reduction mainly producing flakes and bladelets as well as blades and laminar flakes. Segments dominate the toolkits but a few backed bladelets and end-scrapers on flake blanks were recognized. Local raw materials were used, with a preference for chert and quartz, as well as greywacke. These Later Stone Age lithic assemblages are the oldest known in Senegal so far and add to the small number of sites known in West Africa for this period, which are mainly located farther south, in sub-tropical ecozones. The Later Stone Age sites of the Falémé Valley are contemporaneous with typical Middle Stone Age technologies in Senegal dated to at least the Pleistocene/Holocene transition. Our results thus provide new archaeological evidence highlighting the complex cultural processes at work during the Final Pleistocene in West Africa.",http://creativecommons.org/licenses/by/4.0/,"Ndiaye, Matar; Lespez, Laurent; Tribolo, Chantal; Rasse, Michel; Hadjas, Irka; Davidoux, Sarah; Huysecom, Éric; Douze, Katja (2024.0). Two new Later Stone Age sites from the Final Pleistocene in the Falémé Valley, eastern Senegal. nan. https://doi.org/10.1371/journal.pone.0294346","[
  {
    ""resourceId"": ""a61a7292-9747-40a1-855c-44fb7c8b1f6c"",
    ""resourceXresourceId"": """",
    ""ontologyProperty"": """",
    ""inverseOntologyProperty"": """"
  }
]",,2025-07-18,,,2025-07-18
be055b53-dfed-4c11-80d0-72911a28d21f,INFO-00000622,UET78ZYN,Journal article,"This is what pots look like here: ceramics, tradition and consumption on mafia island, tanzania","Wynne-Jones, Stephanie; Mapunda, Bertram B.B.",,2008,Azania: Archaeological Research in Africa,1,10.1080/00672700809480456,,"0067-270X, 1945-5534",001-017,43,http://www.tandfonline.com/doi/abs/10.1080/00672700809480456,English,,,"Wynne-Jones, Stephanie; Mapunda, Bertram B.B. (2008.0). This is what pots look like here: ceramics, tradition and consumption on Mafia Island, Tanzania. nan. https://doi.org/10.1080/00672700809480456","[
  {
    ""resourceId"": ""a61a7292-9747-40a1-855c-44fb7c8b1f6c"",
    ""resourceXresourceId"": """",
    ""ontologyProperty"": """",
    ""inverseOntologyProperty"": """"
  }
]",,2025-07-18,,,2025-07-18
5b65feaf-c9e9-41ca-ab5b-2b08639b9b52,INFO-00000623,HVETBQGZ,Journal article,"Unguja ukuu: the earliest imported pottery, and an abbasid dinar","Chittick, Neville",,1966,Azania: Archaeological Research in Africa,1,10.1080/00672706609511352,,"0067-270X, 1945-5534",161-163,1,http://www.tandfonline.com/doi/abs/10.1080/00672706609511352,English,,,"Chittick, Neville (1966.0). Unguja Ukuu: The Earliest Imported Pottery, And An Abbasid Dinar. nan. https://doi.org/10.1080/00672706609511352","[
  {
    ""resourceId"": ""a61a7292-9747-40a1-855c-44fb7c8b1f6c"",
    ""resourceXresourceId"": """",
    ""ontologyProperty"": """",
    ""inverseOntologyProperty"": """"
  }
]",,2025-07-18,,,2025-07-18
5f4e57e9-d141-4ebd-8312-696acdcf6729,INFO-00000624,KEFFAI3K,Journal article,"Urbanisation in eastern africa: an historical overview, c.1750–2000","Burton, Andrew",,2001,Azania: Archaeological Research in Africa,1,10.1080/00672700109511697,,"0067-270X, 1945-5534",001-28,36-37,http://www.tandfonline.com/doi/abs/10.1080/00672700109511697,English,,,"Burton, Andrew (2001.0). Urbanisation in Eastern Africa: An historical overview, c.1750–2000. nan. https://doi.org/10.1080/00672700109511697","[
  {
    ""resourceId"": ""a61a7292-9747-40a1-855c-44fb7c8b1f6c"",
    ""resourceXresourceId"": """",
    ""ontologyProperty"": """",
    ""inverseOntologyProperty"": """"
  }
]",,2025-07-18,,,2025-07-18
1cae0b50-3236-4aee-a845-23c5f56ea669,INFO-00000625,Y58CFPV7,Journal article,Uvinza and its salt industry,"Sutton, J. E. G.; Roberts, A. D.",,1968,Azania: Archaeological Research in Africa,1,10.1080/00672706809511487,,"0067-270X, 1945-5534",45-86,3,http://www.tandfonline.com/doi/abs/10.1080/00672706809511487,English,,,"Sutton, J. E. G.; Roberts, A. D. (1968.0). Uvinza and its Salt Industry. nan. https://doi.org/10.1080/00672706809511487","[
  {
    ""resourceId"": ""a61a7292-9747-40a1-855c-44fb7c8b1f6c"",
    ""resourceXresourceId"": """",
    ""ontologyProperty"": """",
    ""inverseOntologyProperty"": """"
  }
]",,2025-07-18,,,2025-07-18
88c51a44-b29a-45b2-91c7-68addbc7a947,INFO-00000626,ZDLN3ESY,Journal article,The prehistoric rock art of the lake victoria region,"Chaplin, J. H.",,1974,Azania: Archaeological Research in Africa,1,10.1080/00672707409511714,,"0067-270X, 1945-5534",006-50,9,http://www.tandfonline.com/doi/abs/10.1080/00672707409511714,English,,,"Chaplin, J. H. (1974.0). The Prehistoric Rock Art of the Lake Victoria Region. nan. https://doi.org/10.1080/00672707409511714","[
  {
    ""resourceId"": ""a61a7292-9747-40a1-855c-44fb7c8b1f6c"",
    ""resourceXresourceId"": """",
    ""ontologyProperty"": """",
    ""inverseOntologyProperty"": """"
  }
]",,2025-07-18,,,2025-07-18
c7a0b9ff-c2aa-480a-a0c7-1e8d74e70b5e,INFO-00000627,QVU7CV8B,Journal article,"The rock art of kondoa district, tanzania","Bwasiri, Emmanuel J.; Smith, Benjamin W.",,2015,Azania: Archaeological Research in Africa,4,10.1080/0067270X.2015.1120436,,"0067-270X, 1945-5534",437-459,50,http://www.tandfonline.com/doi/full/10.1080/0067270X.2015.1120436,English,,,"Bwasiri, Emmanuel J.; Smith, Benjamin W. (2015.0). The rock art of Kondoa District, Tanzania. nan. https://doi.org/10.1080/0067270X.2015.1120436","[
  {
    ""resourceId"": ""a61a7292-9747-40a1-855c-44fb7c8b1f6c"",
    ""resourceXresourceId"": """",
    ""ontologyProperty"": """",
    ""inverseOntologyProperty"": """"
  }
]",,2025-07-18,,,2025-07-18
efac18fa-019f-4243-889f-4ca2b0d6970e,INFO-00000628,8GX9U7CD,Journal article,The spatial dichotomy of swahili towns: the case of zanzibar in the nineteenth century,"Sheriff, Abdul",,2001,Azania: Archaeological Research in Africa,1,10.1080/00672700109511700,,"0067-270X, 1945-5534",63-81,36-37,http://www.tandfonline.com/doi/abs/10.1080/00672700109511700,English,,,"Sheriff, Abdul (2001.0). The spatial dichotomy of Swahili towns: The case of Zanzibar in the nineteenth century. nan. https://doi.org/10.1080/00672700109511700","[
  {
    ""resourceId"": ""a61a7292-9747-40a1-855c-44fb7c8b1f6c"",
    ""resourceXresourceId"": """",
    ""ontologyProperty"": """",
    ""inverseOntologyProperty"": """"
  }
]",,2025-07-18,,,2025-07-18
922e5167-7d45-46fd-9fe2-b26726475f10,INFO-00000629,KIG49TMW,Journal article,Two traditions about the early history of kilwa,"Chittick, Neville",,1968,Azania: Archaeological Research in Africa,1,10.1080/00672706809511497,,"0067-270X, 1945-5534",197-200,3,http://www.tandfonline.com/doi/abs/10.1080/00672706809511497,English,,,"Chittick, Neville (1968.0). Two Traditions About The Early History Of Kilwa. nan. https://doi.org/10.1080/00672706809511497","[
  {
    ""resourceId"": ""a61a7292-9747-40a1-855c-44fb7c8b1f6c"",
    ""resourceXresourceId"": """",
    ""ontologyProperty"": """",
    ""inverseOntologyProperty"": """"
  }
]",,2025-07-18,,,2025-07-18
95bf0900-b42a-4d61-8f4d-152fb31ded6f,INFO-00000630,4EPYSPV6,Journal article,Ugunja: a new kansyore (oltome) site,"Mosley, P. N.; Davison, S.",,1992,Azania: Archaeological Research in Africa,1,10.1080/00672709209511433,,"0067-270X, 1945-5534",129-134,27,http://www.tandfonline.com/doi/abs/10.1080/00672709209511433,English,,,"Mosley, P. N.; Davison, S. (1992.0). Ugunja: a new Kansyore (Oltome) site. nan. https://doi.org/10.1080/00672709209511433","[
  {
    ""resourceId"": ""a61a7292-9747-40a1-855c-44fb7c8b1f6c"",
    ""resourceXresourceId"": """",
    ""ontologyProperty"": """",
    ""inverseOntologyProperty"": """"
  }
]",,2025-07-18,,,2025-07-18
4cf2d549-448a-413f-a868-132083093470,INFO-00000631,2K6HWJD8,Journal article,The tunjur: a central sudanic mystery,"O'Fahey, R S",University of Khartoum,1980,Sudan Notes and Records,,,,0375-2984,47-60,61,https://www.jstor.org/stable/44947412,,,,"O'Fahey, R S (1980.0). The Tunjur: A Central Sudanic Mystery. University of Khartoum. https://www.jstor.org/stable/44947412","[
  {
    ""resourceId"": ""a61a7292-9747-40a1-855c-44fb7c8b1f6c"",
    ""resourceXresourceId"": """",
    ""ontologyProperty"": """",
    ""inverseOntologyProperty"": """"
  }
]",,2025-07-18,,,2025-07-18
c7f58362-f6b4-450a-a27a-5300144809f1,INFO-00000632,AHUJSTE4,Journal article,The tomb of the dated inscription at gedi,"Kirkman, J S",,1960,Royal Anthropological Institute of Great Britain and Ireland,,,,,,4,,English,,,"Kirkman, J S (1960.0). The Tomb of the Dated Inscription at Gedi. nan.","[
  {
    ""resourceId"": ""a61a7292-9747-40a1-855c-44fb7c8b1f6c"",
    ""resourceXresourceId"": """",
    ""ontologyProperty"": """",
    ""inverseOntologyProperty"": """"
  }
]",,2025-07-18,,,2025-07-18
3bd9cddf-199e-49d1-8207-bc95c75b001f,INFO-00000633,V75946IR,Book,The rise and fall of swahili states,"Kusimba, Chapurukha",Altamira,1998,,,,978-0-7619-9051-2,,,,,English,,,"Kusimba, Chapurukha (1998.0). The Rise and Fall of Swahili States. Altamira.","[
  {
    ""resourceId"": ""a61a7292-9747-40a1-855c-44fb7c8b1f6c"",
    ""resourceXresourceId"": """",
    ""ontologyProperty"": """",
    ""inverseOntologyProperty"": """"
  }
]",,2025-07-18,,,2025-07-18
9e038a95-a912-4eb8-95df-422383fda2b6,INFO-00000634,GRJFX2GD,Journal article,"The rock art of mara region, tanzania","Mabulla, Audax Z.P.",,2005,Azania: Archaeological Research in Africa,1,10.1080/00672700509480412,,"0067-270X, 1945-5534",19-42,40,http://www.tandfonline.com/doi/abs/10.1080/00672700509480412,English,,,"Mabulla, Audax Z.P. (2005.0). The Rock Art of Mara Region, Tanzania. nan. https://doi.org/10.1080/00672700509480412","[
  {
    ""resourceId"": ""a61a7292-9747-40a1-855c-44fb7c8b1f6c"",
    ""resourceXresourceId"": """",
    ""ontologyProperty"": """",
    ""inverseOntologyProperty"": """"
  }
]",,2025-07-18,,,2025-07-18
dc48674c-7a2e-4fcc-a725-889925f46178,INFO-00000635,PPWN3UJG,Book,The terrace builders of nyanga,"Soper, Robert",Weaver Press,2013,,,,,,,,,English,,,"Soper, Robert (2013.0). The Terrace Builders of Nyanga. Weaver Press.","[
  {
    ""resourceId"": ""a61a7292-9747-40a1-855c-44fb7c8b1f6c"",
    ""resourceXresourceId"": """",
    ""ontologyProperty"": """",
    ""inverseOntologyProperty"": """"
  }
]",,2025-07-18,,,2025-07-18
47d7ce7a-460e-4c71-85e9-7b5b3467dcc2,INFO-00000636,G8NIJP2N,Journal article,"The urban history of a rural place: swahili archaeology on pemba island, tanzania, 700-1500 ad","Fleisher, Jeffrey; LaViolette, Adria",,2009,The International Journal of African Historical Studies,,,,,,,https://www.researchgate.net/publication/262675334_The_Urban_History_of_a_Rural_Place_Swahili_Archaeology_on_Pemba_Island_Tanzania_700-1500_AD,English,Access 135+ million publications and connect with 20+ million researchers. Join for free and gain visibility by uploading your research.,,"Fleisher, Jeffrey; LaViolette, Adria (2009.0). The Urban History of a Rural Place: Swahili Archaeology on Pemba Island, Tanzania, 700-1500 AD. nan. https://www.researchgate.net/publication/262675334_The_Urban_History_of_a_Rural_Place_Swahili_Archaeology_on_Pemba_Island_Tanzania_700-1500_AD","[
  {
    ""resourceId"": ""a61a7292-9747-40a1-855c-44fb7c8b1f6c"",
    ""resourceXresourceId"": """",
    ""ontologyProperty"": """",
    ""inverseOntologyProperty"": """"
  }
]",,2025-07-18,,,2025-07-18
29926c4e-55b4-49bc-a4fe-41129ece9a71,INFO-00000637,JRICZSI7,Journal article,Tracing sources of indigenous knowledge on building elements of historic structures: the case of bagamoyo building heritage site in tanzania,"Sanga, Samwel Alananga; Lucian, Charles",,2013,,,,,,,,https://www.researchgate.net/publication/330313837_Tracing_Sources_of_Indigenous_Knowledge_on_Building_elements_of_Historic_Structures_The_Case_of_Bagamoyo_Building_Heritage_Site_in_Tanzania,English,Access 135+ million publications and connect with 20+ million researchers. Join for free and gain visibility by uploading your research.,,"Sanga, Samwel Alananga; Lucian, Charles (2013.0). Tracing Sources of Indigenous Knowledge on Building elements of Historic Structures: The Case of Bagamoyo Building Heritage Site in Tanzania. nan. https://www.researchgate.net/publication/330313837_Tracing_Sources_of_Indigenous_Knowledge_on_Building_elements_of_Historic_Structures_The_Case_of_Bagamoyo_Building_Heritage_Site_in_Tanzania","[
  {
    ""resourceId"": ""a61a7292-9747-40a1-855c-44fb7c8b1f6c"",
    ""resourceXresourceId"": """",
    ""ontologyProperty"": """",
    ""inverseOntologyProperty"": """"
  }
]",,2025-07-18,,,2025-07-18
453cc8d0-1e8f-484e-abde-a500dfe4be49,INFO-00000638,ZHV45TYZ,Journal article,"The stone-circle graves at ng'amoritung'a, southern turkana district, kenya","Soper, Robert; Lynch, Mark",,1977,Azania Archaeological Research in Africa,1,10.1080/00672707709511255,,,193-208,12,,,,,"Soper, Robert; Lynch, Mark (1977.0). The Stone-Circle Graves at Ng'amoritung'a, Southern Turkana District, Kenya. nan. https://doi.org/10.1080/00672707709511255","[
  {
    ""resourceId"": ""a61a7292-9747-40a1-855c-44fb7c8b1f6c"",
    ""resourceXresourceId"": """",
    ""ontologyProperty"": """",
    ""inverseOntologyProperty"": """"
  }
]",,2025-07-18,,,2025-07-18
21dcde73-40e2-4540-898e-547082b05aec,INFO-00000639,QMBY8SHW,Webpage,Wassu stone circles quarry site,"UNESCO, UNESCO World Heritage",,2025,UNESCO World Heritage Centre,,,,,,,https://whc.unesco.org/en/tentativelists/6063/,English,UNESCO World Heritage Centre,,"UNESCO, UNESCO World Heritage (2025.0). Wassu Stone Circles Quarry Site. nan. https://whc.unesco.org/en/tentativelists/6063/","[
  {
    ""resourceId"": ""a61a7292-9747-40a1-855c-44fb7c8b1f6c"",
    ""resourceXresourceId"": """",
    ""ontologyProperty"": """",
    ""inverseOntologyProperty"": """"
  }
]",,2025-07-18,,,2025-07-18
b53d24c5-872d-4fad-8d0a-eed2b7683950,INFO-00000640,U6B28IB5,Book,The swahili world,"Wynne-Jones, Stephanie; LaViolette, Adria",,2017,,,,978-0-367-66000-0,,,,https://www.taylorfrancis.com/reader/read-online/d8c5d651-7543-4a6f-ac9a-7f3fafd3ddda/Book/epub?context=ubx,,,,"Wynne-Jones, Stephanie; LaViolette, Adria (2017.0). The Swahili World. nan. https://www.taylorfrancis.com/reader/read-online/d8c5d651-7543-4a6f-ac9a-7f3fafd3ddda/Book/epub?context=ubx","[
  {
    ""resourceId"": ""a61a7292-9747-40a1-855c-44fb7c8b1f6c"",
    ""resourceXresourceId"": """",
    ""ontologyProperty"": """",
    ""inverseOntologyProperty"": """"
  }
]",,2025-07-18,,,2025-07-18
4d6c5163-da9f-4dec-95f2-48c62577d40d,INFO-00000641,P67BQ9P6,Document,"Tiya periodic reporting cycle 1, section ii","Centre, UNESCO World Heritage",,2001,,,,,,,,https://whc.unesco.org/en/list/12/,English,"Tiya is among the most important of the roughly 160 archaeological sites discovered so far in the Soddo region, south of Addis Ababa. The site contains 36 monuments, including 32 carved stelae covered with symbols,  ...",,"Centre, UNESCO World Heritage (2001.0). Tiya Periodic Reporting Cycle 1, Section II. nan. https://whc.unesco.org/en/list/12/","[
  {
    ""resourceId"": ""a61a7292-9747-40a1-855c-44fb7c8b1f6c"",
    ""resourceXresourceId"": """",
    ""ontologyProperty"": """",
    ""inverseOntologyProperty"": """"
  }
]",,2025-07-18,,,2025-07-18
7a666395-0fc5-4d07-bff3-1ee8b67e4e13,INFO-00000642,K8B8B8CI,Document,Tiya periodic report,"Centre, UNESCO World Heritage",,2021,,,,,,,,https://whc.unesco.org/en/list/12/,English,"Tiya is among the most important of the roughly 160 archaeological sites discovered so far in the Soddo region, south of Addis Ababa. The site contains 36 monuments, including 32 carved stelae covered with symbols,  ...",,"Centre, UNESCO World Heritage (2021.0). Tiya Periodic Report. nan. https://whc.unesco.org/en/list/12/","[
  {
    ""resourceId"": ""a61a7292-9747-40a1-855c-44fb7c8b1f6c"",
    ""resourceXresourceId"": """",
    ""ontologyProperty"": """",
    ""inverseOntologyProperty"": """"
  }
]",,2025-07-18,,,2025-07-18
5614974a-e9fa-4453-a520-51025e03f09e,INFO-00000643,XNBLID53,Document,Unesco world heritage centre - state of conservation (soc 1996) lower valley of the awash (ethiopia),"Centre, UNESCO World Heritage",,2025,,,,,,,,https://whc.unesco.org/en/soc/2072/,English,The significant number of reports prepared by the UNESCO Secretariat and the Advisory Bodies to the World Heritage Committee represents an exceptional documentation on numerous conservation issues. It is one of the most comprehensive monitoring systems of any international conventions.,,"Centre, UNESCO World Heritage (2025.0). UNESCO World Heritage Centre - State of Conservation (SOC 1996) Lower Valley of the Awash (Ethiopia). nan. https://whc.unesco.org/en/soc/2072/","[
  {
    ""resourceId"": ""a61a7292-9747-40a1-855c-44fb7c8b1f6c"",
    ""resourceXresourceId"": """",
    ""ontologyProperty"": """",
    ""inverseOntologyProperty"": """"
  }
]",,2025-07-18,,,2025-07-18
973cd3da-0cd8-404a-a930-5eacad8be7aa,INFO-00000644,GB3Y77Z6,Journal article,"The qatari mission for the pyramids of sudan – archaeological investigation, conservation and site management at meroe 2015/2016","Riedel, Alexandra; Bashir, Mahmoud Suliman; Mohamed, Murtada Bushara",,,,,,,,,,https://www.sudarchrs.org.uk/wp-content/uploads/2019/07/SARS_SN20_Riedel-et-al.pdf,English,,,"Riedel, Alexandra; Bashir, Mahmoud Suliman; Mohamed, Murtada Bushara (nan). The Qatari Mission for the Pyramids of Sudan – Archaeological Investigation, Conservation and Site Management at Meroe 2015/2016. nan. https://www.sudarchrs.org.uk/wp-content/uploads/2019/07/SARS_SN20_Riedel-et-al.pdf","[
  {
    ""resourceId"": ""a61a7292-9747-40a1-855c-44fb7c8b1f6c"",
    ""resourceXresourceId"": """",
    ""ontologyProperty"": """",
    ""inverseOntologyProperty"": """"
  }
]",,2025-07-18,,,2025-07-18
898f365d-3655-4144-9338-9f3c0c4c6a69,INFO-00000645,R8BA2ARN,Blog post,The pyramid cemeteries at meroë – tana – transarea network africa,TANA,,2025,,,,,,,,https://www.dainst.blog/tana/the-pyramid-cemeteries-of-meroe/,,,,TANA (2025.0). The pyramid cemeteries at Meroë – TANA – TransArea Network Africa. nan. https://www.dainst.blog/tana/the-pyramid-cemeteries-of-meroe/,"[
  {
    ""resourceId"": ""a61a7292-9747-40a1-855c-44fb7c8b1f6c"",
    ""resourceXresourceId"": """",
    ""ontologyProperty"": """",
    ""inverseOntologyProperty"": """"
  }
]",,2025-07-18,,,2025-07-18
396c71f1-55dd-4b18-9e90-d00461708aa0,INFO-00000646,5CBPRR9R,Webpage,Wanar rapport 2009.pdf,laporte,,2025,Fichier PDF,,,,,,,https://www.fichier-pdf.fr/2012/10/05/wanar-rapport-2009/,French,Lecture et téléchargement du fichier Wanar Rapport 2009.pdf sur www.fichier-pdf.fr,,laporte (2025.0). Wanar Rapport 2009.pdf. nan. https://www.fichier-pdf.fr/2012/10/05/wanar-rapport-2009/,"[
  {
    ""resourceId"": ""a61a7292-9747-40a1-855c-44fb7c8b1f6c"",
    ""resourceXresourceId"": """",
    ""ontologyProperty"": """",
    ""inverseOntologyProperty"": """"
  }
]",,2025-07-18,,,2025-07-18
fda0b237-850d-402f-8efc-e6575a07310f,INFO-00000647,7NH4NE5N,Webpage,Unesco world heritage centre - tentative lists,"Centre, UNESCO World Heritage",,2025,UNESCO World Heritage Centre,,,,,,,https://whc.unesco.org/en/tentativelists/action=listtentative&order=states&state=sd,English,UNESCO World Heritage Centre,,"Centre, UNESCO World Heritage (2025.0). UNESCO World Heritage Centre - Tentative Lists. nan. https://whc.unesco.org/en/tentativelists/action=listtentative&order=states&state=sd","[
  {
    ""resourceId"": ""a61a7292-9747-40a1-855c-44fb7c8b1f6c"",
    ""resourceXresourceId"": """",
    ""ontologyProperty"": """",
    ""inverseOntologyProperty"": """"
  }
]",,2025-07-18,,,2025-07-18
18071f9c-4f8e-4b83-9738-8dd71e77fb70,INFO-00000648,H4KWMX3Z,Report,The sacred forests of the north-east tanzania and coastal kenya,"Walsh, M",WWF/IUCN.,1992,,,,,,,,,,,,"Walsh, M (1992.0). The sacred forests of the north-east Tanzania and coastal Kenya. WWF/IUCN..","[
  {
    ""resourceId"": ""a61a7292-9747-40a1-855c-44fb7c8b1f6c"",
    ""resourceXresourceId"": """",
    ""ontologyProperty"": """",
    ""inverseOntologyProperty"": """"
  }
]",,2025-07-18,,,2025-07-18
8a88125d-9b25-42c2-8702-85c06450efb6,INFO-00000649,UJEG2HBS,Webpage,Unesco world heritage centre - state of conservation (soc 2024) gebel barkal and the sites of the napatan region (sudan),"Centre, UNESCO World Heritage",,2025,UNESCO World Heritage Centre,,,,,,,https://whc.unesco.org/en/soc/4608/,English,The significant number of reports prepared by the UNESCO Secretariat and the Advisory Bodies to the World Heritage Committee represents an exceptional documentation on numerous conservation issues. It is one of the most comprehensive monitoring systems of any international conventions.,,"Centre, UNESCO World Heritage (2025.0). UNESCO World Heritage Centre - State of Conservation (SOC 2024) Gebel Barkal and the Sites of the Napatan Region (Sudan). nan. https://whc.unesco.org/en/soc/4608/","[
  {
    ""resourceId"": ""a61a7292-9747-40a1-855c-44fb7c8b1f6c"",
    ""resourceXresourceId"": """",
    ""ontologyProperty"": """",
    ""inverseOntologyProperty"": """"
  }
]",,2025-07-18,,,2025-07-18
1e195519-cdc7-4bbb-a84e-ac3aa59bf087,INFO-00000650,3KPEXIBS,Report,Timbuktu - state of conservation report by the state party / rapport de l'etat partie sur l'état de conservation (2022),", UNESCO",,2022,,,,,,,,https://whc.unesco.org/document/192032,,,,", UNESCO (2022.0). Timbuktu - State of conservation report by the State Party / Rapport de l'Etat partie sur l'état de conservation (2022). nan. https://whc.unesco.org/document/192032","[
  {
    ""resourceId"": ""a61a7292-9747-40a1-855c-44fb7c8b1f6c"",
    ""resourceXresourceId"": """",
    ""ontologyProperty"": """",
    ""inverseOntologyProperty"": """"
  }
]",,2025-07-18,,,2025-07-18
58c74a39-a9c0-4897-84b1-58d854c89976,INFO-00000651,R2WHE9TN,Report,Timbuktu - state of conservation report by the state party / rapport de l'etat partie sur l'état de conservation (2024),", UNESCO",,2024,,,,,,,,https://whc.unesco.org/document/206711,,,,", UNESCO (2024.0). Timbuktu - State of conservation report by the State Party / Rapport de l'Etat partie sur l'état de conservation (2024). nan. https://whc.unesco.org/document/206711","[
  {
    ""resourceId"": ""a61a7292-9747-40a1-855c-44fb7c8b1f6c"",
    ""resourceXresourceId"": """",
    ""ontologyProperty"": """",
    ""inverseOntologyProperty"": """"
  }
]",,2025-07-18,,,2025-07-18
7ae36b2a-d93e-4012-bd28-3650bdd06397,INFO-00000652,K4AJBSCW,Report,Timbuktu - state of conservation report by the state party / rapport de l'etat partie sur l'état de conservation (2025),", UNESCO",,2025,,,,,,,,https://whc.unesco.org/document/219932,,,,", UNESCO (2025.0). Timbuktu - State of conservation report by the State Party / Rapport de l'Etat partie sur l'état de conservation (2025). nan. https://whc.unesco.org/document/219932","[
  {
    ""resourceId"": ""a61a7292-9747-40a1-855c-44fb7c8b1f6c"",
    ""resourceXresourceId"": """",
    ""ontologyProperty"": """",
    ""inverseOntologyProperty"": """"
  }
]",,2025-07-18,,,2025-07-18
4f2e7c4e-1bb9-4829-ae38-32ed7f8e8379,INFO-00000653,2TZY82D3,Journal article,What we don't see: uncovering intercommunal violence through remote sensing,"Naghizadeh, Mikael Hiberg",,2025,Political Geography,,10.1016/j.polgeo.2024.103259,,9626298,103259,116,https://linkinghub.elsevier.com/retrieve/pii/S0962629824002087,English,,,"Naghizadeh, Mikael Hiberg (2025.0). What we Don't see: Uncovering intercommunal violence through remote sensing. nan. https://doi.org/10.1016/j.polgeo.2024.103259","[
  {
    ""resourceId"": ""a61a7292-9747-40a1-855c-44fb7c8b1f6c"",
    ""resourceXresourceId"": """",
    ""ontologyProperty"": """",
    ""inverseOntologyProperty"": """"
  }
]",,2025-07-18,,,2025-07-18
a21b85a3-6b7b-44ff-a355-c157000caf29,INFO-00000654,D4RL9PZ2,Book,"Water resources of arid areas: proceedings of the international conference on water resources of arid and semi-arid regions of africa, gaborone, botswana, 3-6 august 2004","Stephenson, D.; Shemang, E. M.; Chaoka, T. R.",Taylor & Francis Group,2004,,,,978-0-415-35913-9 978-1-134-24224-5,,,,,English,"Intro -- Table of Contents -- Preface -- Keynote address -- Sustainable water management in arid and semi-arid environments -- Theme A: Problems in obtaining hydrological and geo-hydrological data -- Slug tests in fractured rock formations: value, pitfalls and misinterpretations -- Flow simulation model performance assessment using entropy approach -- Data collection experiences in water level monitoring, borehole archive and research projects in semi arid Botswana -- Rainfall characteristics in semi-arid Kitui district of Kenya -- Quantification of the impact of irrigation on the aquifer under the Vaalharts Irrigation Scheme -- Theme B: Groundwater recharge: natural and artificial -- Groundwater development-identification of artificial recharge areas in Alla, Eritrea -- Subterraneous injection of nutrient rich groundwater to the coastal waters -- A new method for the estimation of episodic recharge -- Prioritisation of the impacts of pollutants on groundwater flow systems in South Africa -- Understanding problems of low recharge and low yield in boreholes: an example from Ghana -- Spatial variation of groundwater recharge in a semi-arid environment-Serowe, Botswana -- Quantification of artificial ground water recharge -- The architecture and application of the South African Groundwater Decision Tool -- The development of a groundwater management tool for the Schoonspruit dolomitic compartment -- Effects of mining and urban expansion on groundwater quality in Francistown, Botswana -- In situ remediation potential for Southern African groundwater resources -- Coastal aquifers intrusion at semi-arid region of Turkey -- Evaluation of groundwater recharge rates in the Kizinga catchment in Dar es Salaam region -- Theme C: Socio-economic aspects -- KNUST experiences in capacity building in the water and sanitation sector",,"Stephenson, D.; Shemang, E. M.; Chaoka, T. R. (2004.0). Water Resources of Arid Areas: Proceedings of the International Conference on Water Resources of Arid and Semi-Arid Regions of Africa, Gaborone, Botswana, 3-6 August 2004. Taylor & Francis Group.","[
  {
    ""resourceId"": ""a61a7292-9747-40a1-855c-44fb7c8b1f6c"",
    ""resourceXresourceId"": """",
    ""ontologyProperty"": """",
    ""inverseOntologyProperty"": """"
  }
]",,2025-07-18,,,2025-07-18
9792aa48-dfc0-4319-8231-71056dce645d,INFO-00000655,UM5LQKQT,Journal article,"Use of remote sensing to Map gully erosion along the atbara river, sudan","Fadul, Hassan M.; Salih, Ahmed A.; Ali, Imad-eldin A.; Inanaga, Shinobu",,1999,International Journal of Applied Earth Observation and Geoinformation,003-004,10.1016/S0303-2434(99)85010-7,,15698432,175-180,1,https://linkinghub.elsevier.com/retrieve/pii/S0303243499850107,English,,https://www.elsevier.com/tdm/userlicense/1.0/,"Fadul, Hassan M.; Salih, Ahmed A.; Ali, Imad-eldin A.; Inanaga, Shinobu (1999.0). Use of remote sensing to Map gully erosion along the Atbara River, Sudan. nan. https://doi.org/10.1016/S0303-2434(99)85010-7","[
  {
    ""resourceId"": ""a61a7292-9747-40a1-855c-44fb7c8b1f6c"",
    ""resourceXresourceId"": """",
    ""ontologyProperty"": """",
    ""inverseOntologyProperty"": """"
  }
]",,2025-07-18,,,2025-07-18
26d3038a-1d20-4c86-9f9c-74b2ad5703e6,INFO-00000656,UYS83G4W,Journal article,World heritage in danger: big data and remote sensing can help protect sites in conflict zones,"Levin, Noam; Ali, Saleem; Crandall, David; Kark, Salit",,2019,Global Environmental Change,,10.1016/j.gloenvcha.2019.02.001,,9593780,97-104,55,https://linkinghub.elsevier.com/retrieve/pii/S0959378018310252,English,,,"Levin, Noam; Ali, Saleem; Crandall, David; Kark, Salit (2019.0). World Heritage in danger: Big data and remote sensing can help protect sites in conflict zones. nan. https://doi.org/10.1016/j.gloenvcha.2019.02.001","[
  {
    ""resourceId"": ""a61a7292-9747-40a1-855c-44fb7c8b1f6c"",
    ""resourceXresourceId"": """",
    ""ontologyProperty"": """",
    ""inverseOntologyProperty"": """"
  }
]",,2025-07-18,,,2025-07-18
3ebe3ea3-8c0b-46c2-8832-0c9217519245,INFO-00000657,XLS4Z6YK,Book section,The shell midden sites of senegambia,"Dème, Alioune; Sall, Moustapha",Oxford University Press,2021,Oxford Research Encyclopedia of Anthropology,,10.1093/acrefore/9780190854584.013.505,978-0-19-085458-4,,,,https://oxfordre.com/anthropology/view/10.1093/acrefore/9780190854584.001.0001/acrefore-9780190854584-e-505,English,"There are hundreds of shell midden sites along the Senegambian coastline. The shell middens were first formed during an eustatic event known as the Nouakchottien marine transgression (6,800–4,000               bp               ). During that marine transgression, the sea shoreline was pushed back hundreds of miles in the interior. This engendered the flourishing of malacological fauna and several fish species. As a result of this, several natural shell midden were formed. From the Late Stone Age to the 2nd millennium               ce               , populations exploited the aquatic fauna, which resulted in the formation of anthropogenic shell middens. The littoral where these shell middens are found is divided into three archaeological culture areas. Archaeological excavations at some of those sites, such as Khant and Dioron Boumak, have shed light on the nature of the material culture, subsistence activities, and the cultural history in these areas. Research at Soukouta has added new data on iron technology to understanding of the shell middens culture. These findings have also called into question the division of Senegambian prehistory into four distinct cultural areas known as               aires culturelles               .",,"Dème, Alioune; Sall, Moustapha (2021.0). The Shell Midden Sites of Senegambia. Oxford University Press. https://doi.org/10.1093/acrefore/9780190854584.013.505","[
  {
    ""resourceId"": ""a61a7292-9747-40a1-855c-44fb7c8b1f6c"",
    ""resourceXresourceId"": """",
    ""ontologyProperty"": """",
    ""inverseOntologyProperty"": """"
  }
]",,2025-07-18,,,2025-07-18
1367ecea-5e37-4597-9491-b6adb6f6b17b,INFO-00000658,PEE4KAYI,Journal article,"Unravelling biodiversity, evolution and threats to conservation in the sahara-sahel: biodiversity patterns in the sahara-sahel","Brito, José C.; Godinho, Raquel; Martínez-Freiría, Fernando; Pleguezuelos, Juan M.; Rebelo, Hugo; Santos, Xavier; Vale, Cândida G.; Velo-Antón, Guillermo; Boratyński, Zbyszek; Carvalho, Sílvia B.; Ferreira, Sónia; Gonçalves, Duarte V.; Silva, Teresa L.; Tarroso, Pedro; Campos, João C.; Leite, João V.; Nogueira, Joana; Álvares, Francisco; Sillero, Neftalí; Sow, Andack S.; Fahd, Soumia; Crochet, Pierre-André; Carranza, Salvador",,2014,Biological Reviews,1,10.1111/brv.12049,,14647931,215-231,89,https://onlinelibrary.wiley.com/doi/10.1111/brv.12049,English,,,"Brito, José C.; Godinho, Raquel; Martínez-Freiría, Fernando; Pleguezuelos, Juan M.; Rebelo, Hugo; Santos, Xavier; Vale, Cândida G.; Velo-Antón, Guillermo; Boratyński, Zbyszek; Carvalho, Sílvia B.; Ferreira, Sónia; Gonçalves, Duarte V.; Silva, Teresa L.; Tarroso, Pedro; Campos, João C.; Leite, João V.; Nogueira, Joana; Álvares, Francisco; Sillero, Neftalí; Sow, Andack S.; Fahd, Soumia; Crochet, Pierre-André; Carranza, Salvador (2014.0). Unravelling biodiversity, evolution and threats to conservation in the Sahara-Sahel: Biodiversity patterns in the Sahara-Sahel. nan. https://doi.org/10.1111/brv.12049","[
  {
    ""resourceId"": ""a61a7292-9747-40a1-855c-44fb7c8b1f6c"",
    ""resourceXresourceId"": """",
    ""ontologyProperty"": """",
    ""inverseOntologyProperty"": """"
  }
]",,2025-07-18,,,2025-07-18
